id,chapter_id,origin,label,kind,proposition,objection,evidence,response,revision,resolution,remaining_uncertainty,claim_ids,evidence_source_ids,applied_to
FP-CH01-X01,FP-CH01,research-map,COUNTER-1,counter,Some sectors and demographics have stable or improving conditions,Trend data shows uneven distribution. Educational attainment in many demographics has risen. Life expectancy continued to climb in some cohorts (though dropped recently in others). Crime rates in many U.S. cities are below mid-20th-century peaks.,,"mild. The chapter already acknowledges that ""the burden operates differently across class, race, geography, gender, and the cultural inheritance."" Existing acknowledgment is sufficient.",,open,No response recorded in the Research Map.,FP-CH01-C001,,
FP-CH01-X02,FP-CH01,research-map,COUNTER-2,counter,"Trust decline is partly partisan-media polarization, not pure institutional failure","Pew (2024): ""These changes in opinion have a partisan cast, with supporters of one major political party shifting their views even as the other keeps faith."" Trust decline isn't purely a measure of institutional performance; it's also a measure of media-driven narrative consumption.","Pew (2024): ""These changes in opinion have a partisan cast, with supporters of one major political party shifting their views even as the other keeps faith."" Trust decline isn't purely a measure of institutional performance; it's also a measure of media-driven narrative consumption.","moderate, worth a single-sentence engagement. The chapter currently says trust decline ""is reading the gap accurately."" That's true for some institutions and some periods, overstated where the perception has been shaped by motivated reasoning more than direct experience.",one sentence acknowledging that some of the decline reflects motivated reasoning while the structural gap is also real. Strengthens against partisan-skeptic readers.,revision-suggested,The Research Map suggests a revision that has not been confirmed in the draft.,FP-CH01-C001,FP-S0023,
FP-CH01-X03,FP-CH01,research-map,COUNTER-3,counter,"AI labor displacement may produce net job creation, not net loss",WEF (2025) projects 170M new jobs by 2030 vs 92M displaced. Net +78M globally.,,mild. The chapter doesn't claim net unemployment — it claims reorganization on a timeline institutions haven't prepared for. Fully consistent with net positive job creation accompanied by massive sectoral churn.,"add a clarifying clause (""not necessarily net loss, but net dislocation"") to inoculate against the optimist reading.",revision-suggested,The Research Map suggests a revision that has not been confirmed in the draft.,FP-CH01-C001,,
FP-CH01-X04,FP-CH01,research-map,EDGE-1,edge,"The pre-1980 ""good arrangement"" was always partial","The pension-and-stability story is more accurate for white middle-class men than for women, people of color, agricultural workers, or anyone outside the unionized industrial core.",,"moderate. Worth a careful adjustment. The chapter would land harder if it acknowledged the ""good arrangement"" was always partial. The breakdown isn't from a universal golden age — it's the breakdown of a structure that protected SOME while excluding others, and now extracts from EVERYONE except a thin sliver.","one sentence in ""The Inheritance"" acknowledging the arrangement never extended to everyone, but its erosion now reaches the cohorts who once benefited.",revision-suggested,The Research Map suggests a revision that has not been confirmed in the draft.,FP-CH01-C001,,
FP-CH01-X05,FP-CH01,research-map,EDGE-2,edge,"Putnam's ""Bowling Alone"" thesis has been challenged","Some sociologists argue Putnam's social-capital measures are biased toward older organizational forms and don't capture newer modes of civic engagement (online communities, informal mutual aid, identity-based associations).",,mild. The chapter doesn't lean on Putnam's specific organizational forms; it speaks about the broader fraying. Putnam himself acknowledged that social media hasn't replaced in-person civic life.,none required. ---,revision-suggested,The Research Map suggests a revision that has not been confirmed in the draft.,FP-CH01-C001,,
FP-CH01-X06,FP-CH01,contrarian-review,Q1,review-flag,What could a smart critic say?,"Two real attacks. First: this is the ""everything is broken"" systems-failure essay, a genre the reader has met many times, and the litany of work/healthcare/school/finance/media risks reading as familiar doom. The chapter earns its difference in two places a critic has to reach the end to find: the inequality-of-exposure close (""the same breakdown moves through every life, but it does not cost every life the same"") and the zoom from nation to one body that refuses the doom-essay's usual helplessness. Consider signaling earlier (in §1 or §3) that the diagnosis ends in agency, so a skimmer in the systems walk knows the chapter is going somewhere. Second attack: a reader primed for politics will hear tilt in §4. See item 8.",,,,watch,A risk to watch; no decision required yet.,FP-CH01-C001,,"Draft 1.2 (citation pass + counter-evidence integration, 2026-06-24)"
FP-CH01-X07,FP-CH01,contrarian-review,Q8,review-flag,Avoids false equivalence?,"The §4 passages on lobbied interests outworking unpaid citizens, and on falling institutional trust being ""not irrational,"" are structural observations a hostile reader may hear as coded politics. They are defensible as nonpartisan, and the chapter names no parties. Stephen should read §4 once specifically for whether the institutional-distrust language reads as observation or as a side.",,,,needs-stephen,Flagged for Stephen's decision.,FP-CH01-C001,,"Draft 1.2 (citation pass + counter-evidence integration, 2026-06-24)"
FP-CH01-X08,FP-CH01,contrarian-review,Q9,review-flag,Enough lived experience?,"The §1 gallery (the divorced woman, the man in prison, the nurse, the parent) is composite/type, not specific people. Per §22 these need Stephen's confirmation, paraphrase, or replacement with real lived material. No clinical ""I"" appears, which is correct for a wide-angle opening chapter; CH02 carries the close interior voice.",,,,needs-stephen,Flagged for Stephen's decision.,FP-CH01-C001,,"Draft 1.2 (citation pass + counter-evidence integration, 2026-06-24)"
FP-CH01-X09,FP-CH01,contrarian-review,Q10,review-flag,Needs research support?,"Resolved by the 2026-06-24 citation pass. Seven claim threads are now sourced with inline footnotes: pension collapse and 401(k) burden-shift (NIRS, Federal Reserve), clinician burnout (Shanafelt/Mayo Clinic, Commonwealth Fund), teacher attrition (RAND, NCTQ, Ingersoll), attention-economy harms (Hari's Stolen Focus, Christensen et al.), AI labor reorganization (McKinsey, IMF, WEF), institutional trust decline (Gallup, Pew), and social-fabric fraying (Putnam). See CH01 - Research Map for full citations. ⚠️ One thread stays thin: ""the harm concentrates where the margin is thinnest"" still leans on general inequality literature rather than a named case study (Research Map's Open Research Question 5). Voter-participation-vs-local-turnout claim in §4 also lacks a direct citation and should get one before final.",,,,watch,A risk to watch; no decision required yet.,FP-CH01-C001 | FP-CH01-C003 | FP-CH01-C004 | FP-CH01-C006 | FP-CH01-C007 | FP-CH01-C008 | FP-CH01-C009 | FP-CH01-C010 | FP-CH01-C011 | FP-CH01-C012 | FP-CH01-C013 | FP-CH01-C014 | FP-CH01-C015 | FP-CH01-C016,,"Draft 1.2 (citation pass + counter-evidence integration, 2026-06-24)"
FP-CH01-X10,FP-CH01,contrarian-review,Q14,review-flag,Overcenters the individual?,"The §5 zoom to the single life is the chapter's hand-off and emotional payoff, and it is also the exact spot a critic accuses the book of bait-and-switch: diagnose the structures, then prescribe self-work. The chapter guards this directly (""real at the scale of nations... none of it fixable at that scale by a single reader on a single Tuesday""). The guard works on a careful read. Confirm the pivot reads as honest scoping, not as quietly letting structures off the hook.",,,,watch,A risk to watch; no decision required yet.,FP-CH01-C001,,"Draft 1.2 (citation pass + counter-evidence integration, 2026-06-24)"
FP-CH02-X01,FP-CH02,research-map,COUNTER-1,counter,Ego depletion / willpower-as-fuel framing has failed to replicate,"Roy Baumeister's 1998 ego depletion finding (willpower as finite resource depleted by use) was widely cited then failed to replicate at scale in the 2010s replication crisis. More recent framing (Inzlicht, Job). What looked like depletion may be a motivational shift — people perform less well on a second task because their motivation has shifted, not because a fuel tank has emptied.","Roy Baumeister's 1998 ego depletion finding (willpower as finite resource depleted by use) was widely cited then failed to replicate at scale in the 2010s replication crisis. | More recent framing (Inzlicht, Job). What looked like depletion may be a motivational shift — people perform less well on a second task because their motivation has shifted, not because a fuel tank has emptied.","mild but worth a one-sentence acknowledgment. The chapter's ""capacity is the physical, emotional, cognitive, relational, and material fuel available"" framing could be read as endorsing ego depletion. The cleaner read is that capacity is real but it's about regulation and motivation, not a literal fuel tank.","none required if Stephen wants to keep the simpler framing for accessibility. If he wants to inoculate against the replication-crisis-aware reader, one sentence noting that ""fuel"" is a useful metaphor more than a literal physiological measure would help.",revision-suggested,The Research Map suggests a revision that has not been confirmed in the draft.,FP-CH02-C001,FP-S0029 | FP-S0030,
FP-CH02-X02,FP-CH02,research-map,EDGE-1,edge,The polyvagal theory has academic critics,"Some neuroscientists have argued aspects of polyvagal theory are oversimplified or empirically unproven (e.g., Grossman, Taylor 2007).",,mild. The chapter uses the framework's CLINICAL ARCHITECTURE (fight/flight/freeze/fawn) which is well-established across trauma and somatic literatures regardless of the specific polyvagal mechanism claims. No adjustment required.,,no-change-needed,,FP-CH02-C001,,
FP-CH02-X03,FP-CH02,contrarian-review,Q1,review-flag,What could a smart critic say?,"Two real attacks. First, agency-talk has a long history of being weaponized by self-help and bootstrap rhetoric, and the five-component breakdown (Awareness, Capacity, Choice, Responsibility, Action), each introduced as a one-word header, risks reading like a listicle from that tradition to a skimming or hostile reader. Second, ""Why Agency Is the Center of this Book"" makes a strong totalizing claim (""Agency is the load-bearing center because every other valuable category depends on it"") that a critic could push back on as overclaiming for one concept over meaning, purpose, healing, justice, faith, and community. The chapter's defense is that it argues the dependency, not just asserts it, one clause per category.",,,,watch,A risk to watch; no decision required yet.,FP-CH02-C001,,Draft 1.1 — Citation pass 2026-06-24
FP-CH02-X04,FP-CH02,contrarian-review,Q5,review-flag,Contribution confused with self-erasure?,"Contribution gets one sentence in the five-stage preview: ""Protected agency extends into family, community, work, civic life, and legacy."" It is not framed as obligation or self-erasure, but it is thin. That's likely correct for a chapter whose job is only to preview the arc, not develop contribution, but it's worth flagging since this is the canonical voice chapter and later chapters will need to expand it without contradicting this one-sentence frame.",,,,watch,A risk to watch; no decision required yet.,FP-CH02-C001 | FP-CH02-C007,,Draft 1.1 — Citation pass 2026-06-24
FP-CH02-X05,FP-CH02,contrarian-review,Q9,review-flag,Enough lived experience?,"The chapter's only narrative anchor is the nurse composite carried over from CH01's ""Who This Book Sees"" gallery, deepened here into a full opening scene. This is not a new invented figure, but it is being reused and extended, so whatever Stephen decides for the CH01 composite (confirm, paraphrase, replace) needs to stay consistent here too, per §22 of the Agent Build Instructions. Notably, the chapter carries no clinical first-person ""I"" voice, despite CH01's own Overview file anticipating that ""CH02 carries the close interior voice."" The actual draft stays in third person throughout (""she,"" ""a person""). Stephen should confirm whether that's the intended final register or whether a more intimate first-person mode was expected here.",,,,needs-stephen,Flagged for Stephen's decision.,FP-CH02-C001 | FP-CH02-C002 | FP-CH02-C004 | FP-CH02-C005 | FP-CH02-C008,,Draft 1.1 — Citation pass 2026-06-24
FP-CH02-X06,FP-CH02,contrarian-review,Q10,review-flag,Needs research support?,"Resolved by the 2026-06-24 citation pass. Two claim threads are sourced with inline footnotes: the fight/flight/freeze/fawn threat hierarchy (Porges, The Polyvagal Theory, 2011) and the reactive-choosing / attention-extraction analysis (Zuboff, The Age of Surveillance Capitalism, 2019, plus Harris/Center for Humane Technology). ⚠️ One item stays open by design: the Research Map's COUNTER-1 notes that ego-depletion / willpower-as-fuel research has failed to replicate at scale, which is mild but relevant since the ""Capacity"" section leans on literal fuel-tank language (""physical, emotional, cognitive, relational, and material fuel available right now""). The Research Map says no adjustment is required if Stephen wants the simpler framing, but a one-sentence inoculation is available if he wants to preempt a replication-crisis-aware reader.",,,,watch,A risk to watch; no decision required yet.,FP-CH02-C001 | FP-CH02-C002 | FP-CH02-C003 | FP-CH02-C004 | FP-CH02-C005 | FP-CH02-C006 | FP-CH02-C008,,Draft 1.1 — Citation pass 2026-06-24
FP-CH02-X07,FP-CH02,contrarian-review,Q12,review-flag,Sounds human?,"Mostly strong and this is, by its own frontmatter, the canonical voice reference, so anything flagged here is a standard-setting decision, not just a local fix. Three items are explicitly unresolved in the chapter's own frontmatter open_questions: ""the work of shaping a future stop feeling like work"" (subject-verb agreement, ""stop"" vs ""stops""), ""Each hold something of deep value"" (possibly a typo for ""holds,"" or possibly deliberate avoidance of the banned word ""holds"" landing awkwardly instead), and ""It only initiates builds"" (unclear intended meaning). Additionally worth Stephen's ear: ""The collapse is not weakness, though. Survival has intelligence, and it has wisdom."" and ""The condition is also not a phase."" both use negation-forward construction close to the banned ""Not X. Y."" pattern, though neither completes the classic ""X isn't Y, it's Z."" shape. The ""but, no,"" beats (""She decided which patient to see next, but, no, the schedule decided that."") are consistent with Stephen's established rhythm from CH01 and should not be flagged as a violation.",,,,watch,A risk to watch; no decision required yet.,FP-CH02-C001,,Draft 1.1 — Citation pass 2026-06-24
FP-CH02-X08,FP-CH02,contrarian-review,Q14,review-flag,Overcenters the individual?,"Real risk to watch. The chapter's actual working material, the five components, lives entirely inside the person (awareness, capacity, choice, responsibility, action), even though the causes it names are structural (billing systems, algorithms, notification economy, institutional decline). ""What's Actually Being Lost"" does scale outward to family, community, and civic life, which mitigates the risk, but it stays diagnostic rather than prescriptive there. The chapter defers any ""what to do about it"" to the chapters that follow, which is probably correct sequencing, but a critic could still read the five-component framework as quietly locating the fix inside the individual while the causes stay outside.",,,,watch,A risk to watch; no decision required yet.,FP-CH02-C001,,Draft 1.1 — Citation pass 2026-06-24
FP-CH03-X01,FP-CH03,research-map,COUNTER-1,counter,Not all certainty is capture,"Many traditions cultivate disciplined certainty (scientific consensus, mathematical proof, lived faith) and these aren't pathological narrowings.",,"handled already in ""Explaining Is Not Excusing."" The chapter distinguishes mechanism (shared) from content (not equal). No new text needed.",,open,No response recorded in the Research Map.,FP-CH03-C001,,
FP-CH03-X02,FP-CH03,research-map,COUNTER-2,counter,Some scholarship questions whether affective polarization measures capture genuine animus or are inflated by survey-instrument framing (Druckman et al.),Some scholarship questions whether affective polarization measures capture genuine animus or are inflated by survey-instrument framing (Druckman et al.),,"mild. Chapter's claim is about felt experience, consistent with even conservative readings. No adjustment.",,no-change-needed,,FP-CH03-C001,,
FP-CH03-X03,FP-CH03,research-map,EDGE-1,edge,"""Five doors"" is the author's framework, not a peer-reviewed taxonomy","""Five doors"" is the author's framework, not a peer-reviewed taxonomy",,"none. Teaching device, acceptable in a trade book.",,open,No response recorded in the Research Map.,FP-CH03-C001,,
FP-CH03-X04,FP-CH03,contrarian-review,Q1,review-flag,What could a smart critic say?,"Two real attacks survive the citation pass. First, the clinical critic: ""certainty is a painkiller"" and ""a nervous system runs on a limited budget"" are load-bearing metaphors, and the underlying science of motivated reasoning, threat response, and uncertainty intolerance is messier than the clean image suggests. A neuroscientist could call it pop-neuroscience even with Porges and McEwen cross-referenced behind it. The chapter never claims clinical precision, but Stephen should decide how much to hedge (""the body behaves as if"" rather than ""the body does""). Second, a political reader from either direction will still hunt for tilt despite the explicit bipartisan framing of all five doors (""This happens on the right and it happens on the left""). The chapter pre-empts this directly in the political-certainty and identity-certainty doors. Risk stays medium on the metaphor, low on the politics.",,,,watch,A risk to watch; no decision required yet.,FP-CH03-C001 | FP-CH03-C005,,Draft 1.1 — Citation pass 2026-06-24
FP-CH03-X05,FP-CH03,contrarian-review,Q8,review-flag,Avoids false equivalence?,"with one flag. The chapter explicitly refuses equivalence: ""That shared mechanism does not make their two destinations morally equal."" 🚩 The illustration used to carry that point (a person reaching for a clean story about their own hardship versus a person reaching for a clean story about ""which group of human beings is to blame for it"") is deliberately unnamed but reads close to a racial framing. It is doing necessary work, and Stephen should decide whether this is the pairing he wants published or whether a less flammable example makes the same point without becoming the sentence readers screenshot out of context.",,,,needs-stephen,Flagged for Stephen's decision.,FP-CH03-C001,,Draft 1.1 — Citation pass 2026-06-24
FP-CH03-X06,FP-CH03,contrarian-review,Q9,review-flag,Enough lived experience?,"The chapter's composite gallery (the friend approaching burnout, the cousin who came back politically certain, the colleague whose wellness protocol hardened into conspiracy, the brother who got church-strict, the neighbor changed by one documentary) is composite/type, not specific people, per §22 of the Agent Build Instructions. None require replacement to publish safely since they are addressed generically (""you have probably watched this""), but Stephen must confirm, paraphrase, or replace each with actual lived material before publication. There is no clinical ""I"" in this chapter; the closing section speaks to ""you"" throughout but does not use Stephen's own voice as a case. See CH03 - Story Notes.",,,,needs-stephen,Flagged for Stephen's decision.,FP-CH03-C001,,Draft 1.1 — Citation pass 2026-06-24
FP-CH03-X07,FP-CH03,contrarian-review,Q10,review-flag,Needs research support?,"Resolved by the 2026-06-24 citation pass. Three claim threads are sourced with inline footnotes: affective polarization (Iyengar, Lelkes, Levendusky, Malhotra, Westwood; Mason), the optimization/achievement-society door (Han, Odell), and conspiratorial belief under perceived threat and loss of control (van Prooijen). The nervous-system-narrowing claim is handled as a cross-reference to Porges and McEwen already cited elsewhere in the manuscript rather than a fresh citation. See CH03 - Research Map. ⚠️ Nothing is flagged as thin in the Research Map beyond the acknowledged teaching-device status of the five-doors frame itself (EDGE-1), which is appropriate for a trade book and needs no further sourcing.",,,,watch,A risk to watch; no decision required yet.,FP-CH03-C001 | FP-CH03-C002 | FP-CH03-C003 | FP-CH03-C005 | FP-CH03-C006 | FP-CH03-C007 | FP-CH03-C008,,Draft 1.1 — Citation pass 2026-06-24
FP-CH04-X01,FP-CH04,research-map,COUNTER-1,counter,Not all transactions are extractive,"Chapter pre-empts this with ""A Trade Is Not a Theft."" Existing handling is sufficient.",,,,open,No response recorded in the Research Map.,FP-CH04-C001,,
FP-CH04-X02,FP-CH04,research-map,COUNTER-2,counter,"""No villain required"" might undersell specific corporate actors","Chapter explicitly carves the structural-vs-personal distinction. ""Hold the line, though, between explaining and excusing"" turn covers it.",,,,open,No response recorded in the Research Map.,FP-CH04-C001,,
FP-CH04-X03,FP-CH04,research-map,EDGE-1,edge,"The ""seven capitals / seven withdrawals"" framework is the author's organizing schema",Not a peer-reviewed taxonomy. The empirical claims under each bucket ARE peer-reviewed. Bucketing is a teaching device.,,,,open,No response recorded in the Research Map.,FP-CH04-C001,,
FP-CH04-X04,FP-CH04,contrarian-review,Q1,review-flag,What could a smart critic say?,"Three real angles. First, the reader in genuine material hardship could hear ""you are not poor in a single currency, you are wealthy in seven"" as a reframe that minimizes actual financial poverty. The chapter guards this by putting ""the money"" first in the inventory and never denying that financial scarcity is real; Stephen should still read the opening reframe against the hardest case, a reader who is actually broke, and confirm it dignifies rather than papers over the hardship. Second, a market-oriented critic could hear ""extraction"" as anti-capitalism. ""A Trade Is Not a Theft"" pre-empts this directly by keeping honest exchange intact and giving a three-part test rather than a slogan. Third, a conspiracy-prone reader could over-read the seven withdrawals into a coordinated plot; ""No Villain Required"" guards this explicitly and continues CH03's anti-conspiracy thread.",,,,watch,A risk to watch; no decision required yet.,FP-CH04-C001,,Draft 1.1 — Citation pass 2026-06-24
FP-CH04-X05,FP-CH04,contrarian-review,Q5,review-flag,Contribution confused with self-erasure?,"Touched briefly in ""the people,"" where the chapter names ""love and loyalty themselves become the lever, where a person is kept giving past all reason by the fear of being called selfish."" This is a real seed for later contribution-without-self-erasure material but it is a single sentence here; it holds as written but does no more than gesture at the theme.",,,,watch,A risk to watch; no decision required yet.,FP-CH04-C001,,Draft 1.1 — Citation pass 2026-06-24
FP-CH04-X06,FP-CH04,contrarian-review,Q9,review-flag,Enough lived experience?,"No composite figures appear in this chapter, unlike CH01's ""Who This Book Sees"" gallery. The chapter carries one first-person clinical line in ""the body"": ""This is the withdrawal I watch arrive in the clinic, and it is the cruelest, because it gets billed twice."" This is Stephen's clinical ""I,"" not an invented composite, but per §22 of the Agent Build Instructions it still needs his confirmation that the line reflects real practice observation before publication. No other section uses personal or composite material.",,,,watch,A risk to watch; no decision required yet.,FP-CH04-C001,,Draft 1.1 — Citation pass 2026-06-24
FP-CH04-X07,FP-CH04,contrarian-review,Q10,review-flag,Needs research support?,"Resolved by the 2026-06-24 citation pass. Six source buckets are footnoted: CFPB on overdraft/junk fees and surprise billing, Herd & Moynihan on administrative burden, Zuboff on attention extraction (cross-referenced to Hari in CH01), McEwen on allostatic load (cross-referenced to Shanafelt in CH01), the Surgeon General's Murthy advisory on loneliness, and Ben-Shahar & Schneider on mandated-disclosure failure. See CH04 - Research Map. ⚠️ Still thin: the seventh withdrawal, ""the self,"" reuses the Zuboff citation rather than adding a dedicated source on data brokerage specifically, and the seven-withdrawal frame itself is flagged in the Research Map as EDGE-1, an organizing device rather than a peer-reviewed taxonomy (the claims inside each bucket are peer-reviewed, the bucketing is not).",,,,watch,A risk to watch; no decision required yet.,FP-CH04-C001 | FP-CH04-C003 | FP-CH04-C004 | FP-CH04-C005 | FP-CH04-C006 | FP-CH04-C007 | FP-CH04-C008 | FP-CH04-C009 | FP-CH04-C010 | FP-CH04-C011 | FP-CH04-C012 | FP-CH04-C013 | FP-CH04-C014 | FP-CH04-C015,,Draft 1.1 — Citation pass 2026-06-24
FP-CH04-X08,FP-CH04,contrarian-review,Q11,review-flag,Serves the model?,"This is the chapter's biggest strength and its one unresolved structural risk. The seven withdrawals are built to mirror CH24's seven capitals one-to-one, and this is confirmed against CH24 - Capital Beyond Money: CH24 names its seventh form ""reputational capital,"" defined as ""what other people believe about the person's reliability, integrity, competence, and character."" CH04 names its seventh withdrawal ""the self,"" defined as the data profile, the surveillance record, and the identity ""sold, scored, and aimed back at you as persuasion."" These are related but not identical concepts, reputation is what others believe about you, the self-withdrawal is what a data profile encodes about you without your knowledge. Stephen needs to decide whether the seventh form is reputational capital, identity/data capital, or two distinct forms, and then make CH04 and CH24 name it the same way, or the mirror breaks at the seventh panel exactly where the architecture depends on it holding.",,,,needs-stephen,Flagged for Stephen's decision.,FP-CH04-C001 | FP-CH04-C008,,Draft 1.1 — Citation pass 2026-06-24
FP-CH05-X01,FP-CH05,research-map,COUNTER-1,counter,Individual interventions sometimes DO produce structural change,"Some people who optimize their personal lives successfully exit the systems extracting from them (e.g., the entrepreneur who builds a business that buys back their time). The chapter risks understating this path.",,"mild. The chapter's claim is that EFFORT ON THE WRONG LAYER fails, not that individual effort never works. The ""effort that builds"" vs ""effort that feeds"" distinction handles this.",none.,revision-suggested,The Research Map suggests a revision that has not been confirmed in the draft.,FP-CH05-C001,,
FP-CH05-X02,FP-CH05,research-map,COUNTER-2,counter,"Some ""wellness industry"" critique is overstated","Many wellness interventions (meditation, exercise, sleep hygiene) do produce real positive outcomes when applied correctly.",,"handled already. Stephen's ""I would never write a sentence that told you effort does not matter"" guard explicitly carves this. No adjustment needed.",,no-change-needed,,FP-CH05-C001,,
FP-CH05-X03,FP-CH05,research-map,EDGE-1,edge,Social determinants research has its own scholarly debates,The exact ratio of individual-vs-structural contribution to health outcomes is contested. Marmot's framing represents one influential view.,,none. Chapter doesn't cite a specific ratio.,,open,No response recorded in the Research Map.,FP-CH05-C001 | FP-CH05-C006,,
FP-CH05-X04,FP-CH05,contrarian-review,Q1,review-flag,What could a smart critic say?,"A chapter called ""why effort cannot save us"" invites two real attacks. First, that it reads as a permission slip to stop trying, which the chapter anticipates directly with the ""I want to be careful here"" guard and the first-person clinician paragraph. Second, and less well guarded, that ""the system is counting on"" the reader's instinct to try harder reads as a plot with an intending actor, which risks undercutting CH04's ""no-villain-required"" frame the rebuild note says it was built to protect. The line survives on a careful read (conditions producing an outcome, not a schemer producing it), but a skimmer may hear intent where none is claimed.",,,,watch,A risk to watch; no decision required yet.,FP-CH05-C001,,Draft 1.1 — Citation pass 2026-06-24
FP-CH05-X05,FP-CH05,contrarian-review,Q9,review-flag,Enough lived experience?,"Three items need Stephen's direct attention per §22 of the Agent Build Instructions. The opening sketches (the colleague with the immaculate calendar, the friend with the cold plunge and supplement stack) are light composite types and lowest-stakes. The asthma-patient vignette in ""The Inhaler and the Freeway"" is a composite clinical case and needs confirmation, paraphrase, or replacement like any clinical example. The first-person paragraph in ""Effort Was Never the Problem"" (""I am a clinician... the son of educators and the descendant of people who were not permitted to be tired... a Black man working inside American institutions"") is not a composite at all. It's a direct biographical claim in Stephen's own voice, and it needs his confirmation that it reads accurately as written, separate from any sourcing question. No new personal material has been invented for this chapter; all three items are exactly what's already in the draft.",,,,needs-stephen,Flagged for Stephen's decision.,FP-CH05-C001,,Draft 1.1 — Citation pass 2026-06-24
FP-CH05-X06,FP-CH05,contrarian-review,Q10,review-flag,Needs research support?,"with one ⚠️ Resolved by the 2026-06-24 citation pass for its own claims. Three threads carry inline footnotes specific to this chapter: optimization culture as harvest mechanism (Han; Cederström and Spicer), social determinants of health as the structural layer (Marmot; WHO Commission), and the wellness/productivity market's stake in its own protocols failing (Petersen; Cederström and Spicer). ⚠️ Two supporting claims lean on other chapters rather than independent CH05 sourcing: ""burnout is structural"" cites Maslach at CH06, and the ego-depletion replication-crisis point cites Baumeister at CH02. The Research Map treats this as by-design cross-referencing, not a gap, but it's worth Stephen confirming that's acceptable rather than assumed.",,,,watch,A risk to watch; no decision required yet.,FP-CH05-C001 | FP-CH05-C002 | FP-CH05-C003 | FP-CH05-C004 | FP-CH05-C005 | FP-CH05-C006 | FP-CH05-C007 | FP-CH05-C008,,Draft 1.1 — Citation pass 2026-06-24
FP-CH05-X07,FP-CH05,contrarian-review,Q12,review-flag,Sounds human?,"Four instances of the ""X is not Y. It is Z."" contrast construction survived the citation pass, which is the exact banned pattern flagged in Voice Memory: - ""Discipline, aimed at the self inside an extractive system, is not a defense against the harvest. It is the most efficient possible delivery system for it."" (§1) - ""Effort is not the problem. Misdirected effort is the problem."" (§2) - ""The distinction is not about how hard you work. It is about whether the work changes your conditions or just your output inside conditions that stay the same."" (§4) - ""These are not abstractions. They are the principles that decide whether the structure you build will hold weight or collapse the first time real conditions test it."" (§5) Also one placeholder subject: ""Nobody praises you for the subscription you cancelled or the commitment you declined."" (§4). And one borderline banned-metaphor usage: ""hold weight"" in the §5 line above sits close to the banned ""hold/holding"" pattern, though it's used in its literal structural-engineering sense (a thing built to bear load) rather than the banned emotional-metaphor sense. Stephen's ear should make the final call on whether it needs replacing. No em dashes found.",,,,needs-stephen,Flagged for Stephen's decision.,FP-CH05-C001 | FP-CH05-C005,,Draft 1.1 — Citation pass 2026-06-24
FP-CH05-X08,FP-CH05,contrarian-review,Q14,review-flag,Overcenters the individual?,"The sharpest question for this specific chapter. CH05 argues against personal-layer effort and for structural-layer effort, but every example of ""effort that builds a defense"" (reading the contract, ending the arrangement, moving the money, leaving the platform, documenting the pattern, saying the no) is still one person acting alone. The chapter moves the reader from self-optimization to boundary-setting, which is real progress, but it stops short of naming collective or civic action (organizing, voting, policy change) as part of the structural-layer toolkit. That may be intentional scoping for a Part I chapter, with collective action reserved for later in the book, but it's worth Stephen confirming that's the plan rather than an oversight.",,,,watch,A risk to watch; no decision required yet.,FP-CH05-C001,,Draft 1.1 — Citation pass 2026-06-24
FP-CH05-X09,FP-CH05,contrarian-review,Q15,review-flag,Scales to family / community / institution / society?,"Thinner than CH01's explicit scaling walk. The chapter names structural failures at the institutional and market level (the landlord, the bank, the wellness industry, the feed's engineers) but its ""effort that builds"" examples stay entirely at the individual/household layer. There's no explicit family, community, or institutional scale for the reader's response, only the diagnosis.",,,,watch,A risk to watch; no decision required yet.,FP-CH05-C001 | FP-CH05-C006,,Draft 1.1 — Citation pass 2026-06-24
FP-CH06-X01,FP-CH06,research-map,COUNTER-1,counter,Allostatic load construct validity has been challenged,"Allostatic Load Measurement: A Systematic Review of Reviews — NCBI 2022. ""The allostatic load construct lacks construct validity as its measurement varies widely across studies."" Different studies select different biomarkers and scoring methods. Towards a consensus definition of allostatic load — multi-cohort meta-analysis. Acknowledges definitional inconsistency and proposes a standardized five-biomarker panel. Allostatic Load as a Complex Clinical Construct — flags that the construct is ""comprised of a complex causal network of bioallostatic systems"" too dense for conventional statistical modeling.","Allostatic Load Measurement: A Systematic Review of Reviews — NCBI 2022. ""The allostatic load construct lacks construct validity as its measurement varies widely across studies."" Different studies select different biomarkers and scoring methods. | Towards a consensus definition of allostatic load — multi-cohort meta-analysis. Acknowledges definitional inconsistency and proposes a standardized five-biomarker panel. | Allostatic Load as a Complex Clinical Construct — flags that the construct is ""comprised of a complex causal network of bioallostatic systems"" too dense for conventional statistical modeling.",mild. The chapter does NOT cite AL by name; it uses the broader concept of cumulative regulation failure. The CONSTRUCT-validity critique doesn't undermine the PHENOMENON (cumulative stress damage is well established); it undermines a specific measurement scheme.,"if AL gets named explicitly in revision (it doesn't currently), add a one-sentence acknowledgment that the measurement model is still being refined while the underlying biology is well documented.",revision-suggested,The Research Map suggests a revision that has not been confirmed in the draft.,FP-CH06-C001 | FP-CH06-C013 | FP-CH06-C015,FP-S0075 | FP-S0076 | FP-S0077,
FP-CH06-X02,FP-CH06,research-map,COUNTER-2,counter,Elite athlete periodization shows sustained maximization works WHEN paired with structured rest,"The Power of Periodization. Periodization alternates training stress with structured recovery; elite athletes can sustain near-maximum output across years using this model. Periodization Models for Elite Athletes. Macro/meso/micro cycles let athletes hit maximum performance windows without collapse. The impact of stress, recovery and coping on burnout symptoms of young elite table-tennis players — peer-reviewed prospective multilevel study. Recovery quality moderates burnout risk in elite athletes.","The Power of Periodization. Periodization alternates training stress with structured recovery; elite athletes can sustain near-maximum output across years using this model. | Periodization Models for Elite Athletes. Macro/meso/micro cycles let athletes hit maximum performance windows without collapse. | The impact of stress, recovery and coping on burnout symptoms of young elite table-tennis players — peer-reviewed prospective multilevel study. Recovery quality moderates burnout risk in elite athletes.","moderate. This is the steelmanned objection that needs a response. The chapter currently implies ""a person pushed to maximum hustle generates the seeds of collapse."" Elite-athlete data shows pushing to maximum performance is sustainable if regulation (recovery, periodization) is built into the system.","the chapter's deeper claim is already correct (sustained maximization WITHOUT regulation collapses), but a single sentence acknowledging that maximization with structured oscillation between yang and yin is exactly what dynamic balance looks like would close the loophole. The athlete who periodizes IS practicing dynamic balance; the athlete who pushes without recovery IS the burnout statistic. This actually strengthens the chapter's argument.",revision-suggested,The Research Map suggests a revision that has not been confirmed in the draft.,FP-CH06-C001 | FP-CH06-C002 | FP-CH06-C008 | FP-CH06-C010,FP-S0078 | FP-S0079 | FP-S0080,
FP-CH06-X03,FP-CH06,research-map,COUNTER-3,counter,Inverted-U repression-protest relationship (not linear seeds-of-opposite),"State Concessions and Protest Mobilization in Authoritarian Regimes. ""Citizens mobilize for the least protests in contexts with very low or very high repression."" The relationship is inverted-U, not linear.","State Concessions and Protest Mobilization in Authoritarian Regimes. ""Citizens mobilize for the least protests in contexts with very low or very high repression."" The relationship is inverted-U, not linear.","moderate. Needs a careful adjustment. The chapter's claim that ""a political system that maximizes one party's power without check produces the conditions for the opposing reaction"" is correct in the MEDIUM-repression range, but in EXTREME-repression environments (North Korea, mid-Soviet purges) the system can suppress visible mobilization for decades. The seeds-of-opposite are still planted but may take generations to germinate.","add a single sentence acknowledging that the reversal sometimes operates on geological time scales rather than political ones. The 1989 collapse of the Eastern Bloc, the Arab Spring after decades of dictatorial rule, the long-arc collapse of every empire that ever overreached — these support the chapter's central claim while honoring the inverted-U short-term finding.",revision-suggested,The Research Map suggests a revision that has not been confirmed in the draft.,FP-CH06-C001 | FP-CH06-C021,FP-S0070,
FP-CH06-X04,FP-CH06,research-map,EDGE-1,edge,"Allostasis says the body REGULATES TOWARD CHANGE, not toward constancy","Sterling's allostasis framework (sources above) explicitly argues that homeostasis as taught (constancy, error-correction) is wrong for many real physiological systems. The body's setpoints SHIFT predictively. Blood pressure doesn't stay at 120/80 because of negative feedback; it's pre-set higher when the brain anticipates demand.","Sterling's allostasis framework (sources above) explicitly argues that homeostasis as taught (constancy, error-correction) is wrong for many real physiological systems. The body's setpoints SHIFT predictively. Blood pressure doesn't stay at 120/80 because of negative feedback; it's pre-set higher when the brain anticipates demand.","the chapter's terminology should be tightened. The current draft uses ""homeostasis"" and ""dynamic equilibrium"" partially interchangeably. Sterling's distinction matters: homeostasis = constancy + reactive correction; allostasis = stability via predictive change. The chapter's deeper claim (that life runs on regulated relationships between opposing necessities, not absolutes) is consistent with BOTH frameworks, but using ""allostasis"" in some places would strengthen the predictive-regulation argument and align the chapter with the most current physiology.","consider adding a short paragraph in ""What Dynamic Equilibrium Actually Means"" naming allostasis as the more accurate term and crediting Sterling.",revision-suggested,The Research Map suggests a revision that has not been confirmed in the draft.,FP-CH06-C001 | FP-CH06-C003,FP-S0081,
FP-CH06-X05,FP-CH06,research-map,EDGE-2,edge,Some traditional yin/yang representations are overdetermined or essentialist,"Modern scholars of comparative philosophy (e.g., Robin Wang, Yinyang: The Way of Heaven and Earth in Chinese Thought and Culture, Cambridge UP, 2012) have raised concerns that popular Western framing of yin/yang collapses a far more sophisticated philosophical tradition into a binary opposition or gender essentialism (yin=feminine, yang=masculine, etc.).","Modern scholars of comparative philosophy (e.g., Robin Wang, Yinyang: The Way of Heaven and Earth in Chinese Thought and Culture, Cambridge UP, 2012) have raised concerns that popular Western framing of yin/yang collapses a far more sophisticated philosophical tradition into a binary opposition or gender essentialism (yin=feminine, yang=masculine, etc.).","minor risk. The chapter does NOT collapse yin/yang into a gender binary or essentialism. It treats them strictly as regulated functional categories (cold/heat, rest/activity, etc.) — which is the more rigorous reading.","none required. But if Stephen wants to inoculate against the inevitable Western reader who'll read gender essentialism INTO the chapter, one sentence noting that the binary readings of yin/yang are caricatures of a more sophisticated tradition would help.",revision-suggested,The Research Map suggests a revision that has not been confirmed in the draft.,FP-CH06-C001,FP-S0082,
FP-CH06-X06,FP-CH06,research-map,EDGE-3,edge,Stability is sometimes achieved by extreme specialization (counter to monoculture-collapse claim),"Many highly specialized biological systems (mitochondria, the immune system) are essentially monocultural at their level of function and remain stable across vast time scales. The chapter's ""monoculture is fragile"" claim is true for AGRICULTURE but oversimplified for biology generally.","Many highly specialized biological systems (mitochondria, the immune system) are essentially monocultural at their level of function and remain stable across vast time scales. The chapter's ""monoculture is fragile"" claim is true for AGRICULTURE but oversimplified for biology generally.","minor. The chapter doesn't currently make a sweeping biology-of-monoculture claim. The Irish famine reference (if used in revision) should be presented as agricultural-systems-specific, not as a universal biological law.","no change to current draft. If the famine example gets added in revision, frame it as ecosystem-fragility rather than biological-monoculture-bad. ---",revision-suggested,The Research Map suggests a revision that has not been confirmed in the draft.,FP-CH06-C001 | FP-CH06-C018,FP-S0083,
FP-CH06-X07,FP-CH06,contrarian-review,Q1,review-flag,What could a smart critic say?,"The chapter's central move, arguing from physiology to civic life to political systems, invites the charge of overreach: a critic could say electrolyte balance and geopolitical repression are not the same kind of claim, and stacking them under one metaphor (yin/yang, seeds-of-the-opposite) risks papering over real differences in mechanism. The chapter mostly earns the reach by naming a distinct, cited mechanism at each scale (allostatic load, Minsky's financing stages, Maslach's burnout progression, Bowen's pursuer-distancer pattern, the repression-mobilization literature) rather than asserting the analogy alone. The weakest link is the civic-culture paragraph on free speech and safety, which has no citation and reads as Stephen's own analysis stated as fact.",,,,watch,A risk to watch; no decision required yet.,FP-CH06-C001 | FP-CH06-C020,,"Draft 0.9 (voice-rule cleanup, 2026-06-24, on 0.8 citation/counter-evidence base)"
FP-CH06-X08,FP-CH06,contrarian-review,Q8,review-flag,Avoids false equivalence?,"The pairing of ""a culture pushed to maximum safety without freedom produces citizens who cannot think out loud"" against ""a culture pushed to maximum free speech without responsibility produces a public square no thoughtful person can stand to inhabit"" risks reading as both-sidesing two asymmetric harms if a reader arrives without the rest of the book's moral-boundary framing already in place. The Research Map's COUNTER-3 note (inverted-U repression-protest finding) is already partially addressed with the generational-timescale sentence about the Eastern Bloc and the Arab Spring, which helps.",,,,watch,A risk to watch; no decision required yet.,FP-CH06-C001 | FP-CH06-C008,,"Draft 0.9 (voice-rule cleanup, 2026-06-24, on 0.8 citation/counter-evidence base)"
FP-CH06-X09,FP-CH06,contrarian-review,Q9,review-flag,Enough lived experience?,"The chapter's only story material is the composite body's salt/water/sleep/rest regulation opening. This is a physiological composite, not a personal narrative, but it is still authored material requiring Stephen's confirmation, paraphrase, or replacement per §22. Beyond that, the chapter leans on Stephen's Chinese Medicine training as clinical authority (""My Chinese Medicine training treated this principle as the operating logic of the body"") without a specific anecdote attached. Do not invent a new personal story to fill this gap; flag it for Stephen instead. See CH06 - Story Notes.",,,,needs-stephen,Flagged for Stephen's decision.,FP-CH06-C001,,"Draft 0.9 (voice-rule cleanup, 2026-06-24, on 0.8 citation/counter-evidence base)"
FP-CH06-X10,FP-CH06,contrarian-review,Q12,review-flag,Sounds human?,"Contractions, no em dashes, and no ""Not X. Y."" contrast constructions hold throughout the current draft per the 0.9 voice-rule cleanup log (body-as-agent phrasing removed, ""carry""/""carries"" removed three times, the ""can regulation"" typo fixed). One open item remains unresolved by design: the section title ""What the Body Knows"" and the line ""why the body has known this from the start"" give the body epistemic agency (""knows/known""), which the no-body/mind-contrast rule would normally convert to mechanism. This was left unchanged because Stephen chose it as load-bearing rhetoric, and it ties into the open yin/yang framing question below. Decision needed from Stephen: keep the ""body knows"" throughline, or convert to mechanism language.",,,,watch,A risk to watch; no decision required yet.,FP-CH06-C001,,"Draft 0.9 (voice-rule cleanup, 2026-06-24, on 0.8 citation/counter-evidence base)"
FP-CH06-X11,FP-CH06,contrarian-review,Q14,review-flag,Overcenters the individual?,"The chapter's closing move, from physiological regulation to ""What This Means For The Reader,"" risks the same diagnose-then-personal-work pattern flagged in CH01: the chapter spends four sections establishing that absolutism is a structural and even cellular pattern, then hands the reader a personal practice (""stop trying to choose between the two poles... live inside the work of regulating the ratio""). The chapter partly guards against this by keeping the scaled examples (family, workplace, political system, civic culture) present throughout rather than only at the body level, and by naming in ""The Pull Toward Absolutes"" that the intervention is to ""reduce the load, restore the regulation,"" which points outward at conditions as well as inward at practice. Worth Stephen's eye on whether the final section reads as honest scoping or as letting the family/workplace/political-system structures off the hook once the chapter turns personal.",,,,watch,A risk to watch; no decision required yet.,FP-CH06-C001 | FP-CH06-C003 | FP-CH06-C008 | FP-CH06-C015,,"Draft 0.9 (voice-rule cleanup, 2026-06-24, on 0.8 citation/counter-evidence base)"
FP-CH07-X01,FP-CH07,research-map,COUNTER-1,counter,Not every apparent middle position is moderation-as-avoidance,"Some genuinely centrist positions reflect careful weighing of genuinely balanced evidence, not fence-sitting. The chapter's ""three questions"" framework (Practicing the Distinction section) already handles this by asking whether both sides are actually necessary/equal.",,none required. Existing framework covers it.,,open,No response recorded in the Research Map.,FP-CH07-C001 | FP-CH07-C003,,
FP-CH07-X02,FP-CH07,research-map,EDGE-1,edge,The 1857 slavery illustration is historically loaded,"Flagged by the citation_gaps_for_stephen note already in the frontmatter. Rhetorically strong, singular historical specific in the chapter.",,"Stephen's call whether to add a second historical illustration for balance (his note, not mine).",,open,No response recorded in the Research Map.,FP-CH07-C001,,
FP-CH07-X03,FP-CH07,contrarian-review,Q1,review-flag,What could a smart critic say?,"The chapter's sharpest exposure is that it reads as a partisan attack on centrism rather than an attack on fence-sitting. The 1857 illustration and the line about moderates whose moderation ""allows extraction, manipulation, and authoritarian capture to advance unopposed"" both name a real structural mechanism, but a reader primed for politics will hear a side being taken. The chapter never names a party or a contemporary issue, which helps, but the civic paragraph in ""The Cost of Confusing Them"" is the passage most likely to get quoted out of context.",,,,watch,A risk to watch; no decision required yet.,FP-CH07-C001 | FP-CH07-C004,,"Draft 0.7 (voice cleanup + initial citation pass, 2026-06-24)"
FP-CH07-X04,FP-CH07,contrarian-review,Q9,review-flag,Enough lived experience?,"The chapter carries no clinical ""I"" and no confirmed personal material. Its four illustrations (the moderate-exerciser, the 1857 centrist, the moderate parent, the non-committing practitioner) are composites or types. Per §22, Stephen needs to confirm, paraphrase, or replace each one with actual lived material before publication — see CH07 - Story Notes. No new personal stories should be invented in that pass.",,,,needs-stephen,Flagged for Stephen's decision.,FP-CH07-C001,,"Draft 0.7 (voice cleanup + initial citation pass, 2026-06-24)"
FP-CH07-X05,FP-CH07,contrarian-review,Q14,review-flag,Overcenters the individual?,"The personal, family, and clinical illustrations in both domain-walks are individually scaled (a person's exercise habits, a parent's discipline style, a practitioner's treatment choices). The civic paragraph is the only one operating at a structural, multi-actor scale. Since the chapter's own three-question test asks whether a tension is between two necessary forces or a false equivalence, it is fair to ask whether moderation itself is always an individual failure of nerve or sometimes a structurally produced adaptation (a practitioner moderating because the system punishes commitment, a parent moderating because two full-time jobs leave no room for a coherent stance). The chapter does not currently make that structural allowance explicit.",,,,watch,A risk to watch; no decision required yet.,FP-CH07-C001 | FP-CH07-C004,,"Draft 0.7 (voice cleanup + initial citation pass, 2026-06-24)"
FP-CH08-X01,FP-CH08,research-map,COUNTER-1,counter,Positive liberty has a troubled political history,"Berlin himself warned that positive liberty, historically, has been used to justify authoritarian intervention — ""forcing someone to be free"" (the totalitarian move of claiming to liberate people by controlling them).",,"worth a light touch. The chapter's framing of freedom (agency, responsibility, discernment, dignity, reality) is individual-practiced, not state-imposed, which is exactly the distinction that keeps it clear of Berlin's totalitarian-positive-liberty warning.","one clause noting that this expanded freedom is something a person practices for themselves, not something a state or authority imposes on their behalf, would preempt the sophisticated reader's Berlin-informed objection.",revision-suggested,The Research Map suggests a revision that has not been confirmed in the draft.,FP-CH08-C001 | FP-CH08-C002 | FP-CH08-C003,,
FP-CH08-X02,FP-CH08,research-map,EDGE-1,edge,"The libertarian/authoritarian ""maximized pole"" framing is a rhetorical device, not an empirical typology","No political scientist would recognize ""libertarian extreme"" and ""authoritarian extreme"" as precise technical categories; they're used illustratively.",,none. Acceptable rhetorical device in a trade book making a philosophical argument.,,open,No response recorded in the Research Map.,FP-CH08-C001,,
FP-CH08-X03,FP-CH08,contrarian-review,Q1,review-flag,What could a smart critic say?,"The chapter's ""libertarian extreme"" and ""authoritarian extreme"" section is the exposed surface. A critic reading in 2026 will map the two named poles onto live domestic politics whether or not the chapter names any actor, and the chapter's insistence that ""both extremes share the same structural error"" will read to some readers as centrist bothsidesism regardless of the philosophical care underneath it. The chapter's real defense is that the argument is structural (what happens to any system when one regulating pole is eliminated), not partisan, but that defense requires the reader to stay at the level of abstraction the chapter is operating on. A skimmer will not.",,,,watch,A risk to watch; no decision required yet.,FP-CH08-C001,,"Draft 0.6 (citation pass, 2026-06-24)"
FP-CH08-X04,FP-CH08,contrarian-review,Q8,review-flag,Avoids false equivalence?,"Needs Stephen. This is the chapter's sharpest open question, and it is the same one flagged in item 1. ""Both extremes share the same structural error. Both think one pole is sufficient. Both produce predictable failures."" The structural claim is defensible: eliminating either regulating pole produces failure. But stating it as flatly parallel, without qualifying that the harms differ in kind and scale (diffuse individual harm vs. concentrated state harm), risks a false-equivalence reading from a reader primed to hear it as ""both sides are equally bad."" The Research Map's EDGE-1 already flags the libertarian/authoritarian framing as a rhetorical device rather than an empirical typology and calls that acceptable for a trade book; this review's concern is narrower and sits one level up, on whether the parallel-structure sentence needs a qualifying clause.",,,,needs-stephen,Flagged for Stephen's decision.,FP-CH08-C001,,"Draft 0.6 (citation pass, 2026-06-24)"
FP-CH08-X05,FP-CH08,contrarian-review,Q9,review-flag,Enough lived experience?,"Needs Stephen. CH08 has zero narrative texture. There is no composite figure, no ""maybe you're..."" address, no clinical or civic anecdote anywhere in the chapter, only argument and definition. This is a real departure from CH01's pattern (composite gallery) and worth a direct decision, not an oversight to quietly accept. Per §22, no invented figures were added here, which is correct; the open question is whether the chapter needs one grounding story to keep the abstraction from floating free of a life. See CH08 - Story Notes.",,,,needs-stephen,Flagged for Stephen's decision.,FP-CH08-C001,,"Draft 0.6 (citation pass, 2026-06-24)"
FP-CH08-X06,FP-CH08,contrarian-review,Q12,review-flag,Sounds human?,"Real slip to flag. No em dashes found. No ""hold/holding,"" ""land/lands,"" or ""brace"" found. No placeholder subjects. But the chapter contains zero contractions across its full length, a register shift from the canonical CH02 voice, which uses contractions throughout. The chapter also leans on a repeated ""X is not Y"" sentence pattern (""Freedom is not a granted state,"" ""Responsibility is not maximum"") that, while not the banned ""Not X. Y."" contrast construction verbatim, sits close enough to it in rhythm to warrant a fresh-eyes check against the voice rule. This reads as a deliberate register choice for a more philosophical, principle-defining chapter, but it should be a decision Stephen confirms, not a drift that happened by default.",,,,watch,A risk to watch; no decision required yet.,FP-CH08-C001,,"Draft 0.6 (citation pass, 2026-06-24)"
FP-CH08-X07,FP-CH08,contrarian-review,Q14,review-flag,Overcenters the individual?,"Real risk, specific to this chapter's territory. ""Practicing the Pair"" applies the frame through four individual roles (worker, parent, citizen, patient), each answering two questions for themselves. The libertarian-extreme critique is structural and names abandoned institutions, but the chapter's own remedy, ""the work is to act inside the actual field rather than the imagined one,"" stays at the level of individual practice throughout. There is no beat naming what collective or policy-level correction looks like when a culture (not just a person) has maximized one pole. For a chapter that identifies libertarian-individualist excess as a named failure mode, the chapter's own prescriptive move stopping at individual practice is worth a second look, so the chapter does not inadvertently model the same individualist drift it critiques.",,,,watch,A risk to watch; no decision required yet.,FP-CH08-C001,,"Draft 0.6 (citation pass, 2026-06-24)"
FP-CH09-X01,FP-CH09,research-map,COUNTER-1,counter,"Some group fusion produces prosocial outcomes, not just extremism","Whitehouse's broader research shows identity fusion also explains highly prosocial self-sacrifice (firefighters, soldiers protecting comrades, activists risking safety for a cause). Fusion itself is not inherently pathological.",,the chapter's framing already allows for this. The chapter distinguishes identity as healthy/necessary from identity CAPTURE as the pathology. Fusion research supports both readings. No adjustment needed.,,no-change-needed,,FP-CH09-C001,,
FP-CH09-X02,FP-CH09,research-map,EDGE-1,edge,Social identity research has been critiqued for WEIRD-sample bias,"Much social psychology research (including early SIT studies) draws on Western, educated, industrialized, rich, democratic populations, raising generalizability questions.",,mild. The chapter's claims are broad and phenomenological rather than dependent on specific experimental effect sizes. No adjustment needed.,,no-change-needed,,FP-CH09-C001,,
FP-CH09-X03,FP-CH09,contrarian-review,Q1,review-flag,What could a smart critic say?,"The chapter draws fire from two directions on the same paragraph. A reader primed from the left hears ""identity capture"" and expects an attack on identity politics — the chapter naming race, religion, and political identity in the same list of things that can ""capture"" reads, out of context, like a both-sides move. A reader primed from the right hears ""identity is real, identity is patterned... the person did not choose these elements"" and expects a defense of identity politics. The chapter's actual position is neither: identity is necessary and real, capture is the pathology, and capture is named evenly across every domain listed (race, religion, politics, profession, recovery, trauma, generation). A reader who stops at ""What Identity Actually Is"" without reaching ""The Cost of Maximizing Either"" will miss the even-handedness. Consider whether the even application needs to be signaled earlier.",,,,watch,A risk to watch; no decision required yet.,FP-CH09-C001 | FP-CH09-C002 | FP-CH09-C003 | FP-CH09-C004 | FP-CH09-C005,,"Draft 0.6 (citation pass, 2026-06-24)"
FP-CH09-X04,FP-CH09,contrarian-review,Q6,review-flag,Respects structural constraints?,"The chapter is built almost entirely at the level of individual psychology — what a person inherits, chooses, ossifies into, or dissolves into. It gestures at structure once, in the line ""the inherited elements operate whether the person acknowledges them or not... the medical chart, the police stop, the school enrollment, the loan application,"" which names real structural exposure. But the chapter does not develop how institutions or systems produce or reward identity capture (algorithmic sorting, media incentives, political fundraising models). That structural layer is thinner here than the individual-psychology layer.",,,,watch,A risk to watch; no decision required yet.,FP-CH09-C001 | FP-CH09-C002 | FP-CH09-C003 | FP-CH09-C004,,"Draft 0.6 (citation pass, 2026-06-24)"
FP-CH09-X05,FP-CH09,contrarian-review,Q8,review-flag,Avoids false equivalence?,"This is the chapter's real watch point. Listing ""racial identity captured into a closed system. Religious identity captured into a closed system. Political identity captured into a closed system. Professional identity captured into a closed system. Recovery identity captured into a closed system. Trauma identity captured into a closed system. Generational identity captured into a closed system"" in one unbroken run risks reading as though a racial identity and a professional identity carry equivalent moral and structural weight when captured. The chapter does not actually claim this — it claims the mechanism of capture is structurally similar across domains, not that the stakes are equal — but the flattened list rhythm invites the misreading. Worth a second look on whether the list needs even one sentence distinguishing mechanism-similarity from stakes-equivalence.",,,,watch,A risk to watch; no decision required yet.,FP-CH09-C001 | FP-CH09-C005,,"Draft 0.6 (citation pass, 2026-06-24)"
FP-CH09-X06,FP-CH09,contrarian-review,Q12,review-flag,Sounds human?,"No em dashes found. Contractions are largely absent — the chapter reads as declarative and formal throughout (""Identity is real. Identity is patterned.""), which fits the essay register Stephen has used for definitional sections elsewhere, but is worth an ear-check against CH02's canonical voice. Two lines use the ""X is not Y"" contrast construction the voice rules flag: ""Openness is not agreement. Openness is not the abandonment of one's own commitments"" and ""This is not a moderate position. This is the disciplined commitment to two opposing necessities at once."" Both are doing real definitional work rather than empty contrast, but they match a banned pattern closely enough to flag for Stephen's read.",,,,watch,A risk to watch; no decision required yet.,FP-CH09-C001 | FP-CH09-C005,,"Draft 0.6 (citation pass, 2026-06-24)"
FP-CH09-X07,FP-CH09,contrarian-review,Q14,review-flag,Overcenters the individual?,"This is the chapter's structural risk. The entire chapter operates at the level of the individual person's identity and openness — what a person inherits, chooses, defends, or opens to. It never explicitly zooms out to what identity capture looks like at the level of an institution, a media ecosystem, or a political system, beyond the one-sentence list of domains where capture happens. A critic could read the chapter as diagnosing a structural-scale phenomenon (identity capture as a civic and media pathology) and then prescribing only individual practice (""the person knows what they inherited... the person also keeps the door open"") as the fix. The chapter does not claim individual practice alone repairs the structural pattern, but it does not say so directly either.",,,,needs-stephen,Flagged for Stephen's decision.,FP-CH09-C001 | FP-CH09-C002 | FP-CH09-C003 | FP-CH09-C004 | FP-CH09-C005,,"Draft 0.6 (citation pass, 2026-06-24)"
FP-CH09-X08,FP-CH09,contrarian-review,Q15,review-flag,Scales to family / community / institution / society?,"The chapter names family and community only implicitly, through ""a person with identity and openness can welcome new family members without requiring them to disappear into a single template"" and through the ecosystem cross-references (Rooted Reclaimers for the community side, Rhetorical Points for the civic-discernment side). It does not develop an institution- or society-scale picture of what identity-and-openness practice looks like collectively — the pair stays framed as an individual's internal work throughout the body of the chapter, with the scaling left to the ecosystem name-drops in the final paragraph rather than developed in the chapter's own argument.",,,,watch,A risk to watch; no decision required yet.,FP-CH09-C001 | FP-CH09-C003,,"Draft 0.6 (citation pass, 2026-06-24)"
FP-CH10-X01,FP-CH10,research-map,COUNTER-1,counter,Tit-for-tat's dominance depends on repeated interaction; one-shot games favor defection,"Axelrod's finding holds specifically for iterated (repeated) games. In one-shot prisoner's dilemma, defection is the dominant strategy.",,"mild, worth noting. The chapter's claim that ""some situations require competition"" (job interview, sales call, one-time negotiations) maps onto exactly the one-shot-game conditions where Axelrod's cooperation finding does NOT apply. This actually STRENGTHENS the chapter's ""read the situation correctly"" argument.","if Stephen wants to cite Axelrod directly, noting the iterated-vs-one-shot distinction would sharpen ""Practicing the Pair.""",revision-suggested,The Research Map suggests a revision that has not been confirmed in the draft.,FP-CH10-C001,,
FP-CH10-X02,FP-CH10,research-map,EDGE-1,edge,Real-world cooperation is more complex than the two-player iterated prisoner's dilemma,"Multi-player games, incomplete information, and reputation effects complicate the clean tit-for-tat result.",,"none. The chapter uses Axelrod-adjacent logic illustratively, not as rigorous game-theoretic proof.",,open,No response recorded in the Research Map.,FP-CH10-C001,,
FP-CH10-X03,FP-CH10,contrarian-review,Q1,review-flag,What could a smart critic say?,"The chapter names competition and cooperation as an ""American argument"" between a market-fundamentalist view and a collectivist view, which invites a critic to read it as covert economic-ideology commentary rather than a psychological/systems regulation argument. The chapter's real defense arrives in ""What Happens When Either Pole Is Maximized,"" which names the specific, asymmetric failure mode of each extreme (monopoly and extraction on one side, suppressed dissent and stagnation on the other) rather than treating the two sides as equally suspect in the abstract. A critic who stops at ""The American Argument"" section without reaching that payoff could still read the chapter as dodging the question of which system is closer to right.",,,,watch,A risk to watch; no decision required yet.,FP-CH10-C001,,
FP-CH10-X04,FP-CH10,contrarian-review,Q5,review-flag,Contribution confused with self-erasure?,"This is the chapter's most relevant watch point given its subject. The cooperation section names care, trust, and creation as goods, and could be read as implying more cooperation is always better. The chapter guards against this directly in the personal-scale mirror: ""The person who maximizes cooperation produces a life of constant accommodation, no clear preferences, no real authority over their own choices, and a slow erosion of the agency that would have allowed the person to contribute something distinct."" That sentence explicitly names the self-erasure risk of unregulated cooperation, so the guard is present and load-bearing, not just implied.",,,,watch,A risk to watch; no decision required yet.,FP-CH10-C001,,
FP-CH10-X05,FP-CH10,contrarian-review,Q9,review-flag,Enough lived experience?,"The chapter contains no composite figures and no narrative texture at all. Every example stays at the level of ""a person,"" ""a market,"" ""a team."" This is a deliberate register choice consistent with a philosophical-floor chapter closing out Part II, but it means the chapter currently has zero lived-experience grounding to confirm or replace under §22. See CH10 - Story Notes for the full assessment and the case for adding at least one grounding moment.",,,,needs-stephen,Flagged for Stephen's decision.,FP-CH10-C001,,
FP-CH10-X06,FP-CH10,contrarian-review,Q14,review-flag,Overcenters the individual?,"The chapter opens at societal scale (markets, institutions, culture) and only in its final section narrows to ""practicing the pair"" as an individual skill. The risk named in the task brief, that a competition/cooperation chapter could individualize systemic extraction into ""just cooperate better,"" is not present here: the chapter's prescription is ""read the situation correctly,"" not ""cooperate more"" or ""compete less."" It does not ask the reader to personally absorb or repair the structural failure modes named in ""What Happens When Either Pole Is Maximized."" The watch point is that the chapter never returns to the societal scale after the personal-scale mirror, so the closing movement reads as entirely individual rather than looping back to what a reader might do about extraction at the market or institutional level.",,,,watch,A risk to watch; no decision required yet.,FP-CH10-C001,,
FP-CH11-X01,FP-CH11,research-map,COUNTER-1,counter,Durkheim's suicide typology has been methodologically challenged,"Later sociologists (e.g., Jack Douglas, The Social Meanings of Suicide, 1967) critiqued Durkheim's reliance on official suicide statistics, arguing coroners' classification practices introduce bias.",,"mild. The chapter doesn't cite specific suicide-rate numbers, only the qualitative pattern (isolation costs, over-regulation costs). The underlying sociological insight about integration/regulation balance is widely accepted independent of the statistical methodology debate.",,open,No response recorded in the Research Map.,FP-CH11-C001,,
FP-CH11-X02,FP-CH11,research-map,EDGE-1,edge,Some highly individualist societies show high wellbeing (Scandinavian paradox),"Countries with strong individual autonomy AND strong social safety nets (Nordic model) show both high individualism and high wellbeing, complicating a simple individualism-bad narrative.",,"worth noting. This actually supports the chapter's core argument rather than undermining it — the Nordic model pairs individual autonomy with robust community/state support, which is precisely the ""both poles at full strength"" the chapter recommends, not maximum individualism alone.",,revision-suggested,The Research Map suggests a revision that has not been confirmed in the draft.,FP-CH11-C001,,
FP-CH11-X03,FP-CH11,contrarian-review,Q1,review-flag,What could a smart critic say?,"A critic could read this as a ""both sides"" argument mapped onto the standing American political split, individual rights on one flank, communitarian obligation on the other, and dismiss it as centrism wearing a systems-theory costume. The chapter's actual move works against that reading: it names both poles as failure modes with specific, asymmetric costs (loneliness and eroded institutions on one side, conformity and atrocity on the other) rather than positioning a compromise between two legitimate endpoints. The EDGE-1 note in the Research Map (the Nordic pairing of strong individual autonomy with strong social support) is a real answer to this critic and isn't yet used in the Draft. Worth a sentence.",,,,watch,A risk to watch; no decision required yet.,FP-CH11-C001,,"Draft 0.6 (citation pass, 2026-06-24)"
FP-CH11-X04,FP-CH11,contrarian-review,Q3,review-flag,Agency confused with blame?,"""Practicing the Pair"" is written entirely in the register of individual choice (""A person practicing the pair refuses the swing""). It doesn't name what makes refusing the swing harder for some readers than others, economic precarity that pushes toward isolated self-reliance, or high-control environments that punish dissent. Without that beat, a reader already maximized toward one pole by conditions outside their control could read the section as a demand rather than a description of the work.",,,,watch,A risk to watch; no decision required yet.,FP-CH11-C001,,"Draft 0.6 (citation pass, 2026-06-24)"
FP-CH11-X05,FP-CH11,contrarian-review,Q6,review-flag,Respects structural constraints?,The opening section is structural and historical (a three-hundred-year national pattern). The closing section shifts fully into the personal register without reconnecting to what structural forces make the swing easier to fall into. Same gap as item 3; a single bridging sentence would resolve both.,,,,watch,A risk to watch; no decision required yet.,FP-CH11-C001,,"Draft 0.6 (citation pass, 2026-06-24)"
FP-CH11-X06,FP-CH11,contrarian-review,Q9,review-flag,Enough lived experience?,"The chapter currently has zero personal, clinical, or composite grounding. It runs entirely on historical pattern and cited research. Needs Stephen's decision: leave it purely analytical, or add one grounding moment per the Story Notes recommendation.",,,,needs-stephen,Flagged for Stephen's decision.,FP-CH11-C001,,"Draft 0.6 (citation pass, 2026-06-24)"
FP-CH11-X07,FP-CH11,contrarian-review,Q12,review-flag,Sounds human?,"Needs a fresh read. Both ""goods"" sections use an identical ""The first is... The second is... The third is... The fourth is..."" structure back to back. It's not a banned construction, but the repetition across two consecutive sections risks reading as a listicle pattern rather than the developed prose voice of CH02. Worth varying one of the two.",,,,watch,A risk to watch; no decision required yet.,FP-CH11-C001,,"Draft 0.6 (citation pass, 2026-06-24)"
FP-CH11-X08,FP-CH11,contrarian-review,Q14,review-flag,Overcenters the individual?,"The chapter gives genuinely equal space to both poles across its two middle sections, which is a real strength. But ""Practicing the Pair"" closes the chapter in the singular (""A person..."") without extending the frame explicitly to family, workplace, or civic scale the way CT01 does. The ""both failures are common"" paragraph earlier does name family, workplace, congregation, and movement, so the material exists; it just isn't echoed in the closing section.",,,,watch,A risk to watch; no decision required yet.,FP-CH11-C001,,"Draft 0.6 (citation pass, 2026-06-24)"
FP-CH11-X09,FP-CH11,contrarian-review,Q15,review-flag,Scales to family / community / institution / society?,"Partially. The failure-mode section explicitly lists scales (families, workplaces, congregations, political movements, friend groups, therapy communities, online subcultures). The closing section narrows back to the individual. The next chapter (innovation and stability) is signposted as operating ""inside workplaces, families, communities, and economies,"" which suggests the scaling work is intentionally deferred rather than missing, but that's worth confirming rather than assuming.",,,,watch,A risk to watch; no decision required yet.,FP-CH11-C001,,"Draft 0.6 (citation pass, 2026-06-24)"
FP-CH12-X01,FP-CH12,research-map,COUNTER-1,counter,Disruption sometimes IS the correct response to genuinely broken institutions,"Some stability is stagnation dressed as prudence — taxi medallions protecting an inefficient monopoly, academic tenure protecting outdated research programs, incumbent industries blocking necessary transitions (e.g., fossil fuels vs. renewable energy).",,"the chapter's own framework already handles this. ""Practicing the Pair"" explicitly asks ""whether the change actually addresses an underlying problem"" — which is exactly the test that separates legitimate disruption from disruption-as-ideology. No adjustment needed, the chapter's two-question test already does this work.",,no-change-needed,,FP-CH12-C001,,
FP-CH12-X02,FP-CH12,research-map,EDGE-1,edge,Not all industries pay the same disruption cost,"Software/tech genuinely can iterate faster with lower cost-of-failure than, say, medicine, aviation, or civil engineering, where ""breaking things"" kills people.",,mild. The chapter's clinical and civic examples already reflect an awareness that different domains carry different disruption-tolerance. No adjustment needed.,,no-change-needed,,FP-CH12-C001,,
FP-CH12-X03,FP-CH12,contrarian-review,Q1,review-flag,What could a smart critic say?,"A critic could argue the chapter is a rehash of well-worn ""tech backlash"" commentary dressed in Founded language, or could accuse it of false symmetry — treating a start-up's move-fast culture as morally equivalent to a democracy's constitutional stability. The chapter mostly avoids this by giving each pole three specific, non-overlapping goods (adaptation/correction/generative power vs. trust/expertise/repair) rather than a generic ""both sides"" gesture. The risk is real but the chapter's structure is doing the work to earn the comparison rather than assert it.",,,,watch,A risk to watch; no decision required yet.,FP-CH12-C001,,"Draft 0.6 (citation pass, 2026-06-24)"
FP-CH12-X04,FP-CH12,contrarian-review,Q9,review-flag,Enough lived experience?,"The chapter uses zero composite figures or personal narrative — it runs entirely on institutional examples and one sourced public case (Facebook's motto change). This is a legitimate choice for an argument-driven chapter, but it means the chapter currently has no lived-experience grounding at all. Stephen should confirm whether that absence is intentional for this chapter or whether a personal/clinical anchor should be added. See CH12 - Story Notes — nothing here requires confirmation of an invented figure, but the gap itself needs a decision.",,,,needs-stephen,Flagged for Stephen's decision.,FP-CH12-C001,,"Draft 0.6 (citation pass, 2026-06-24)"
FP-CH13-X01,FP-CH13,research-map,COUNTER-1,counter,Some post-9/11 security measures did prevent documented attacks,"Intelligence agencies and some independent analysts credit expanded surveillance and interagency coordination with disrupting specific plots, particularly in the 2000s.",,"moderate, worth a careful acknowledgment. The chapter's claim isn't that ALL security measures were net-negative, but that the MAXIMIZATION of security at the expense of adaptability and civil liberties produced net costs over time.","the chapter could benefit from one sentence acknowledging that some specific security measures had real value, while the broader posture (permanent emergency framing, unchecked expansion) is what produced the net cost. This sharpens the ""maximized pole"" argument rather than reading as blanket anti-security.",revision-suggested,The Research Map suggests a revision that has not been confirmed in the draft.,FP-CH13-C001,,
FP-CH13-X02,FP-CH13,research-map,EDGE-1,edge,"""Less safe in the long run"" is a strong causal claim that's hard to fully prove",Counterfactual history (what would have happened WITHOUT the security expansion) is inherently difficult to establish with certainty.,,"mild. The chapter's argument rests more on the OPPORTUNITY COST and RIGIDITY framing (resources spent on surveillance instead of adaptability, trust erosion, civil-liberties cost) than on a hard causal claim that specific attacks were enabled by the security posture. The existing framing is defensible without needing a stronger causal claim.",,open,No response recorded in the Research Map.,FP-CH13-C001 | FP-CH13-C003,,
FP-CH13-X03,FP-CH13,contrarian-review,Q1,review-flag,What could a smart critic say?,"A critic could read the opening section as a partisan argument against post-9/11 security policy dressed up as a systems chapter. The chapter now heads this off with one sentence acknowledging that ""some specific measures from that period had real value,"" which is the adjustment COUNTER-1 in the Research Map called for. The risk that remains is proportion: four full paragraphs on the security-state case versus a much shorter treatment of what adaptability-maximization looks like at national scale. A critic could ask why the country-level illustration only runs one direction.",,,,watch,A risk to watch; no decision required yet.,FP-CH13-C001 | FP-CH13-C005,,"Draft 0.6 (citation pass, 2026-07-20)"
FP-CH13-X04,FP-CH13,contrarian-review,Q8,review-flag,Avoids false equivalence?,"The chapter treats ""some specific security measures had real value"" and ""the broader posture produced net cost"" as compatible claims rather than equal and opposite ones, which avoids the crude version of false equivalence. The residual risk, flagged in the Research Map as EDGE-1, is that ""made the country less safe in the long run"" is a strong causal claim resting on a counterfactual that's inherently hard to prove. The chapter's argument leans more on opportunity cost and rigidity than on a hard causal claim, which is defensible, but a careful reader could still push on this sentence specifically.",,,,watch,A risk to watch; no decision required yet.,FP-CH13-C001 | FP-CH13-C003 | FP-CH13-C005 | FP-CH13-C006,,"Draft 0.6 (citation pass, 2026-07-20)"
FP-CH13-X05,FP-CH13,contrarian-review,Q9,review-flag,Enough lived experience?,"The chapter has no personal or composite figures. It runs on civic/historical example (the post-9/11 security state) and structural analogy (forest monoculture, cathedral construction, the reorganizing workplace) rather than lived narrative. Per §22, no new personal material should be invented to fill this gap. Stephen should confirm whether this chapter is meant to stay analytical, matching the Part II register generally, or whether a grounding moment from his own clinical or civic experience belongs here. See CH13 - Story Notes.",,,,needs-stephen,Flagged for Stephen's decision.,FP-CH13-C001,,"Draft 0.6 (citation pass, 2026-07-20)"
FP-CH14-X01,FP-CH14,research-map,COUNTER-1,counter,Cultural relativism has legitimate uses in anthropology and cross-cultural ethics,Not all relativism is bad-faith. Anthropological relativism as a METHODOLOGICAL tool (suspending judgment to understand a culture on its own terms before evaluating it) is different from relativism as a MORAL CONCLUSION (there is no fact of the matter about whether slavery is wrong).,,"worth a light touch. The chapter's targets (corporate leaders invoking balance to defend extraction, political actors both-sidesing a one-sided question) are clearly moral-relativism-as-conclusion, not methodological anthropological relativism.","none required — the chapter's examples are specific enough that this distinction is implicitly preserved. But if Stephen wants to preempt a sophisticated reader's objection, one clause distinguishing ""trying to understand why a culture believes X"" from ""concluding X is therefore not wrong"" would help.",revision-suggested,The Research Map suggests a revision that has not been confirmed in the draft.,FP-CH14-C001 | FP-CH14-C003 | FP-CH14-C004,,
FP-CH14-X02,FP-CH14,research-map,EDGE-1,edge,"Determining WHICH acts belong on the ""outside the field"" list is itself contested","The chapter's list (slavery, genocide, torture, child abuse, etc.) draws broad consensus, but edge cases exist (e.g., is capital punishment a violation? Is factory farming?) where reasonable people disagree about which side of the moral boundary an act falls on.",,"the chapter already handles this. ""The list could be longer. The list could be argued"" explicitly acknowledges contestability at the margins while holding firm on the clear cases. This is intellectually honest and doesn't need further hedging.",,no-change-needed,,FP-CH14-C001 | FP-CH14-C003,,
FP-CH14-X03,FP-CH14,contrarian-review,Q1,review-flag,What could a smart critic say?,"A critic could say the chapter just relocates the relativism problem one level down. Who decided slavery, genocide, torture, and the rest belong on the ""outside the field"" list, and by what authority does that list bind the reader? The chapter answers this partially by grounding the move in the standard philosophical objection to relativism (SEP, the AAA 1947 statement) rather than personal assertion, and by naming the list explicit-and-illustrative rather than exhaustive (""The list could be longer. The list could be argued.""). That is a real defense, not a dodge. But the chapter never states the actual test with the same precision it applies to naming examples: ""an act is a violation when the act takes from a person, community, or environment what is required for flourishing, and offers nothing in return that the recipient would accept under conditions of full agency and information."" A sharp critic will press on that test's edges (capital punishment, factory farming, war) faster than the chapter invites. EDGE-1 in the Research Map already flags this and judges the chapter's current hedge sufficient. Watch this on Stephen's pass — it's the chapter's single load-bearing sentence.",,,,watch,A risk to watch; no decision required yet.,FP-CH14-C001 | FP-CH14-C003,,"Draft 0.6 (citation pass 2, 2026-07-20)"
FP-CH14-X04,FP-CH14,contrarian-review,Q9,review-flag,Enough lived experience?,"— no composite figures used. The chapter uses no personal or composite figures. Its concrete grounding is a documented historical example (the AAA's 1947 statement opposing the UN Universal Declaration of Human Rights on relativist grounds) plus a philosophical citation (SEP on moral relativism), both properly sourced in the footnote. Nothing here requires composite-figure confirmation under §22, since nothing was invented. Flagged ⚠️ only because the chapter is the most abstract, least embodied chapter in Part II so far — Stephen may want a single grounding image (clinical or civic) the way CH11–CH13 use lived material, but that's a stylistic choice, not a §22 compliance issue.",,,,watch,A risk to watch; no decision required yet.,FP-CH14-C001 | FP-CH14-C004,,"Draft 0.6 (citation pass 2, 2026-07-20)"
FP-CH15-X01,FP-CH15,research-map,COUNTER-1,counter,Not all inability to change conditions is learned helplessness — some withdrawal is rational risk assessment,"A person who stops asking for something after repeated refusal may be accurately reading the actual odds, not exhibiting a maladaptive generalized deficit.",,"the chapter already handles this by framing the withdrawal as ""adaptation,"" explicitly calling it intelligent rather than pathological (""Adaptation is not failure""). No change needed.",,no-change-needed,,FP-CH15-C001 | FP-CH15-C003 | FP-CH15-C005,,
FP-CH15-X02,FP-CH15,research-map,EDGE-1,edge,"Herman's model was developed primarily from work with survivors of captivity, domestic violence, and political terror — applying it to milder everyday ""theft"" (a demanding boss, a controlling parent) risks diluting a clinical framework","Herman's model was developed primarily from work with survivors of captivity, domestic violence, and political terror — applying it to milder everyday ""theft"" (a demanding boss, a controlling parent) risks diluting a clinical framework",,"worth noting for Stephen's review. The chapter already scales its examples from severe (abuse) to mild (workplace compliance dressed as professionalism), which mirrors how Herman's own later work extended coercive-control language beyond captivity settings. No adjustment required, but flagging in case Stephen wants a calibrating clause.",,no-change-needed,,FP-CH15-C001,,
FP-CH15-X03,FP-CH15,contrarian-review,Q1,review-flag,What could a smart critic say?,"Herman's coercive-control model was built from work with survivors of captivity, domestic violence, and political terror. This chapter borrows the same three-mechanism language (direct override, conditional acceptance, information control) and applies it across the full range from severe abuse to ""a workplace that demanded compliance dressed as professionalism."" A critic could say the chapter dilutes a clinical framework by stretching it over conditions that don't carry equivalent severity. The chapter's own move from severe to mild examples is a partial answer, since it mirrors how Herman's later work extended coercive-control language beyond captivity settings, but the chapter never says this out loud to the reader.",,,,watch,A risk to watch; no decision required yet.,FP-CH15-C001 | FP-CH15-C004,,
FP-CH15-X04,FP-CH15,contrarian-review,Q10,review-flag,Needs research support?,"Citation pass complete 2026-07-20. Herman's Trauma and Recovery sources the three-mechanism structure; Seligman's learned-helplessness research sources the claim that repeated overrides produce a body that stops generating preferences. Both threads are directly on point. ⚠️ Thin spot: the chapter's claims about information control (the patient told treatment is working, the citizen told the institution is accountable) don't carry their own citation and currently ride on the credibility of the surrounding Herman material.",,,,watch,A risk to watch; no decision required yet.,FP-CH15-C001 | FP-CH15-C002 | FP-CH15-C003 | FP-CH15-C004 | FP-CH15-C005,,
FP-CH15-X05,FP-CH15,contrarian-review,Q14,review-flag,Overcenters the individual?,"The chapter ends at ""the willingness to listen to the witness,"" which is an individual, internal act, and the chapter doesn't name a concrete route to professional or clinical support for readers whose history involves real trauma rather than everyday friction. The Journey from the Edge cross-reference partially covers this by pointing to a volume with clinical depth, but a reader in an active crisis reading only this chapter has no explicit signpost toward getting help beyond that book reference. Stephen should decide whether this chapter needs a direct line toward professional support, or whether that belongs later in Part III.",,,,watch,A risk to watch; no decision required yet.,FP-CH15-C001,,
FP-CH16-X01,FP-CH16,research-map,COUNTER-1,counter,Burnout and depression have overlapping symptoms and the boundary is clinically contested,"Some researchers argue burnout as currently measured overlaps substantially with clinical depression, and that treating it as purely organizational risks under-referring people who need clinical treatment.",,"worth a light touch. The chapter's claim that ""a person can address the structural conditions when the person has the power to do so"" already implies boundaries and doesn't claim burnout precludes depression. No change required, though Stephen may want a clause distinguishing the two for clinical precision, given his DC/DACM credentials.",,no-change-needed,,FP-CH16-C001 | FP-CH16-C003 | FP-CH16-C006,,
FP-CH16-X02,FP-CH16,research-map,EDGE-1,edge,"Not every difficult work experience is burnout — misapplying the label can minimize genuine workplace dysfunction or, conversely, medicalize ordinary difficulty","Not every difficult work experience is burnout — misapplying the label can minimize genuine workplace dysfunction or, conversely, medicalize ordinary difficulty",,"the chapter already handles this reasonably well by tying burnout specifically to ""demand sustained against the system exceeds the system's recovery capacity"" rather than to subjective unhappiness generally. No adjustment needed.",,no-change-needed,,FP-CH16-C001,,
FP-CH16-X03,FP-CH16,contrarian-review,Q1,review-flag,What could a smart critic say?,"The chapter draws three clean distinctions but grounds only two of them in named research. Trauma gets van der Kolk. Burnout gets Maslach. Survival plasticity, the chapter's broadest and most load-bearing category, runs on the chapter's own synthesis across four illustrative patterns (unpredictability, racial hostility, economic instability, family dysfunction) with no citation attached to any of the four. A critic could ask whether ""survival plasticity"" is an established clinical construct or a term this book is coining and then treating as settled.",,,,watch,A risk to watch; no decision required yet.,FP-CH16-C001 | FP-CH16-C002 | FP-CH16-C003 | FP-CH16-C005 | FP-CH16-C006,,
FP-CH16-X04,FP-CH16,contrarian-review,Q10,review-flag,Needs research support?,"Two of the chapter's three central claims are sourced: van der Kolk grounds the trauma section's claim that trauma reshapes brain and body, and Maslach grounds the burnout section's claim that burnout is a three-part organizational syndrome. The survival-plasticity section, the chapter's broadest claim, has no citation attached to any of its four illustrative patterns. This should read ⚠️ rather than ✅ until Stephen decides whether that section needs its own source or stands as the book's synthesis.",,,,watch,A risk to watch; no decision required yet.,FP-CH16-C001 | FP-CH16-C002 | FP-CH16-C003 | FP-CH16-C004 | FP-CH16-C005 | FP-CH16-C006,,
FP-CH16-X05,FP-CH16,contrarian-review,Q14,review-flag,Overcenters the individual?,"The chapter names structural causes for burnout clearly, but its resolution stays almost entirely at the level of the reader's own reframing (three questions the reader can ask themselves) rather than pointing the reader toward clinical support for trauma or burnout that has crossed into territory self-reframing can't resolve. The chapter states ""a person can address the structural conditions when the person has the power to do so"" and ""the personal interventions help inside the personal layer,"" but never tells the reader when what they're carrying needs a clinician rather than a working frame. Stephen should decide whether this chapter or the next one is the right place for a direct line about when self-work isn't enough and professional support is the responsible next step.",,,,needs-stephen,Flagged for Stephen's decision.,FP-CH16-C001 | FP-CH16-C004 | FP-CH16-C006,,
FP-CH17-X01,FP-CH17,research-map,COUNTER-1,counter,"Somatic/body-memory claims (e.g., ""the shoulder is keeping the score"") are popular but scientifically contested — critics argue there's limited direct evidence that specific tissues literally ""store"" specific memories","The strong version of this claim (trauma physically lodges in a particular muscle) goes beyond what the neuroscience currently supports; the more defensible claim is that chronic nervous-system dysregulation produces measurable somatic symptoms, not that a shoulder ""remembers"" a specific event.",,"the chapter needs a light touch here. The opening shoulder anecdote uses the strong metaphorical version (""The shoulder is keeping the score. The shoulder is a witness""). This is defensible as clinical metaphor consistent with van der Kolk's own book title and language, but a technically precise reader could push back.","none required for this pass — the metaphor is doing rhetorical work consistent with the source material's own framing, and unwinding it would cost the chapter's voice. Flagged for Stephen's awareness.",revision-suggested,The Research Map suggests a revision that has not been confirmed in the draft.,FP-CH17-C001,,
FP-CH17-X02,FP-CH17,research-map,EDGE-1,edge,"The four reclamation interventions are clinically sound in outline but are not, on their own, sufficient treatment for significant trauma","The four reclamation interventions are clinically sound in outline but are not, on their own, sufficient treatment for significant trauma",,"the chapter already handles this — it explicitly directs readers toward clinicians, community, and Journey from the Edge for the deeper work, and frames the three starter practices as preparation rather than treatment. No adjustment needed.",,no-change-needed,,FP-CH17-C001,,
FP-CH17-X03,FP-CH17,contrarian-review,Q1,review-flag,What could a smart critic say?,"A critic could say the chapter over-claims biological specificity it can't fully back: ""The remembering is not metaphor. The remembering is biological, neurological, hormonal, postural, and behavioral"" is a strong opening assertion, and the shoulder-patient composite that follows leans on language (""the shoulder is a witness,"" ""the shoulder has been telling the patient for years"") that reads as literal tissue memory even though the chapter's own physiological account (regulatory range, trauma-conditioned activation and recovery) is the more defensible claim. The Research Map's own COUNTER-1 flags this tension and recommends no change, deferring to Stephen's ear.",,,,watch,A risk to watch; no decision required yet.,FP-CH17-C001,,
FP-CH17-X04,FP-CH17,contrarian-review,Q9,review-flag,Enough lived experience?,"One composite figure carries the whole chapter: the patient with a chronic shoulder problem that no imaging explains, in ""What the Body Remembers Without Asking the Mind."" Per §22, this composite requires Stephen's confirmation, paraphrase, or replacement with actual lived material before publication. No other personal or clinical narrative appears; the daily-life section (scanning, suppressed wanting, racial threat, performed availability) is written in general ""a person who"" constructions rather than named composites, so it doesn't carry the same §22 requirement but also doesn't add lived specificity.",,,,needs-stephen,Flagged for Stephen's decision.,FP-CH17-C001 | FP-CH17-C003 | FP-CH17-C005,,
FP-CH17-X05,FP-CH17,contrarian-review,Q12,review-flag,Sounds human?,"Contractions, active voice, and no em dashes hold throughout. No ""X, not Y"" contrast-pivot constructions found. But the chapter repeatedly stages the body and the mind as separate actors in exactly the pattern Stephen has flagged before (""never stage body vs mind/nervous system as separate actors; convert contrast into named clinical mechanism""). Specific lines to flag for Stephen's ear: - ""The shoulder is keeping the score. The patient has been treating the shoulder as a malfunction. The shoulder is a witness."" - ""The shoulder has been telling the patient for years, in a language the patient was never taught to read."" - ""The mind interprets the response as a preference, an opinion, or a personality trait. The mind has interpreted incorrectly. The response is older than the mind that is reading it."" - ""The body is the enemy. The body is what fails... The body is the witness, the partner, the teacher, the system that has been keeping the reader alive against considerable conditions."" - The section title itself, ""What the Body Remembers Without Asking the Mind,"" stages body and mind as two parties in a relationship rather than naming the mechanism (trauma-conditioned autonomic response outrunning conscious cognitive processing). This is the chapter's single largest voice risk and needs Stephen's direct read before this draft moves forward.",,,,needs-stephen,Flagged for Stephen's decision.,FP-CH17-C001 | FP-CH17-C002 | FP-CH17-C003 | FP-CH17-C004,,
FP-CH17-X06,FP-CH17,contrarian-review,Q15,review-flag,Scales to family / community / institution / society?,"The chapter stays close to the individual body and nervous system throughout. The racial-threat example gestures at a social scale (routine racial threat as a structural condition), and the reclamation interventions name relational support (a partner, a community of practice, a clinician), but the chapter doesn't extend its regulatory-range logic outward the way CH01 scaled its diagnosis from self to nation. This may be intentional given the chapter's clinical focus, but it's worth Stephen confirming the chapter doesn't need an explicit wider-scale gesture before the next chapter's shame and dissociation material.",,,,watch,A risk to watch; no decision required yet.,FP-CH17-C001 | FP-CH17-C002 | FP-CH17-C003 | FP-CH17-C004 | FP-CH17-C005,,
FP-CH18-X01,FP-CH18,research-map,COUNTER-1,counter,"Clinical dissociation (dissociative identity disorder, depersonalization-derealization disorder) is a distinct diagnostic category from the everyday ""feeling far away"" the chapter describes, and conflating them risks minimizing a serious clinical condition or over-pathologizing normal experience","Clinical dissociation (dissociative identity disorder, depersonalization-derealization disorder) is a distinct diagnostic category from the everyday ""feeling far away"" the chapter describes, and conflating them risks minimizing a serious clinical condition or over-pathologizing normal experience",,"needed a real adjustment, not just a note. Adjustment made: added a sentence directing readers whose dissociation disrupts memory, identity, or daily functioning to seek a clinician trained in dissociative disorders, rather than treating the chapter as sufficient guidance on its own.",,open,No response recorded in the Research Map.,FP-CH18-C001,,
FP-CH18-X02,FP-CH18,research-map,EDGE-1,edge,"Brown's shame/guilt research is drawn primarily from qualitative interview data (grounded theory), not experimental psychology — it is influential and widely cited in clinical practice but methodologically different from, e.g., the ACE study's epidemiological design","Brown's shame/guilt research is drawn primarily from qualitative interview data (grounded theory), not experimental psychology — it is influential and widely cited in clinical practice but methodologically different from, e.g., the ACE study's epidemiological design",,"the chapter already treats this as clinical/experiential wisdom rather than claiming experimental proof, consistent with how the source itself is positioned. No adjustment needed.",,no-change-needed,,FP-CH18-C001,,
FP-CH18-X03,FP-CH18,contrarian-review,Q1,review-flag,What could a smart critic say?,"The strongest attack: the chapter uses ""dissociation"" to describe everyday experience (numbness, feeling far away, difficulty being present) right next to a footnote citing Putnam's clinical developmental model. A critic could say the chapter borrows the authority of a diagnostic literature to describe ordinary disconnection, which either inflates common experience into pathology or quietly minimizes what clinical dissociation actually costs someone living with it. The chapter's own referral clause in the fifth section is the answer, but a skimmer who stops before that section won't reach it.",,,,watch,A risk to watch; no decision required yet.,FP-CH18-C001 | FP-CH18-C003 | FP-CH18-C005,,
FP-CH18-X04,FP-CH18,contrarian-review,Q6,review-flag,Respects structural constraints?,"The chapter names household, cultural, and religious conditions as the source of installed shame (""a household that punished anger,"" ""a culture that pathologized the child's race,"" ""a religion that pathologized the child's sexuality""), which keeps the structural frame present. But the chapter's closing move is almost entirely interior (the reader's cycle, the reader's reclamation), with only a brief nod to conditions that ""no longer require"" the old patterns. A critic could ask whether the chapter has fully left the structural analysis behind by the final section.",,,,watch,A risk to watch; no decision required yet.,FP-CH18-C001,,
FP-CH18-X05,FP-CH18,contrarian-review,Q10,review-flag,Needs research support?,"(should read mostly ✅ or ⚠️ since citation pass is complete; name what got sourced, note anything thin) ✅ The citation pass sourced both empirical threads the chapter leans on: the shame/guilt distinction (Brené Brown) and dissociation as adaptive protective compartmentalization (Putnam, cross-referenced with van der Kolk from Chapter 17). ⚠️ One thing stays thin: the chapter's claims about disconnection (the four-domain breakdown of people, body, present, future) carry no citation at all. This may be defensible as the chapter's own synthesis rather than an empirical claim requiring a source, but it's worth Stephen confirming that reading.",,,,watch,A risk to watch; no decision required yet.,FP-CH18-C001 | FP-CH18-C004 | FP-CH18-C005,,
FP-CH18-X06,FP-CH18,contrarian-review,Q12,review-flag,Sounds human?,"(Dr. Thompson's voice: contractions, no em-dashes, no ""Not X. Y."" contrast, no banned metaphors hold/land/brace, active voice, no placeholder subjects) ⚠️ No em dashes and no banned metaphors (hold, land, brace) appear in the draft. But the chapter is written almost entirely in third person without contractions, and several passages use the flat ""X is Y"" declarative rhythm repeated many times in a row (""The shame becomes infrastructure. The shame organizes the personality. The shame decides...""), which risks reading as AI-generated cadence rather than Stephen's varied sentence-length voice. This needs Stephen's ear on a fresh read, and it's flagged in CH18 - Revision Notes.",,,,watch,A risk to watch; no decision required yet.,FP-CH18-C001,,
FP-CH18-X07,FP-CH18,contrarian-review,Q15,review-flag,Scales to family / community / institution / society?,"The chapter names household, cultural, and religious conditions as sources of shame, which gestures at scale, but the chapter's cycle analysis and closing frame stay almost entirely at the individual level. There's no explicit move showing how the same shame/dissociation/disconnection cycle operates inside a family system, a workplace, or an institution, beyond the single mention of ""a worker enduring chronic hostile workplace conditions."" A brief extension could strengthen this without diluting the chapter's clinical focus.",,,,watch,A risk to watch; no decision required yet.,FP-CH18-C001,,
FP-CH19-X01,FP-CH19,research-map,COUNTER-1,counter,"The ""Soil of Safety"" six-element model risks reading as a checklist that implies reclamation is unavailable to anyone without all six elements in place, which could be discouraging or, worse, exclusionary toward readers in genuinely precarious material conditions","The ""Soil of Safety"" six-element model risks reading as a checklist that implies reclamation is unavailable to anyone without all six elements in place, which could be discouraging or, worse, exclusionary toward readers in genuinely precarious material conditions",,"the chapter already handles this directly: ""The chapter is not asking the reader to assemble the soil before beginning. The chapter is asking the reader to assemble the soil as the reader proceeds."" No adjustment needed — the guardrail is already explicit.",,no-change-needed,,FP-CH19-C001,,
FP-CH19-X02,FP-CH19,research-map,EDGE-1,edge,"The ACE study's dose-response findings are correlational, and critics have noted the original sample was a relatively affluent, majority-white, insured Kaiser population, raising questions about generalizability to the reader populations this book centers (Black, Indigenous, poor, and other structurally marginalized readers)","The ACE study's dose-response findings are correlational, and critics have noted the original sample was a relatively affluent, majority-white, insured Kaiser population, raising questions about generalizability to the reader populations this book centers (Black, Indigenous, poor, and other structurally marginalized readers)",,"worth flagging for Stephen, not a required text change. The chapter's own framing (material adequacy tied to systemic conditions like housing and medical denial) is arguably more attentive to structural causes than the original ACE study's individual-household framing. No adjustment made this pass; noted for awareness given the book's audience.",,no-change-needed,,FP-CH19-C001,,
FP-CH19-X03,FP-CH19,contrarian-review,Q1,review-flag,What could a smart critic say?,"The six-element model can read as a checklist that makes reclamation sound conditional on having all six elements already in place, which risks discouraging or excluding readers in genuinely precarious material conditions. The chapter names and answers this directly (""The chapter is not asking the reader to assemble the soil before beginning. The chapter is asking the reader to assemble the soil as the reader proceeds""), so the guardrail exists in the text. The risk is that a reader who stops at ""The Six Elements of the Soil"" before reaching that line walks away with the checklist reading intact.",,,,watch,A risk to watch; no decision required yet.,FP-CH19-C001,,
FP-CH19-X04,FP-CH19,contrarian-review,Q2,review-flag,Balance confused with compromise?,"Dynamic Balance isn't named in this chapter, but the ""six elements together"" structure is additive rather than relational, closer to an inventory than to a Dynamic Balance pairing. That's probably correct for this chapter's purpose, but it means the chapter doesn't yet show the elements interacting with or trading off against each other, only accumulating.",,,,watch,A risk to watch; no decision required yet.,FP-CH19-C001,,
FP-CH19-X05,FP-CH19,contrarian-review,Q5,review-flag,Contribution confused with self-erasure?,"The meaning element ties caring to ""the person's own life,"" ""the person's children,"" or ""a community, a vocation, a cause."" The framing stays self-directed, but a reader prone to over-identifying meaning with caregiving could read this element as license to keep giving past depletion. Worth a sentence distinguishing chosen meaning from obligation, especially since material adequacy already covers the scarcity case.",,,,watch,A risk to watch; no decision required yet.,FP-CH19-C001,,
FP-CH19-X06,FP-CH19,contrarian-review,Q9,review-flag,Enough lived experience?,"The Draft contains no composite figures and no personal or clinical example at all, unlike CH01's opening gallery. There's nothing here that needs Stephen's confirmation or replacement per §22, because nothing personal was invented. The open question is different: does this chapter's purely conceptual register (six elements walked through direct explanation, no illustrative case) serve its position in Part III, or would one grounding example strengthen it. Flag for Stephen's call, not a §22 compliance issue.",,,,needs-stephen,Flagged for Stephen's decision.,FP-CH19-C001,,
FP-CH19-X07,FP-CH19,contrarian-review,Q10,review-flag,Needs research support?,"Citation pass is complete for the two most empirically load-bearing claims: neuroception (Porges, 2004) anchors the ""conditions are biology"" claim, and the ACE study (Felitti et al., 1998) anchors material adequacy. That leaves four of six elements (relational support, meaningful structure, access to clinical support, meaning) without direct citation. That's probably acceptable since those four rest more on clinical reasoning than on a single empirical claim, but it should be a conscious choice, not an oversight. Also see EDGE-1 in CH19 - Research Map: the ACE study's original sample was a relatively affluent, majority-white, insured Kaiser population, which raises a generalizability question for this book's audience that the chapter body doesn't address.",,,,watch,A risk to watch; no decision required yet.,FP-CH19-C001 | FP-CH19-C002 | FP-CH19-C004 | FP-CH19-C005 | FP-CH19-C006,,
FP-CH19-X08,FP-CH19,contrarian-review,Q12,review-flag,Sounds human?,"The chapter's title metaphor (""soil"") is intentional and fine. The body text has real violations of the voice rules that need correction before Stephen's review: - The ""Not X. Y."" contrast-pivot construction appears at least three times: ""The conditions are not luxury. The conditions are biology,"" ""The soil is not a feeling. The soil is a structured set of resources,"" and ""The soil is not optional. The soil is the precondition. The soil is the work that allows the deeper work."" - The banned metaphor ""hold"" appears twice: ""the relationship can hold the truth"" (used once in the element description and again, nearly verbatim, in the building-the-soil section). - The banned metaphor ""land"" appears once: ""the new responses have nowhere to land."" No instance of ""brace"" was found.",,,,needs-stephen,Flagged for Stephen's decision.,FP-CH19-C001 | FP-CH19-C005,,
FP-CH19-X09,FP-CH19,contrarian-review,Q14,review-flag,Overcenters the individual?,"Material adequacy and clinical access both name systemic conditions (benefits, insurance, waitlists, medical denial), which keeps the chapter from reading as pure self-help. But ""What Building the Soil Actually Looks Like"" places nearly all the labor on the reader alone (""the work the reader's life requires,"" ""the reader installs and protects""). A reader without existing community or advocacy support could read all six elements as solo projects. A pointer toward relational or community-level support for the material-adequacy and clinical-access elements specifically (where Rooted Reclaimers already fits the ecosystem) would close this gap.",,,,watch,A risk to watch; no decision required yet.,FP-CH19-C001 | FP-CH19-C006,,
FP-CH19-X10,FP-CH19,contrarian-review,Q15,review-flag,Scales to family / community / institution / society?,"The chapter is written entirely at the scale of a single reader. Two of the six elements (relational support, meaning) already imply family and community, but the chapter never makes the scaling explicit the way CH01 does with its professions-to-society sweep. Given ""soil"" is inherently a shared, relational condition, one sentence naming how a family or a community can build shared soil together would strengthen this without adding length.",,,,watch,A risk to watch; no decision required yet.,FP-CH19-C001,,
FP-CH20-X01,FP-CH20,research-map,COUNTER-1,counter,"Self-efficacy theory describes belief in one's capability to execute a task, which is a narrower claim than the chapter's broader concept of ""choice"" as reclaimed agency — Bandura's model doesn't itself address trauma-specific barriers to choosing (e.g., dissociation, override patterns from Ch15/17/18)","Self-efficacy theory describes belief in one's capability to execute a task, which is a narrower claim than the chapter's broader concept of ""choice"" as reclaimed agency — Bandura's model doesn't itself address trauma-specific barriers to choosing (e.g., dissociation, override patterns from Ch15/17/18)",,"no adjustment needed. The chapter is explicit that this work happens ""with support"" and builds on the regulatory and safety work established in the preceding four chapters — self-efficacy is being applied as one mechanism within a larger trauma-informed frame, not as a standalone theory of change. Bandura's theory is being used for exactly what it's strong at (why repetition and small wins work), not stretched to cover what it doesn't address.",,no-change-needed,,FP-CH20-C001,,
FP-CH20-X02,FP-CH20,research-map,EDGE-1,edge,"The ""trap of performance"" section (making visible large choices before the body can integrate them) is a clinical observation without a named research thread — it reads as sound but is currently supported by chapter logic alone, not citation","The ""trap of performance"" section (making visible large choices before the body can integrate them) is a clinical observation without a named research thread — it reads as sound but is currently supported by chapter logic alone, not citation",,"flagged for Stephen. This is a defensible clinical claim consistent with trauma-informed practice generally (premature large action before nervous-system capacity exists is a recognized pattern in somatic therapy), but no single named source was identified strong enough to cite without overreaching. No citation added; the claim stands as clinical synthesis consistent with sources already cited in Chapters 16, 17, and 19.",,open,No response recorded in the Research Map.,FP-CH20-C001,,
FP-CH20-X03,FP-CH20,contrarian-review,Q1,review-flag,What could a smart critic say?,"The chapter opens with breakfast and clothing choices. A critic could read that as trivializing a reader whose actual crisis is a marriage, a job, or a diagnosis, and could accuse the chapter of offering ""eat what you want for breakfast"" as a substitute for real change. The chapter's defense is structural and arrives late: ""The Trap of Performance"" section names the exact critique the reader might be forming and explains why the small choice is the discipline, not the consolation. A skimmer who disengages before that section never gets the answer. Consider a one-sentence signal earlier, near the end of ""Where Choice Actually Lives,"" that the small choices are building toward something the reader will recognize as consequential.",,,,watch,A risk to watch; no decision required yet.,FP-CH20-C001,,"Draft 0.6 (citation pass, 2026-07-20)"
FP-CH20-X04,FP-CH20,contrarian-review,Q9,review-flag,Enough lived experience?,"No composite figures or named individuals appear anywhere in the draft. Per §22 of the Agent Build Instructions, no personal stories were invented, and none were needed to reach this point, the chapter argues entirely through direct address and generalized illustration (the breakfast choice, the declined meeting). The risk is not fabrication, it is thinness: a chapter this close to daily embodied practice may read as more credible with one grounding moment from Stephen's actual clinical or personal experience. See CH20 - Story Notes.",,,,watch,A risk to watch; no decision required yet.,FP-CH20-C001,,"Draft 0.6 (citation pass, 2026-07-20)"
FP-CH20-X05,FP-CH20,contrarian-review,Q10,review-flag,Needs research support?,"with one ⚠️ noted. The citation pass (2026-07-20) sourced the chapter's central mechanism: Bandura's self-efficacy theory anchors the entire small-to-large choice architecture. One claim remains uncited by design: ""The Trap of Performance"" is flagged in the Research Map as EDGE-1, a clinically sound but unsourced observation, left standing as synthesis consistent with sources already cited in CH16, CH17, and CH19 rather than stretched to fit a citation that would overreach. See CH20 - Research Map.",,,,watch,A risk to watch; no decision required yet.,FP-CH20-C001,,"Draft 0.6 (citation pass, 2026-07-20)"
FP-CH20-X06,FP-CH20,contrarian-review,Q14,review-flag,Overcenters the individual?,"This is the chapter's structural risk. Every example, breakfast, clothing, meetings, commitments, requests, endings, vocation, partnership, is scoped to the individual body and the individual's immediate relationships. The chapter never explicitly extends its argument to family, community, or institutional scale. This is defensible given the chapter's placement (Part III is reclamation-stage, pre-governance), but a critic could read the entire chapter as self-help individualism if it is not followed, in CH21 or Part IV, by an explicit move outward.",,,,watch,A risk to watch; no decision required yet.,FP-CH20-C001,,"Draft 0.6 (citation pass, 2026-07-20)"
FP-CH20-X07,FP-CH20,contrarian-review,Q15,review-flag,Scales to family / community / institution / society?,"The chapter does not scale beyond the individual and the individual's close relationships (the ""medium choices"" section touches household labor and a colleague boundary, which gestures at family and workplace scale, but no further). This is likely intentional, reclamation precedes governance in the Founded architecture, but it should be a named decision rather than a silent gap. Flag for Stephen: confirm the individual scope is deliberate sequencing, not an omission.",,,,needs-stephen,Flagged for Stephen's decision.,FP-CH20-C001,,"Draft 0.6 (citation pass, 2026-07-20)"
FP-CH21-X01,FP-CH21,research-map,COUNTER-1,counter,"Framing self-trust as the ""spine"" that Parts IV, V, and VI depend on risks implying that governance, discernment, and contribution are unavailable to a reader who has not yet achieved durable self-trust — which could read as gatekeeping given how slow and nonlinear the chapter itself says the work is","Framing self-trust as the ""spine"" that Parts IV, V, and VI depend on risks implying that governance, discernment, and contribution are unavailable to a reader who has not yet achieved durable self-trust — which could read as gatekeeping given how slow and nonlinear the chapter itself says the work is",,"worth a light touch, not a required change. The chapter already frames the work as continuing ""for the rest of the reader's life"" and explicitly says the practice, not the destination, is what Part III establishes (""Reclamation is not a destination""). This softens the gatekeeping risk. No adjustment made this pass.",,no-change-needed,,FP-CH21-C001,,
FP-CH21-X02,FP-CH21,research-map,EDGE-1,edge,"The three self-trust examples (anger override, emotional caretaking override, body-signal override) are illustrative composites rather than sourced case material — consistent with the rest of the book's use of representative rather than documented cases","The three self-trust examples (anger override, emotional caretaking override, body-signal override) are illustrative composites rather than sourced case material — consistent with the rest of the book's use of representative rather than documented cases",,no adjustment needed; consistent with how illustrative material has been handled throughout Parts I-III.,,no-change-needed,,FP-CH21-C001,,
FP-CH21-X03,FP-CH21,contrarian-review,Q1,review-flag,What could a smart critic say?,"The chapter names itself the ""spine"" the rest of the book depends on: ""Without it, the architectures of Parts IV, V, and VI cannot stand."" A critic reads that as a gate. If self-trust is load-bearing and the chapter's own account says self-trust ""does not arrive whole"" and ""accumulates... across months and years,"" what happens to the reader who reaches Part IV without much of it built yet? The chapter partially defends itself in ""What Closes Part III"" by insisting the practice, not the destination, is what Part III establishes, and that reclamation continues ""for the rest of the reader's life."" That defense works on a careful read but requires the reader to actually reach that section. A reader who stops at the ""spine"" line in ""What Self-Trust Allows"" gets the gatekeeping read without the guard.",,,,watch,A risk to watch; no decision required yet.,FP-CH21-C001 | FP-CH21-C002,,
FP-CH21-X04,FP-CH21,contrarian-review,Q6,review-flag,Respects structural constraints?,"The chapter is almost entirely intrapersonal, which is appropriate for its position closing Part III, but it means structural conditions (the systems that produced the survival adaptations in the first place, named heavily in Part I) are present only by inheritance, not restated here. This is defensible as chapter economy rather than a flaw, but a reader who started the book in Part III without reading Part I would miss the structural frame entirely.",,,,watch,A risk to watch; no decision required yet.,FP-CH21-C001 | FP-CH21-C002,,
FP-CH21-X05,FP-CH21,contrarian-review,Q9,review-flag,Enough lived experience?,"Per §22 of the Agent Build Instructions, the three illustrative examples in ""What Survival Did to the Signal"" (anger override, emotional-caretaking override, body-signal override) are composites/types, not documented cases, and the Research Map's EDGE-1 confirms this is consistent with how the rest of the book handles illustrative material. They still require Stephen's confirmation, paraphrase, or replacement with real lived material before publication. See CH21 - Story Notes.",,,,needs-stephen,Flagged for Stephen's decision.,FP-CH21-C001,,
FP-CH21-X06,FP-CH21,contrarian-review,Q12,review-flag,Sounds human?,"No em dashes present. No ""Not X. Y."" contrast pivots found, though two adjacent sentences come close to the pattern by defining self-trust against confidence and against self-esteem in back-to-back paragraphs (""Self-trust is not confidence... Self-trust is also not self-esteem...""); each is followed by a positive definition rather than left as a bare negation, which keeps it inside the manuscript's established voice rather than the banned construction. No banned metaphors (hold/holding, land/lands, brace) found. Active voice throughout; the one passive-leaning line, ""The signal has been silenced, redirected, or distorted,"" is a deliberate repeated refrain across all three illustrative examples and matches the canonical CH02 cadence rather than reading as an AI tell. No contractions appear anywhere in the Draft, which matches the no-contraction register established in CH01 and CH02 and documented as canonical in Voice Memory v1.1 — worth Stephen's ear once, since it diverges from the general web/app copy voice guide, but it is consistent with the rest of the manuscript.",,,,watch,A risk to watch; no decision required yet.,FP-CH21-C001 | FP-CH21-C004,,
FP-CH21-X07,FP-CH21,contrarian-review,Q14,review-flag,Overcenters the individual?,"This is the chapter's structural risk, not an incidental one. Governance, discernment, and contribution are each explained through what the individual reader does or fails to do, with no explicit scaling paragraph to family, community, or institution inside the chapter itself. The scaling exists in the book's larger architecture (Parts IV through VI extend outward), but a reader who only reads CH21 would experience it as entirely self-focused. This is defensible given the chapter's position as the individual-to-structural hinge, but it is worth a sentence bridging outward before the hand-off, if Stephen wants one.",,,,watch,A risk to watch; no decision required yet.,FP-CH21-C001,,
FP-CH21-X08,FP-CH21,contrarian-review,Q15,review-flag,Scales to family / community / institution / society?,"Contribution is the chapter's only outward-facing paragraph (""family, community, and civic life""), and it is one sentence inside a chapter otherwise pitched entirely at the single reader. The scaling argument is deferred to Part IV by design (the hand-off line names governance as what lets ""protected agency... extend outward into family, community, and civic life""), so this is a hand-off choice rather than an omission, but it means CH21 alone does not demonstrate the multi-scale frame the checklist looks for.",,,,watch,A risk to watch; no decision required yet.,FP-CH21-C001,,
FP-CH22-X01,FP-CH22,research-map,COUNTER-1,counter,Ego depletion's original experimental findings have faced significant replication challenges in the 2010s replication crisis,"Some researchers now argue the specific ""glucose/willpower as literal fuel"" mechanism Baumeister proposed does not hold up, though the broader decision-fatigue phenomenon (worse choices late in a demanding sequence) has more support than the mechanism originally proposed for it.",,"required a calibrating note in the citation itself rather than a chapter-text change. Adjustment made: the footnote explicitly flags that ""later replication challenges have refined but not eliminated the broader decision-fatigue phenomenon,"" so the citation doesn't overclaim a settled mechanism.",,open,No response recorded in the Research Map.,FP-CH22-C001 | FP-CH22-C002 | FP-CH22-C003,,
FP-CH22-X02,FP-CH22,research-map,EDGE-1,edge,"The chapter's five failures (decision drift, values inconsistency, resource leakage, relational accumulation, response paralysis) are a proprietary framework, not all individually sourced — only the fifth failure has a direct citation","The chapter's five failures (decision drift, values inconsistency, resource leakage, relational accumulation, response paralysis) are a proprietary framework, not all individually sourced — only the fifth failure has a direct citation",,"no change needed. The other four failures are framed as observational/clinical synthesis consistent with the rest of the book's approach, and forcing citations onto claims that are structural description rather than empirical claims would overreach. Flagged for Stephen's awareness that this chapter is lighter on citation density than others, appropriately, since it is largely a Part IV roadmap chapter.",,no-change-needed,,FP-CH22-C001 | FP-CH22-C003,,
FP-CH22-X03,FP-CH22,contrarian-review,Q1,review-flag,What could a smart critic say?,"Two real attacks. First, the Human Enterprise vocabulary in this chapter, CEO, enterprise, owner/employee/beneficiary, invites the ""corporatizing the human"" read even though the chapter never actually treats the reader as a business. CT03 already has the direct rebuttal (""humanizing the system, not corporatizing the human"") and CH22 should borrow it rather than leave the critic's opening unanswered. Second, ""What Part IV Will Install"" is nine paragraphs that each begin ""CHxx walks..."" A critic could fairly call this a table of contents wearing chapter clothes rather than an argument. The section is necessary as a roadmap, but it needs enough voice and variation that it reads as an invitation into Part IV rather than a syllabus.",,,,watch,A risk to watch; no decision required yet.,FP-CH22-C001,,
FP-CH22-X04,FP-CH22,contrarian-review,Q4,review-flag,Governance confused with control?,"This is the sharpest risk point in the chapter, and it opens Part IV, so it needs to hold cleanly. The draft states ""Governance is not control. Governance is not bureaucracy. Governance is structure in service of agency,"" which is correct as far as it goes and echoes CT03 almost verbatim. But it never says control over whom. Every example that follows, decision architecture, values clarity, resource protection, relational mapping, decision processing, is in fact self-directed: the person's own decisions, the person's own resources, the person's own commitments. That is the right content. The chapter just never makes the self-governance-versus-control-of-others distinction explicit, and a reader arriving from a lifetime of governance meaning ""government,"" ""boss,"" or ""parental control"" will not supply the distinction on their own. The risk compounds two chapters later: CH27's ""access levels"" language (""different relationships warrant different access to the reader's time, energy, vulnerability, and decision-making"") is about the reader's own boundaries, but out of context it can read as the reader deciding what access other people are allowed to have, i.e., controlling them. CH22 is where that reading needs to be foreclosed, once, plainly, before the vocabulary starts getting reused for nine more chapters. Recommend one direct sentence in ""What Reclaimed Agency Needs Next"" or immediately after the ""not control"" line: something like ""This governance governs the reader's own choices, resources, and commitments. It does not govern other people.""",,,,watch,A risk to watch; no decision required yet.,FP-CH22-C001 | FP-CH22-C003,,
FP-CH22-X05,FP-CH22,contrarian-review,Q9,review-flag,Enough lived experience?,"No composite figures, no clinical ""I,"" no named example appear anywhere in the chapter; it is generic structural register from the opening sentence to the close. That is a defensible choice for a Part-opening roadmap chapter, but it is a real gap next to CH01's composite gallery, and the chapter's own Story Notes recommend at least one grounding moment. Per §22 of the Agent Build Instructions, any figure added later requires Stephen's confirmation or replacement with actual lived material; none currently exists to confirm.",,,,watch,A risk to watch; no decision required yet.,FP-CH22-C001,,
FP-CH22-X06,FP-CH22,contrarian-review,Q10,review-flag,Needs research support?,"Resolved for the chapter's one empirically-loaded claim. Baumeister's decision-fatigue/ego-depletion research is cited and appropriately hedged in the footnote itself (later replication challenges ""refined but not eliminated"" the phenomenon). ⚠️ The other four failures (decision drift, values inconsistency, resource leakage, relational accumulation) remain uncited by design, per the Research Map's EDGE-1 judgment that they are structural/clinical synthesis rather than individually verifiable empirical claims. That judgment is reasonable for this chapter but is worth Stephen's explicit sign-off since it sets a lighter citation bar than CH01.",,,,watch,A risk to watch; no decision required yet.,FP-CH22-C001 | FP-CH22-C003,,
FP-CH22-X07,FP-CH22,contrarian-review,Q12,review-flag,Sounds human?,"This is the chapter's biggest open issue. The draft still carries its own header note, ""AI Generated Control Manuscript. Awaiting Stephen review,"" inside the body text, and the prose reads that way throughout: zero contractions across the entire chapter, no ""but, no,"" corrections, no ""And,"" pivots, no varied sentence rhythm. Every paragraph in ""What Goes Wrong Without Governance"" and ""What Governance Specifically Provides"" follows the identical pattern (failure/good named, defined, illustrated, consequence stated) with almost no rhythmic variation. The one place the prose echoes Stephen's actual language is the CT03-derived ""not control, not bureaucracy"" triad, and that reads more like borrowed canon than voice. This chapter is further from the CH02 canonical voice model than any other reviewed so far and needs a full pass before it can be considered drafted rather than scaffolded.",,,,needs-stephen,Flagged for Stephen's decision.,FP-CH22-C001,,
FP-CH22-X08,FP-CH22,contrarian-review,Q15,review-flag,Scales to family / community / institution / society?,"Present but thin. The scaling appears in three sentences in ""Why the Framework Has To Be Personal"" (community, family, civic life) and does not reach institution or society explicitly, where CT03's own ""Governance and Scale"" passage (individual → family → community → institution → society) walks the full ladder. CH22 does not need to repeat CT03's full walk, but a chapter that opens a Part called ""Governing Agency"" and sets vocabulary for nine more chapters could afford one more sentence closing the ladder out to institution and society.",,,,watch,A risk to watch; no decision required yet.,FP-CH22-C001,,
FP-CH23-X01,FP-CH23,research-map,COUNTER-1,counter,"Principal-agent theory was developed to explain conflicts of interest between genuinely different parties (shareholders and managers) with different information and incentives — applying it to a single person's internal roles is a metaphorical extension, not a literal application","Principal-agent theory was developed to explain conflicts of interest between genuinely different parties (shareholders and managers) with different information and incentives — applying it to a single person's internal roles is a metaphorical extension, not a literal application",,"the chapter already handles the risk of over-corporatizing the self directly and at length in its opening section (""A Phrase That Can Be Misread""), explicitly rejecting the reading that would treat the person as literally a corporation. The citation is used carefully in the footnote to name it as providing the ""structural relationship"" logic, not claiming literal agency-theory application. No further adjustment needed.",,no-change-needed,,FP-CH23-C001 | FP-CH23-C003,,
FP-CH23-X02,FP-CH23,research-map,EDGE-1,edge,"The four-role model (owner, CEO, employee, beneficiary) is original to the Human Enterprise framework and does not map perfectly onto standard business roles (e.g., most businesses don't have a distinct ""beneficiary"" role separate from shareholders)","The four-role model (owner, CEO, employee, beneficiary) is original to the Human Enterprise framework and does not map perfectly onto standard business roles (e.g., most businesses don't have a distinct ""beneficiary"" role separate from shareholders)",,"no adjustment needed. The ""beneficiary"" role is the chapter's most original contribution and is explicitly flagged as the role ""the productivity culture"" ignores — this is the chapter's point, not a citation gap.",,no-change-needed,,FP-CH23-C001 | FP-CH23-C003,,
FP-CH23-X03,FP-CH23,contrarian-review,Q1,review-flag,What could a smart critic say?,"The critic's cleanest attack is that the chapter spends its entire opening section arguing it is not what it obviously is. ""A Phrase That Can Be Misread"" pre-empts the corporate-self objection so directly and at such length that a skeptical reader may conclude the chapter is protesting too much. The second attack: the four-role model (owner, CEO, employee, beneficiary) is original to the Human Enterprise framework, not drawn from an existing management theory, so its only outside validation is a single footnote to Jensen and Meckling that supports the narrower claim of internal misalignment, not the four-role structure itself. A critic could ask why a business-derived vocabulary was chosen at all if the point is to reject business logic.",,,,watch,A risk to watch; no decision required yet.,FP-CH23-C001 | FP-CH23-C002 | FP-CH23-C003,,
FP-CH23-X04,FP-CH23,contrarian-review,Q4,review-flag,Governance confused with control?,"This is the question that needs the closest read. The CEO role is described doing five things that sound like management control: strategy, resource allocation, commitment management, decision making, review. The chapter's defense is structural rather than explicit: the CEO answers to the owner's values, and the beneficiary role exists specifically so the enterprise cannot be run purely for output. But the chapter never states outright, the way CT03 does, that ""governance is structure in service of agency... not control for control's sake."" A reader who skips the theory files and starts at CH23 could plausibly read the CEO's five functions as a control checklist rather than as agency-serving structure, especially since ""review"" and ""commitment management"" are phrased in managerial vocabulary (""conducts regular reviews of how the enterprise is performing against the mission""). The beneficiary role is the chapter's real answer to this risk, but it arrives after all five CEO functions have already been described in control-adjacent terms.",,,,watch,A risk to watch; no decision required yet.,FP-CH23-C001 | FP-CH23-C003,,
FP-CH23-X05,FP-CH23,contrarian-review,Q5,review-flag,Contribution confused with self-erasure?,"The employee role is described as doing everything from completing projects to ""raising the children, cooks the meals, exercises the body, tends to the relationships,"" all folded into one role that ""answers to the CEO and is accountable to the deliverables the CEO has assigned."" This is close to describing caregiving and embodied life as deliverables owed to an internal manager. The chapter does not explicitly guard against reading the employee role as a site of self-erasure the way CT05 guards contribution. The owner-only collapse section partially compensates (""refusing the consultation of the beneficiary as too vulnerable""), but that guard is about the owner role, not the employee role where the erasure risk actually concentrates.",,,,watch,A risk to watch; no decision required yet.,FP-CH23-C001 | FP-CH23-C003,,
FP-CH23-X06,FP-CH23,contrarian-review,Q14,review-flag,Overcenters the individual?,"This is the chapter's real vulnerability, and it deserves depth rather than a checkbox. The CEO-of-self metaphor is corporate and individualist by construction: an enterprise with one owner, one executive, one workforce, and one beneficiary has no room in its structure for anyone else. The chapter's opening section defends against reading the reader as a literal corporation, but it does not defend against the narrower and more damaging reading: that the entire model of governing one's life plays out inside a closed loop of four internal roles, with no named role for family, community, or relational obligation to enter the decision process at all. The owner's question (""what values will govern it?"") could import relational values, and the beneficiary's question (""is the life I am actually living the life this enterprise was meant to produce?"") could import relational judgment, but the chapter never says so. As written, a reader could complete this chapter believing that good self-governance is a wholly internal transaction between four versions of themselves, which is close to the self-optimization framing the book elsewhere argues against. This does not sink the chapter, since Part IV's later chapters may supply the relational and structural context CH23 is missing, but CH23 itself does not signal that more is coming. Stephen should decide whether to add one sentence naming that the owner and beneficiary roles are shaped by relationships and structural conditions the reader did not choose, so the model does not read as self-contained.",,,,needs-stephen,Flagged for Stephen's decision.,FP-CH23-C001 | FP-CH23-C003,,
FP-CH23-X07,FP-CH23,contrarian-review,Q15,review-flag,Scales to family / community / institution / society?,"The chapter does not scale, and does not attempt to. Every sentence is written at the level of a single person's internal architecture. There is no bridge sentence showing how the four-role model might extend to a family's shared governance, a community's mutual accountability, or an institution's structure, even though CT03 explicitly extends governance to family, community, and institution in its own working definition. This is consistent with item 14 above: the individual-scale focus and the scaling gap are the same underlying issue seen from two checklist angles. Given that Part IV is titled Governing Agency and CH23 is an early chapter in it, some readers will expect the scaling gesture here rather than later.",,,,needs-stephen,Flagged for Stephen's decision.,FP-CH23-C001,,
FP-CH24-X01,FP-CH24,research-map,COUNTER-1,counter,"Bourdieu's framework was built to explain class reproduction across a society (how privilege perpetuates itself across generations), not individual personal-finance-style management — applying it to one person's governance practice changes its purpose substantially","Bourdieu's framework was built to explain class reproduction across a society (how privilege perpetuates itself across generations), not individual personal-finance-style management — applying it to one person's governance practice changes its purpose substantially",,"worth noting for Stephen, not a required change. The chapter's seven-capital framework is explicitly a personal governance tool, not a sociological analysis of inequality, and the footnote already names this shift in scale explicitly (""applies Bourdieu's foundational insight... to the scale of a single person's daily governance rather than to class reproduction across a society""). No further adjustment needed.",,open,No response recorded in the Research Map.,FP-CH24-C001,,
FP-CH24-X02,FP-CH24,research-map,EDGE-1,edge,"The chapter's seven forms (financial, time, attention, health, relational, knowledge, reputational) go well beyond Bourdieu's original three (economic, cultural, social) — the extension is the Founded Project's own, not Bourdieu's","The chapter's seven forms (financial, time, attention, health, relational, knowledge, reputational) go well beyond Bourdieu's original three (economic, cultural, social) — the extension is the Founded Project's own, not Bourdieu's",,"no adjustment needed. The chapter is honest about this extension, explicitly noting other frameworks name additional forms (creative, spiritual, civic, generational capital) and that ""the seven forms above are the operational minimum,"" not a claim that Bourdieu himself proposed exactly these seven.",,no-change-needed,,FP-CH24-C001 | FP-CH24-C004,,
FP-CH24-X03,FP-CH24,contrarian-review,Q1,review-flag,What could a smart critic say?,"The obvious attack: this is personal-finance logic laundered into every other domain of life, and calling health, relationships, and reputation ""capital"" imports a market vocabulary that flattens what should stay outside market logic. A second, quieter attack: the chapter names seven forms with confident symmetry (financial, time, attention, health, relational, knowledge, reputational) when the forms are not actually symmetrical, financial capital is liquid and fungible in ways reputational capital never is, and the parallel structure of ""The Seven Forms"" section may oversell how alike these things really are.",,,,watch,A risk to watch; no decision required yet.,FP-CH24-C001 | FP-CH24-C002 | FP-CH24-C004,,"Draft 0.6 (citation pass, 2026-07-20)"
FP-CH24-X04,FP-CH24,contrarian-review,Q6,review-flag,Respects structural constraints?,"This is the chapter's real exposure point. A ""capital"" framing for non-financial resources risks implying that anyone can build health capital or relational capital through the right practices, when real structural and economic barriers (a job with no sick leave, a neighborhood without safe outdoor space, a family history with no generational capital to draw on) shape how much of each form is actually buildable. The chapter gestures at this once, ""Generational capital that arrives through ancestry, family wealth, family education, and family network"" is named as a form the person did not choose, but the chapter does not return to how unequal starting stock across the seven forms changes what ""deliberate management"" can accomplish for a reader with fewer reserves to begin with.",,,,watch,A risk to watch; no decision required yet.,FP-CH24-C001 | FP-CH24-C002 | FP-CH24-C004,,"Draft 0.6 (citation pass, 2026-07-20)"
FP-CH24-X05,FP-CH24,contrarian-review,Q8,review-flag,Avoids false equivalence?,"Related to item 6. Equating financial, relational, and health capital as seven parallel ""forms"" risks flattening real differences in how each is acquired, protected, and lost. The chapter's own ""How the Forms Interact"" section partially guards against this by insisting the conversion rates are ""often unfavorable"" and specific to each pairing rather than treating all seven as interchangeable currency, but the section headers (""The Seven Forms"") still present them with a uniformity the content itself complicates.",,,,watch,A risk to watch; no decision required yet.,FP-CH24-C001 | FP-CH24-C002 | FP-CH24-C004,,"Draft 0.6 (citation pass, 2026-07-20)"
FP-CH24-X06,FP-CH24,contrarian-review,Q9,review-flag,Enough lived experience?,"One composite figure, ""the executive with deep financial literacy and no relational literacy,"" appears in the Overview's Opening Story Candidates but is not actually used as a scene in the Draft body. Per §22 of the Agent Build Instructions, this composite requires Stephen's confirmation, paraphrase, or replacement with real lived material before it can be used, or it should be dropped if the chapter is staying in framing-and-analysis mode. See CH24 - Story Notes.",,,,needs-stephen,Flagged for Stephen's decision.,FP-CH24-C001 | FP-CH24-C002,,"Draft 0.6 (citation pass, 2026-07-20)"
FP-CH24-X07,FP-CH24,contrarian-review,Q14,review-flag,Overcenters the individual?,"The chapter is explicitly single-person governance (""the scale of a single person's daily governance,"" per the Bourdieu footnote), and it names that scoping honestly. But because the chapter never returns to the structural-constraints question raised in item 6, the individual-scale frame can read as the whole picture rather than a deliberate zoom, especially since Part IV's earlier chapters may have already established the structural conditions the individual is governing inside of. Confirm the part-level framing carries that context forward into CH24.",,,,watch,A risk to watch; no decision required yet.,FP-CH24-C001 | FP-CH24-C002 | FP-CH24-C004,,"Draft 0.6 (citation pass, 2026-07-20)"
FP-CH24-X08,FP-CH24,contrarian-review,Q15,review-flag,Scales to family / community / institution / society?,"The chapter stays at the individual scale throughout; none of the seven forms are explicitly walked at family, community, or institutional scale, though the underlying logic (a family has relational capital, a community has reputational capital, an institution has knowledge capital) would extend cleanly. This may be intentional scoping for this chapter with the extension left to later material, but it is worth confirming rather than assuming.",,,,watch,A risk to watch; no decision required yet.,FP-CH24-C001 | FP-CH24-C004,,"Draft 0.6 (citation pass, 2026-07-20)"
FP-CH25-X01,FP-CH25,research-map,COUNTER-1,counter,"The ostrich effect research is specifically about checking-frequency behavior (how often people look at brokerage accounts or bet statuses), which is a narrower claim than the chapter's broader assertion that people ""cannot describe their own enterprise with comparable accuracy"" across all seven capital forms","The ostrich effect research is specifically about checking-frequency behavior (how often people look at brokerage accounts or bet statuses), which is a narrower claim than the chapter's broader assertion that people ""cannot describe their own enterprise with comparable accuracy"" across all seven capital forms",,"no adjustment needed. The citation is deployed narrowly and correctly — attached specifically to the financial-liabilities sentence, not extended to cover the chapter's broader claims about non-financial capital forms, which the chapter itself treats as under-inventoried for a different reason (never having been asked to do so) rather than avoidance.",,no-change-needed,,FP-CH25-C001,,
FP-CH25-X02,FP-CH25,research-map,EDGE-1,edge,"The inventory's ""honest accounting"" practice, while clinically sound as a governance tool, risks becoming another site of self-judgment or shame for readers already prone to harsh self-assessment, which earlier Part III chapters (shame, self-trust) specifically warned against","The inventory's ""honest accounting"" practice, while clinically sound as a governance tool, risks becoming another site of self-judgment or shame for readers already prone to harsh self-assessment, which earlier Part III chapters (shame, self-trust) specifically warned against",,"worth flagging, not a required change this pass. The chapter's ""What Honest Accounting Specifically Means"" section already frames both over-minimizing debts and under-claiming assets as ""distortions"" requiring correction in both directions, which mitigates the shame risk somewhat by normalizing both failure modes. No adjustment made.",,no-change-needed,,FP-CH25-C001,,
FP-CH25-X03,FP-CH25,contrarian-review,Q1,review-flag,What could a smart critic say?,"Two real attacks. First: turning a life into a three-column, seven-row spreadsheet risks reading as productivity-culture self-tracking wearing a governance costume, exactly the kind of instrumentalizing of the self the book elsewhere argues against. Second: the chapter asks an already-exhausted reader (the reader CH01 and CH02 diagnosed) to complete a fairly heavy inventory exercise, and a skimmer may bounce off the density of the seven-row walkthrough before reaching ""What the Inventory Allows,"" where the payoff for doing the work actually lands.",,,,watch,A risk to watch; no decision required yet.,FP-CH25-C001,,"Draft 0.6 (citation pass, 2026-07-20)"
FP-CH25-X04,FP-CH25,contrarian-review,Q3,review-flag,Agency confused with blame?,"The chapter is careful in places: it attributes incomplete self-knowledge of liabilities to a documented avoidance mechanism (the ostrich effect) rather than to a personal character flaw, and it names under-claiming assets as something ""the culture trained them to do."" But the opening line, ""most adults cannot describe their own enterprise with comparable accuracy,"" lands close to a verdict on the reader before the structural explanation arrives two sentences later. Worth a read for whether the diagnosis-before-explanation ordering reads as judgment or as an honest opening claim.",,,,watch,A risk to watch; no decision required yet.,FP-CH25-C001 | FP-CH25-C003,,"Draft 0.6 (citation pass, 2026-07-20)"
FP-CH25-X05,FP-CH25,contrarian-review,Q9,review-flag,Enough lived experience?,"No composite figures or named individuals appear in Draft 0.6; the chapter's only figure is the abstract pattern description in the Overview file, which is not a person and needs no confirmation. If a future revision adds a grounding example, it must come from real material per §22. See CH25 - Story Notes for real candidates already flagged in the Personal Stories Index (financial collapse, house sale, household burn rate) that require Stephen's confirmation and, in one case, his wife's consent, before any use.",,,,needs-stephen,Flagged for Stephen's decision.,FP-CH25-C001,,"Draft 0.6 (citation pass, 2026-07-20)"
FP-CH25-X06,FP-CH25,contrarian-review,Q12,review-flag,Sounds human?,"Mostly holds. Present tense is used consistently for structural conditions, ""this chapter"" is used per Stephen's preference, and the single-footnote citation style matches CH01's approach. Two watch items: first, ""the practice surfaces what the person has been carrying without naming"" uses ""carrying"" as a metaphor for holding unnamed material, which sits in the same slip-up category as the banned ""hold/holding"" pattern and should get Stephen's ear. Second, the seven-row enumeration (""Assets include... Liabilities include... Developable capacities include..."") repeats the same three-clause template across all seven rows with almost no ""but, no,"" or ""And,"" beats to break the rhythm, which risks reading as structured output rather than Stephen's conversational register even though no individual sentence trips a rule.",,,,watch,A risk to watch; no decision required yet.,FP-CH25-C001,,"Draft 0.6 (citation pass, 2026-07-20)"
FP-CH25-X07,FP-CH25,contrarian-review,Q14,review-flag,Overcenters the individual?,"The entire inventory is self-scale by design, and the chapter never gestures outward to family or household during the walkthrough itself. This appears intentional, since CH26 (the personal board) is the chapter that brings in outside counsel, but a reader who stops at CH25 could walk away with a purely solitary practice. Confirm this staging is deliberate rather than an oversight.",,,,watch,A risk to watch; no decision required yet.,FP-CH25-C001,,"Draft 0.6 (citation pass, 2026-07-20)"
FP-CH25-X08,FP-CH25,contrarian-review,Q15,review-flag,Scales to family / community / institution / society?,"This chapter stays at the individual scale throughout. The only outward gesture is the closing hand-off to CH26 (the board, i.e., other people consulted on the inventory) and the Journey from the Edge cross-reference. Unlike CH01, which built its scaling explicitly into the chapter body, CH25 defers all scaling to the next chapter. Confirm with Stephen whether this is the intended division of labor between CH25 and CH26 or whether CH25 needs at least one sentence acknowledging that household finances and relational debts are rarely inventoried by one person alone.",,,,needs-stephen,Flagged for Stephen's decision.,FP-CH25-C001,,"Draft 0.6 (citation pass, 2026-07-20)"
FP-CH26-X01,FP-CH26,research-map,COUNTER-1,counter,"Kahneman's research is about organizational and professional judgment (underwriters, judges, forecasters), not personal life-advice relationships — the chapter's application to a five-role personal board (elder, technical advisor, peer challenger, cultural translator, soul friend) extends the finding into an interpersonal domain the research didn't directly study","Kahneman's research is about organizational and professional judgment (underwriters, judges, forecasters), not personal life-advice relationships — the chapter's application to a five-role personal board (elder, technical advisor, peer challenger, cultural translator, soul friend) extends the finding into an interpersonal domain the research didn't directly study",,"no adjustment needed. The extension is reasonable and the footnote frames it correctly as an ""operationalization,"" not a claim that Kahneman studied personal boards specifically. The underlying mechanism (diverse independent perspectives reduce blind spots) generalizes reasonably from professional to personal judgment.",,no-change-needed,,FP-CH26-C001,,
FP-CH26-X02,FP-CH26,research-map,EDGE-1,edge,"A poorly assembled board (all similar in background, all conflict-avoidant, all financially dependent on the person) could produce the appearance of diverse counsel while actually reproducing the same blind spots — homogeneity risk","A poorly assembled board (all similar in background, all conflict-avoidant, all financially dependent on the person) could produce the appearance of diverse counsel while actually reproducing the same blind spots — homogeneity risk",,"the chapter already partially addresses this through the ""cultural translator"" role, which is explicitly designed to cross identity distance the person's other counsel doesn't have access to. No further adjustment needed, though Stephen may want to make the homogeneity risk more explicit in a future revision.",,open,No response recorded in the Research Map.,FP-CH26-C001 | FP-CH26-C003,,
FP-CH26-X03,FP-CH26,contrarian-review,Q1,review-flag,What could a smart critic say?,"The chapter reduces real relationships to five functional roles (elder, technical advisor, peer challenger, cultural translator, soul friend) inside a chapter built entirely on corporate-governance vocabulary: board of directors, board of trustees, advisory council, war room. A critic could argue this instrumentalizes the people closest to the reader, treating them as an org chart to be filled rather than as people to be loved. ""How to Maintain the Board Across Years"" pushes back with the reciprocity paragraph, but the pushback arrives in the fifth of six sections, after four sections of role-and-function language have already done their work.",,,,watch,A risk to watch; no decision required yet.,FP-CH26-C001,,"Draft 0.6 (citation pass, 2026-07-20)"
FP-CH26-X04,FP-CH26,contrarian-review,Q9,review-flag,Enough lived experience?,"No composite figures appear anywhere in the chapter, which means nothing here needs confirmation under §22. But the absence cuts the other way: this is the most fully expository chapter drafted in Part IV so far, with no personal or narrative grounding at all. Stephen has real material indexed to this exact chapter (Personal Stories Index entries #040, #071, #075: his NWHSU professorship and clinic supervision, and the canon line ""The CEO decides. The board informs. The AI organizes."") that is not yet used. See CH26 - Story Notes.",,,,watch,A risk to watch; no decision required yet.,FP-CH26-C001,,"Draft 0.6 (citation pass, 2026-07-20)"
FP-CH26-X05,FP-CH26,contrarian-review,Q10,review-flag,Needs research support?,"Resolved by the 2026-07-20 citation pass for the one empirical claim the chapter makes. ""A person with counsel makes decisions inside a wider field"" and the blind-spot claim are sourced to Kahneman, Sibony, and Sunstein's Noise and its decision-hygiene research. ⚠️ This is a single source thread carrying the entire chapter's research load, and the Research Map's COUNTER-1 correctly notes Kahneman's research studied professional judgment (underwriters, judges, forecasters), not personal advisory relationships. The extension is reasonable but not identical, and a second source, such as mentorship or sponsorship research, would strengthen the base.",,,,watch,A risk to watch; no decision required yet.,FP-CH26-C001 | FP-CH26-C002 | FP-CH26-C003,,"Draft 0.6 (citation pass, 2026-07-20)"
FP-CH26-X06,FP-CH26,contrarian-review,Q12,review-flag,Sounds human?,"""What a Personal Board Is and Is Not"" runs the same negation three times in a row: ""The board is not a friend group. Friends serve other functions. The board is not a therapy group. Therapy serves other functions. The board is not a peer support network. Networks serve other functions."" This is not the banned ""Not X. Y."" single-sentence contrast construction, but it is a repeated negation-list pattern that can read as formulaic on a close ear. No em dashes found. No banned metaphors (""hold,"" ""land,"" ""brace"") found. The chapter uses no contractions anywhere, which is a real register shift from CH02's canonical voice; confirm whether that is intentional for an instructional chapter or needs warming.",,,,watch,A risk to watch; no decision required yet.,FP-CH26-C001,,"Draft 0.6 (citation pass, 2026-07-20)"
FP-CH26-X07,FP-CH26,contrarian-review,Q14,review-flag,Overcenters the individual?,"The chapter is about relational counsel, which structurally works against pure individualism, but every example and every role stays scoped to one person's personal decisions. See item 15.",,,,watch,A risk to watch; no decision required yet.,FP-CH26-C001,,"Draft 0.6 (citation pass, 2026-07-20)"
FP-CH26-X08,FP-CH26,contrarian-review,Q15,review-flag,Scales to family / community / institution / society?,"The chapter opens with institutional analogues (corporation, nonprofit, campaign) purely as rhetorical device, then never returns to those scales. A reader is left without guidance on whether a family needs a shared board, whether a community organization's leadership needs this same architecture applied collectively, or how the board concept scales past the individual reader.",,,,watch,A risk to watch; no decision required yet.,FP-CH26-C001,,"Draft 0.6 (citation pass, 2026-07-20)"
FP-CH27-X01,FP-CH27,research-map,COUNTER-1,counter,Dunbar's numbers are descriptive (this is roughly how relationships naturally distribute) while the chapter's access levels are prescriptive (assign relationships deliberately) — the chapter risks implying Dunbar's research validates a specific management practice it doesn't directly address,Dunbar's numbers are descriptive (this is roughly how relationships naturally distribute) while the chapter's access levels are prescriptive (assign relationships deliberately) — the chapter risks implying Dunbar's research validates a specific management practice it doesn't directly address,,"the footnote already handles this distinction explicitly: ""the chapter's five access levels are a functional, decision-oriented version of Dunbar's descriptive layers."" No further adjustment needed — the citation is framed as inspiration/parallel structure, not as direct empirical validation of the prescriptive framework.",,no-change-needed,,FP-CH27-C001 | FP-CH27-C002 | FP-CH27-C003,,
FP-CH27-X02,FP-CH27,research-map,EDGE-1,edge,"Dunbar's numbers have faced their own replication and generalizability critiques (some researchers argue the ""150"" figure in particular doesn't hold up as a hard cognitive limit across contexts)","Dunbar's numbers have faced their own replication and generalizability critiques (some researchers argue the ""150"" figure in particular doesn't hold up as a hard cognitive limit across contexts)",,"worth noting for Stephen. Because the chapter's citation leans on the qualitative structure (nested layers of decreasing intimacy) rather than the specific numbers, the exact figures being contested doesn't undermine the citation's use here. No adjustment made.",,no-change-needed,,FP-CH27-C001 | FP-CH27-C002 | FP-CH27-C003,,
FP-CH27-X03,FP-CH27,contrarian-review,Q1,review-flag,What could a smart critic say?,"A five-level, numbered ""access"" framework reads close to a CRM tiering system applied to human relationships, and a critic could say the chapter reduces people to categories with response-time SLAs attached (""returns the neighbor's calls within a week... the colleague's calls within a day... the partner's calls within an hour""). The chapter anticipates the objection directly in its closing line, ""The framework is not cold. The framework is the precondition for actual warmth,"" but that claim is asserted rather than shown, since no lived example in the draft demonstrates the framework producing warmth rather than distance.",,,,watch,A risk to watch; no decision required yet.,FP-CH27-C001,,"Draft 0.6 (citation pass, 2026-07-20)"
FP-CH27-X04,FP-CH27,contrarian-review,Q7,review-flag,Protects moral boundaries?,"The ""harm"" paragraph under renegotiation (a family member moving from level one to level three ""during a season of harm"") is the chapter's one moral-boundary moment, and it holds, but it never names the Moral Boundary Principle explicitly or draws the line between ordinary relational friction and the kind of harm that actually warrants the move. A reader working through active abuse could read the paragraph as too soft. Worth an explicit CT15 cross-reference or one clarifying sentence.",,,,watch,A risk to watch; no decision required yet.,FP-CH27-C001,,"Draft 0.6 (citation pass, 2026-07-20)"
FP-CH27-X05,FP-CH27,contrarian-review,Q9,review-flag,Enough lived experience?,"The draft contains zero composite figures, clinical examples, or personal disclosure. Every paragraph is framework and analysis. This is not a §22 violation since nothing invented needs confirming or replacing, but it does raise the question item 1 already flagged: whether the chapter needs one grounding example, real or composite, to keep the framework from reading as purely administrative. Stephen should decide.",,,,needs-stephen,Flagged for Stephen's decision.,FP-CH27-C001,,"Draft 0.6 (citation pass, 2026-07-20)"
FP-CH27-X06,FP-CH27,contrarian-review,Q12,review-flag,Sounds human?,"The draft uses zero contractions across roughly 1,900 words: ""does not,"" ""is not,"" ""cannot,"" ""the framework is not cold"" throughout. This is a direct, chapter-wide violation of the canonical voice rule and is the single largest revision item before this draft can move forward. No em dashes appear. No ""hold/holding,"" ""land/lands,"" or ""brace"" appear. No ""Not X. Y."" contrast constructions appear. The repeated parallel construction in ""Why the Assignment Matters"" (""The reader who grants level one access to twenty people... The reader who grants level five access to everyone..."") reads as an intentional rhetorical device consistent with Stephen's patterns elsewhere, not a formulaic AI tell, but it is close enough to the line that Stephen's ear should confirm it on a fresh read.",,,,needs-stephen,Flagged for Stephen's decision.,FP-CH27-C001,,"Draft 0.6 (citation pass, 2026-07-20)"
FP-CH27-X07,FP-CH27,contrarian-review,Q14,review-flag,Overcenters the individual?,"The chapter is framed entirely around the reader's own calendar, attention, and bandwidth. Family, colleagues, community members, and institutions all appear only as categories the reader allocates access to, never as agents with their own governing capacity being discussed on their own terms. This is defensible for a chapter about the reader's own relational governance, but it sits close to the individual-centering risk this checklist exists to catch.",,,,watch,A risk to watch; no decision required yet.,FP-CH27-C001,,"Draft 0.6 (citation pass, 2026-07-20)"
FP-CH27-X08,FP-CH27,contrarian-review,Q15,review-flag,Scales to family / community / institution / society?,"The five levels do span scale in categorical terms: family and closest friends at level one, colleagues and institutions at level three, community members at level four, the public at level five. But the chapter never draws out the parallel case explicitly, that a family, a team, or an institution faces the same finite-capacity problem and could apply the same framework to who gets access to its resources, trust, or attention. One sentence extending the frame outward would strengthen this considerably.",,,,watch,A risk to watch; no decision required yet.,FP-CH27-C001,,"Draft 0.6 (citation pass, 2026-07-20)"
FP-CH28-X01,FP-CH28,research-map,COUNTER-1,counter,"The hot-cold empathy gap research is primarily about predicting one's own future behavior under different visceral states (hunger, pain, arousal) — the chapter extends it to values under general life stress (deadlines, overwhelm, conflict), which is a broader and less visceral category of ""hot"" state than the original research's focus","The hot-cold empathy gap research is primarily about predicting one's own future behavior under different visceral states (hunger, pain, arousal) — the chapter extends it to values under general life stress (deadlines, overwhelm, conflict), which is a broader and less visceral category of ""hot"" state than the original research's focus",,"no adjustment needed. The underlying mechanism (cold-state prediction failing to anticipate hot-state behavior) generalizes reasonably to stress broadly, and the chapter's claim is about the general phenomenon rather than a specific visceral trigger. The extension is consistent with how the concept has been applied in subsequent literature beyond Loewenstein's original medical-decision context.",,no-change-needed,,FP-CH28-C001 | FP-CH28-C003,,
FP-CH28-X02,FP-CH28,research-map,EDGE-1,edge,"The chapter's four practices for building ""robust values"" (honest naming, values revision, conditional protection, regular review) are the chapter's own operational framework and are not directly derived from the hot-cold empathy gap research, which primarily diagnoses the problem rather than prescribing the solution","The chapter's four practices for building ""robust values"" (honest naming, values revision, conditional protection, regular review) are the chapter's own operational framework and are not directly derived from the hot-cold empathy gap research, which primarily diagnoses the problem rather than prescribing the solution",,no adjustment needed. This is consistent with how the book generally uses external research to validate diagnosis while developing its own operational practices — the same pattern used throughout Parts II-IV.,,no-change-needed,,FP-CH28-C001,,
FP-CH28-X03,FP-CH28,contrarian-review,Q1,review-flag,What could a smart critic say?,"The chapter reads, section by section, as a values-improvement checklist: name the gap, revise, protect, review. A critic could call this self-help formula dressed in Founded language, especially in ""What the Values Look Like in Operation,"" where all five scenes resolve cleanly (the reader declines, discloses, declines again, has the conversation, declines a third time). No scene shows the practice failing or costing more than the chapter admits. The chapter's own ""What Values Cannot Do"" section is the honest answer to this critique, but it arrives after five consecutive success scenes have already set the reader's expectations.",,,,watch,A risk to watch; no decision required yet.,FP-CH28-C001,,"Draft 0.6 (citation pass, 2026-07-20)"
FP-CH28-X04,FP-CH28,contrarian-review,Q6,review-flag,Respects structural constraints?,"The chapter is almost entirely internal: naming, revision, protection, and review are all things the reader does alone. It gestures at structural constraint once (""A reader who values rest cannot rest inside conditions that do not allow rest"") but does not develop what happens when the reader's actual conditions, an unsupportive workplace, a partner who does not share the value, poverty, make the four practices materially harder to execute for some readers than others.",,,,watch,A risk to watch; no decision required yet.,FP-CH28-C001,,"Draft 0.6 (citation pass, 2026-07-20)"
FP-CH28-X05,FP-CH28,contrarian-review,Q9,review-flag,Enough lived experience?,"The chapter has zero composite figures and zero named individuals; it runs entirely in second-person address to ""the reader."" This avoids the composite-figure risk that CH01 carries, but it also means the chapter has no grounding scene at all. See CH28 - Story Notes for a real candidate from the Personal Stories Index (entry 009) that could ground a future revision, pending Stephen's confirmation per §22 of the Agent Build Instructions.",,,,needs-stephen,Flagged for Stephen's decision.,FP-CH28-C001,,"Draft 0.6 (citation pass, 2026-07-20)"
FP-CH28-X06,FP-CH28,contrarian-review,Q10,review-flag,Needs research support?,"Resolved by the 2026-07-20 citation pass. The chapter's central diagnostic claim, that a calm-state self cannot accurately predict a stressed-state self's behavior, is sourced to Loewenstein's hot-cold empathy gap research. See CH28 - Research Map. ⚠️ The four practices themselves (naming, revision, protection, review) are the chapter's own operational framework, not derived from the cited research, which the Research Map logs as EDGE-1 and treats as consistent with how the book uses research elsewhere.",,,,watch,A risk to watch; no decision required yet.,FP-CH28-C001 | FP-CH28-C002 | FP-CH28-C003,,"Draft 0.6 (citation pass, 2026-07-20)"
FP-CH28-X07,FP-CH28,contrarian-review,Q14,review-flag,Overcenters the individual?,"This is the chapter's central risk. Every practice, every scene, and every takeaway operates entirely at the level of the single reader's internal work. Family, community, and institutional scales are not addressed anywhere in the Draft. The chapter could state directly, even briefly, that values built this way are what a reader brings into family and civic life, so the individual-level work does not read as the whole picture.",,,,watch,A risk to watch; no decision required yet.,FP-CH28-C001,,"Draft 0.6 (citation pass, 2026-07-20)"
FP-CH28-X08,FP-CH28,contrarian-review,Q15,review-flag,Scales to family / community / institution / society?,"The chapter does not scale beyond the individual anywhere in the current Draft. ""Family"" appears only as an example value the reader holds (declining a project that would compromise family time), not as a scale the chapter's practices extend to. This is the clearest gap against the Founded model's expectation that agency work names its path outward to family, community, institution, and society.",,,,needs-stephen,Flagged for Stephen's decision.,FP-CH28-C001,,"Draft 0.6 (citation pass, 2026-07-20)"
FP-CH29-X01,FP-CH29,research-map,COUNTER-1,counter,"This is a business-practice citation (documented organizational behavior), not peer-reviewed research — it is validating precedent, not empirical proof that the practice improves decision quality in a measurable, generalizable way","This is a business-practice citation (documented organizational behavior), not peer-reviewed research — it is validating precedent, not empirical proof that the practice improves decision quality in a measurable, generalizable way",,"worth flagging for Stephen. The citation is appropriately framed as precedent (""a personal-scale adaptation of the same discipline"") rather than as a claim of experimental validation. This is consistent with how the book treats other practice-based citations (e.g., CH12's Facebook motto change) as illustrative precedent rather than as peer-reviewed proof.",,open,No response recorded in the Research Map.,FP-CH29-C001,,
FP-CH29-X02,FP-CH29,research-map,EDGE-1,edge,The bylaw half of the chapter (recording recurring decisions to avoid repeated deliberation) has no direct citation — it's consistent with decision-fatigue research (cross-referenced from CH22's Baumeister citation) but wasn't independently sourced this pass,The bylaw half of the chapter (recording recurring decisions to avoid repeated deliberation) has no direct citation — it's consistent with decision-fatigue research (cross-referenced from CH22's Baumeister citation) but wasn't independently sourced this pass,,"no separate citation added. The bylaw practice's underlying logic, that pre-deciding recurring decisions preserves decision capacity, is the same mechanism CH22's Baumeister citation already established for the book. Adding a second citation here would be redundant rather than additive.",,open,No response recorded in the Research Map.,FP-CH29-C001,,
FP-CH29-X03,FP-CH29,contrarian-review,Q1,review-flag,What could a smart critic say?,"The chapter risks reading as corporate paperwork imported into personal life. Nine memo elements and five bylaw elements, laid out like a template, will strike some readers as overengineered for a decision like whether to attend an optional meeting. The chapter's defense is direct: ""A reader who decides each of these freshly every time pays the deliberation cost each time."" That's a real answer, but it lands as assertion rather than demonstration. A worked example showing the deliberation-cost math (how many times a bylaw decision recurs, what each fresh deliberation actually costs) would make the claim land harder than it currently does.",,,,watch,A risk to watch; no decision required yet.,FP-CH29-C001 | FP-CH29-C003,,"Draft 0.6 (citation pass, 2026-07-20)"
FP-CH29-X04,FP-CH29,contrarian-review,Q9,review-flag,Enough lived experience?,"The chapter currently uses no composite figures or lived examples at all, only the general ""reader"" and two illustrative bylaws (optional meetings, family loans) written in hypothetical third-person (""A reader's bylaw on family loans might say...""). This is thinner than most chapters in the manuscript. See CH29 - Story Notes for candidates. Nothing here requires §22 confirmation because nothing is a composite figure yet, but the chapter would likely benefit from at least one.",,,,needs-stephen,Flagged for Stephen's decision.,FP-CH29-C001,,"Draft 0.6 (citation pass, 2026-07-20)"
FP-CH29-X05,FP-CH29,contrarian-review,Q10,review-flag,Needs research support?,Resolved by the 2026-07-20 citation pass. The Bezos/Amazon narrative-memo precedent is cited and correctly framed as precedent rather than experimental proof. ⚠️ The bylaw half of the chapter has no independent citation; it leans on the Baumeister decision-fatigue citation already established in CH22. See CH29 - Research Map EDGE-1.,,,,watch,A risk to watch; no decision required yet.,FP-CH29-C001 | FP-CH29-C002 | FP-CH29-C003,,"Draft 0.6 (citation pass, 2026-07-20)"
FP-CH29-X06,FP-CH29,contrarian-review,Q12,review-flag,Sounds human?,"The prose is clean and holds no em dashes, no ""Not X. Y."" constructions, and no banned metaphors. But it is also unusually dry for a Stephen chapter: short declaratives stack (""A bylaw includes the following elements. The decision class. What kind of decision the bylaw governs."") without the ""And,"" pivots, ""but, no,"" corrections, or varied sentence length that mark his canonical voice in CH02. This reads more like a specification document than a chapter. Stephen's ear should decide whether this register is intentional (a template chapter earns a template voice) or needs a pass to bring in more of his rhythm.",,,,watch,A risk to watch; no decision required yet.,FP-CH29-C001,,"Draft 0.6 (citation pass, 2026-07-20)"
FP-CH29-X07,FP-CH29,contrarian-review,Q14,review-flag,Overcenters the individual?,"The chapter stays entirely at the individual scale. The two worked bylaw examples (meetings, family loans) touch family and work, but the chapter never explicitly names how the practice scales past the individual reader's own document. This is defensible for a chapter about a personal-scale tool, but it leaves item 15 thin.",,,,watch,A risk to watch; no decision required yet.,FP-CH29-C001,,"Draft 0.6 (citation pass, 2026-07-20)"
FP-CH29-X08,FP-CH29,contrarian-review,Q15,review-flag,Scales to family / community / institution / society?,"The chapter opens by naming that corporations, nonprofits, universities, and medical practices already document decisions this way, which implicitly scales the practice upward. But the chapter never returns to that frame after paragraph one. A closing sentence connecting the reader's bylaw practice back to how families, boards, or communities could adopt the same documentation habit would close the scaling loop the opening promised.",,,,watch,A risk to watch; no decision required yet.,FP-CH29-C001,,"Draft 0.6 (citation pass, 2026-07-20)"
FP-CH30-X01,FP-CH30,research-map,COUNTER-1,counter,"Kotter's model was built for large organizations with many stakeholders (companies, institutions) — applying it to a single person's life reorganization (a marriage ending, a career change) changes the unit of analysis substantially, since a person doesn't need to build ""a guiding coalition"" the way a company does","Kotter's model was built for large organizations with many stakeholders (companies, institutions) — applying it to a single person's life reorganization (a marriage ending, a career change) changes the unit of analysis substantially, since a person doesn't need to build ""a guiding coalition"" the way a company does",,"the chapter's five-stage sequence doesn't literally map every Kotter step, it adapts the structural logic (assessment ≈ urgency/vision groundwork, design ≈ vision and strategy, sequencing and execution ≈ removing obstacles and generating wins, integration ≈ anchoring). No adjustment needed; the footnote already frames this as an adaptation ""at personal scale"" rather than a literal transplant.",,no-change-needed,,FP-CH30-C001,,
FP-CH30-X02,FP-CH30,research-map,EDGE-1,edge,"The chapter is explicit that ""reorganization is not a single dramatic event"" and warns against ""detonation"" — this stands in some tension with popular narratives of dramatic personal reinvention (quitting the job, moving across the country) that the broader culture often celebrates","The chapter is explicit that ""reorganization is not a single dramatic event"" and warns against ""detonation"" — this stands in some tension with popular narratives of dramatic personal reinvention (quitting the job, moving across the country) that the broader culture often celebrates",,"the chapter already handles this directly and doesn't need a citation to make the point — it's explicitly framed as the chapter's central warning (""What Reorganization Is Not""). No adjustment needed.",,no-change-needed,,FP-CH30-C001,,
FP-CH30-X03,FP-CH30,contrarian-review,Q1,review-flag,What could a smart critic say?,"A reader carrying pop-culture reinvention narratives (quit the job, end the marriage, move across the country) could read this chapter as permission for exactly that. The chapter meets the objection directly in ""What Reorganization Is Not,"" naming ""detonation"" as the failure mode, not the practice. The risk is placement: that section is third of five, so a reader who stops at ""The Reorganization Sequence"" hasn't yet met the warning.",,,,watch,A risk to watch; no decision required yet.,FP-CH30-C001,,"Draft 0.6 (citation pass, 2026-07-20)"
FP-CH30-X04,FP-CH30,contrarian-review,Q7,review-flag,Protects moral boundaries?,"The chapter discusses ending a marriage or job deliberately but never anchors that discussion in an explicit moral-boundary line. A sentence protecting dependents (children, a former spouse, colleagues) during the sequencing and execution stages would close a gap a critic could otherwise exploit.",,,,watch,A risk to watch; no decision required yet.,FP-CH30-C001 | FP-CH30-C003,,"Draft 0.6 (citation pass, 2026-07-20)"
FP-CH30-X05,FP-CH30,contrarian-review,Q9,review-flag,Enough lived experience?,"The Draft contains no scene, no described figure, no concrete image anywhere in its text. It is argument end to end. The working composite named in the Research Map and prior notes, ""the reader at the threshold of reorganization,"" never appears developed in the Draft itself. Flag per §22 — see CH30 - Story Notes.",,,,needs-stephen,Flagged for Stephen's decision.,FP-CH30-C001,,"Draft 0.6 (citation pass, 2026-07-20)"
FP-CH30-X06,FP-CH30,contrarian-review,Q12,review-flag,Sounds human?,"No em dashes and no single-sentence ""Not X. Y."" contrast constructions appear. But ""What Reorganization Is Not"" opens four consecutive paragraphs with the same anaphora (""Reorganization is not...""), which risks reading as formulaic even though no individual sentence violates the contrast-construction rule. Worth a rhythm check against CH02.",,,,watch,A risk to watch; no decision required yet.,FP-CH30-C001,,"Draft 0.6 (citation pass, 2026-07-20)"
FP-CH30-X07,FP-CH30,contrarian-review,Q14,review-flag,Overcenters the individual?,"The chapter stays almost entirely at individual scale. Family and community appear only as things affected by the reader's reorganization (children's experience, community reputation), not as actors with their own stake in how the reorganization proceeds.",,,,watch,A risk to watch; no decision required yet.,FP-CH30-C001,,"Draft 0.6 (citation pass, 2026-07-20)"
FP-CH30-X08,FP-CH30,contrarian-review,Q15,review-flag,Scales to family / community / institution / society?,"The ""enterprise"" language could extend naturally to a family's or an organization's reorganization, but the chapter doesn't make that extension explicit anywhere in the current text.",,,,watch,A risk to watch; no decision required yet.,FP-CH30-C001,,"Draft 0.6 (citation pass, 2026-07-20)"
FP-CH31-X01,FP-CH31,research-map,COUNTER-1,counter,"The chapter's own examples describe the enterprise absorbing shocks without catastrophic damage (""hard, not catastrophe""), which is closer to Taleb's ""robust"" category (resists stress, stays the same) than his ""antifragile"" category (improves because of stress) — the citation may be reaching for a stronger claim than the chapter's actual examples support","The chapter's own examples describe the enterprise absorbing shocks without catastrophic damage (""hard, not catastrophe""), which is closer to Taleb's ""robust"" category (resists stress, stays the same) than his ""antifragile"" category (improves because of stress) — the citation may be reaching for a stronger claim than the chapter's actual examples support",,"this is a genuine tension worth flagging for Stephen rather than silently smoothing over. No text change made this pass — the chapter's examples (job loss ""is hard, not catastrophe"") do read as robustness rather than the stronger antifragile claim (actively improving from the shock). The footnote hedges by cross-referencing CH30's reorganization chapter, where the enterprise can ""sometimes grow stronger through"" stress, which is a closer match to true antifragility. Stephen may want to decide whether Part IV is claiming robustness (survives shocks intact) or antifragility (gets stronger from shocks) — they are different claims, and the manuscript currently gestures at both without fully committing to either.",,open,No response recorded in the Research Map.,FP-CH31-C001 | FP-CH31-C002,,
FP-CH31-X02,FP-CH31,research-map,EDGE-1,edge,This is the closing chapter of Part IV and functions primarily as synthesis rather than introducing new empirical claims — most of its content restates and integrates claims already sourced in CH22-CH30,This is the closing chapter of Part IV and functions primarily as synthesis rather than introducing new empirical claims — most of its content restates and integrates claims already sourced in CH22-CH30,,"no adjustment needed; this is appropriate for an integration chapter. Only one new citation was added, deliberately, to avoid re-citing material already covered in the nine preceding Research Maps.",,no-change-needed,,FP-CH31-C001,,
FP-CH31-X03,FP-CH31,contrarian-review,Q1,review-flag,What could a smart critic say?,"The chapter's central move, ""the job loss is hard, the job loss is not catastrophe,"" repeated across four scenarios, reads as a smooth after-picture. A critic could say the chapter shows a life where every crisis is pre-absorbed by prior good decisions, which is a survivorship story dressed as a governance argument. The chapter's own line, ""The enterprise is not perfect. The enterprise is governed,"" is the intended defense, but it arrives once, late, and the four-scenario list before it does most of the persuasive work without qualification.",,,,watch,A risk to watch; no decision required yet.,FP-CH31-C001,,"Draft 0.6 (citation pass, 2026-07-20)"
FP-CH31-X04,FP-CH31,contrarian-review,Q6,review-flag,Respects structural constraints?,"The chapter assumes the reader already has installed a budget, a board, bylaws, and clinical relationships (the products of CH23-CH30). For a reader who has not built those, or lacks the material means to build them (savings to produce ""financial reserves,"" access to ""clinical relationships""), the chapter's absorption claims may not transfer. This is appropriate for a closing-synthesis chapter but worth flagging for a class-conscious read.",,,,watch,A risk to watch; no decision required yet.,FP-CH31-C001,,"Draft 0.6 (citation pass, 2026-07-20)"
FP-CH31-X05,FP-CH31,contrarian-review,Q9,review-flag,Enough lived experience?,"The chapter runs almost entirely on the ""regulated adult life"" composite frame, walked across a hypothetical day, with no anonymized clinical case or named public example. Per §22, this composite requires Stephen's confirmation, paraphrase, or replacement with actual lived material before publication. See CH31 - Story Notes.",,,,watch,A risk to watch; no decision required yet.,FP-CH31-C001,,"Draft 0.6 (citation pass, 2026-07-20)"
FP-CH31-X06,FP-CH31,contrarian-review,Q14,review-flag,Overcenters the individual?,"The chapter is written almost entirely at the individual scale (the reader's morning, work, relationships, health, finances). Family, community, and civic life appear only as line items inside the reader's schedule (""civic and creative life get the time and attention they require"") rather than as sites the governance itself extends into. Part IV's stated arc closes at the individual enterprise; the extension to family and community is deferred to Part VI (contribution), which may be the correct sequencing but is worth confirming.",,,,watch,A risk to watch; no decision required yet.,FP-CH31-C001,,"Draft 0.6 (citation pass, 2026-07-20)"
FP-CH31-X07,FP-CH31,contrarian-review,Q15,review-flag,Scales to family / community / institution / society?,"Related to #14. The chapter names community, civic life, and eventual ""family, community, and civic life"" as destinations for the enterprise's output, but does not walk what a family-level or institution-level Human Enterprise would look like. This is defensible as a closing chapter for Part IV specifically (which has been about the self as CEO), but the contrarian pressure point is real: a reader could finish the chapter still seeing governance as a solitary practice.",,,,watch,A risk to watch; no decision required yet.,FP-CH31-C001,,"Draft 0.6 (citation pass, 2026-07-20)"
FP-CH32-X01,FP-CH32,research-map,COUNTER-1,counter,"""Trust the consensus"" can be misused by institutions or actors claiming false consensus, or by dismissing legitimate minority scientific positions that later proved correct (continental drift, H. pylori and ulcers)","""Trust the consensus"" can be misused by institutions or actors claiming false consensus, or by dismissing legitimate minority scientific positions that later proved correct (continental drift, H. pylori and ulcers)",,"the chapter already handles this. Its own text explicitly requires ""the willingness to question consensus when the questioning is supported by the same disciplined methods that produced the consensus in the first place"" — meaning the chapter doesn't ask for blind deference, only for deference contingent on rigor. No adjustment needed.",,no-change-needed,,FP-CH32-C001,,
FP-CH32-X02,FP-CH32,research-map,EDGE-1,edge,"The chapter's list of ""documented historical events"" and ""established scientific consensus"" that fall outside legitimate debate (Holocaust, evolution, climate change, vaccines/autism, germ theory) mixes categories of certainty that differ somewhat in their evidentiary structure (historical/testimonial evidence vs. replicated experimental science)","The chapter's list of ""documented historical events"" and ""established scientific consensus"" that fall outside legitimate debate (Holocaust, evolution, climate change, vaccines/autism, germ theory) mixes categories of certainty that differ somewhat in their evidentiary structure (historical/testimonial evidence vs. replicated experimental science)",,"worth noting for Stephen, not a required change. The chapter's underlying principle, that documented reality is not balanced against denial or motivated alternative theories, holds across both categories even though the evidentiary methods differ. No adjustment made.",,no-change-needed,,FP-CH32-C001 | FP-CH32-C003,,
FP-CH32-X03,FP-CH32,contrarian-review,Q1,review-flag,What could a smart critic say?,"A critic can say the chapter dresses up its own contested political priors as ""settled fact"" and then declares the category off-limits, using the strongest examples available (the Holocaust, evolution, climate change, vaccines and autism) as cover for a broader move that will later get applied to messier, genuinely contested claims. The chapter's defense is procedural rather than topical, it asks the reader to accept a method, not a conclusion list, but a skimming reader meets the example list before they meet the method, and the list is what will get quoted back at the chapter.",,,,watch,A risk to watch; no decision required yet.,FP-CH32-C001,,"Draft 0.6 (citation pass, 2026-07-20)"
FP-CH32-X04,FP-CH32,contrarian-review,Q9,review-flag,Enough lived experience?,"The chapter runs entirely on definition and category-work with no scene, no composite figure, and no first-person clinical or civic grounding. This is a deliberate register choice for a chapter that opens a new Part with a position statement, and it may be the right choice, but it means the chapter currently reads as pure argument. No composite figures require confirmation because none are used (see CH32 - Story Notes).",,,,watch,A risk to watch; no decision required yet.,FP-CH32-C001,,"Draft 0.6 (citation pass, 2026-07-20)"
FP-CH32-X05,FP-CH32,contrarian-review,Q12,review-flag,Sounds human?,"No em dashes present. No ""Not X. Y."" constructions found in the current draft, the chapter instead uses repeated short declaratives (""Truth is not certainty,"" ""Truth is not consensus,"" ""Truth is not the opposite of every claim..."") which is a related but distinct rhetorical device and should be checked against Voice Memory's guidance on repetition rather than assumed clean by pattern-matching alone. The chapter is heavier on definitional listing than CH02's conversational beats (""but, no,"" ""And,"") and could read as more academic than the canonical voice sample. Worth a pass to check whether any of Stephen's conversational rhythm belongs here, or whether the more clinical register is the deliberate register for a position-statement chapter.",,,,watch,A risk to watch; no decision required yet.,FP-CH32-C001,,"Draft 0.6 (citation pass, 2026-07-20)"
FP-CH32-X06,FP-CH32,contrarian-review,Q14,review-flag,Overcenters the individual?,"The chapter speaks almost entirely in terms of ""the reader"" as an individual practicing discernment. The closing paragraph gestures at the societal stakes (""A society capable of balancing necessary tensions... requires citizens capable of distinguishing what is true from what is merely claimed""), and the CH36 preview promises the civic scale-up, but within CH32 itself the practice of discernment stays framed as a personal cognitive habit. This is likely intentional, since Part V's later chapters are where the scale-up happens, but it is worth confirming with Stephen that CH32 is meant to plant the individual-level frame before CH36 extends it.",,,,watch,A risk to watch; no decision required yet.,FP-CH32-C001,,"Draft 0.6 (citation pass, 2026-07-20)"
FP-CH32-X07,FP-CH32,contrarian-review,Q15,review-flag,Scales to family / community / institution / society?,"The chapter names the societal stakes once, in the ""What Part V Has to Establish First"" section, but does not walk the frame through family or community scale at all. Given that CH36 is explicitly reserved for the civic-institutional extension (GroundedVote), this gap may be intentional sequencing rather than an omission, but it means CH32 alone does not demonstrate the multi-scale test the way CH01 or CH02 do.",,,,watch,A risk to watch; no decision required yet.,FP-CH32-C001,,"Draft 0.6 (citation pass, 2026-07-20)"
FP-CH33-X01,FP-CH33,research-map,COUNTER-1,counter,"Describing platform engagement mechanics as identical to ""gambling addiction"" is a strong clinical claim — not every engaged user meets diagnostic criteria for behavioral addiction, and conflating heavy use with addiction risks overstating the clinical picture","Describing platform engagement mechanics as identical to ""gambling addiction"" is a strong clinical claim — not every engaged user meets diagnostic criteria for behavioral addiction, and conflating heavy use with addiction risks overstating the clinical picture",,"worth a light touch, not a required change. The chapter's claim is about the underlying reinforcement mechanism being identical, not that every user is clinically addicted — this is a defensible mechanistic claim rather than a diagnostic one, and the footnote is written carefully to describe ""the identical underlying schedule"" rather than asserting a clinical addiction diagnosis for all users.",,revision-suggested,The Research Map suggests a revision that has not been confirmed in the draft.,FP-CH33-C001,,
FP-CH33-X02,FP-CH33,research-map,EDGE-1,edge,"The chapter's five other capture mechanisms (emotional activation, social validation, fear of missing out, friction asymmetry) are not independently cited this pass — only the first (intermittent reward) received a citation","The chapter's five other capture mechanisms (emotional activation, social validation, fear of missing out, friction asymmetry) are not independently cited this pass — only the first (intermittent reward) received a citation",,"no additional citations added. These mechanisms are widely documented in the broader attention-economy literature (Tristan Harris, Center for Humane Technology, Zuboff's surveillance capitalism work already cross-referenced from Chapters 2 and 4) but are treated here as observational synthesis consistent with the book's established citation density, rather than requiring five separate new citations for one chapter.",,open,No response recorded in the Research Map.,FP-CH33-C001 | FP-CH33-C003,,
FP-CH33-X03,FP-CH33,contrarian-review,Q1,review-flag,What could a smart critic say?,"The chapter risks reading as a familiar ""put your phone down"" essay. The five mechanisms and six practices are well-organized, but a skimmer could file the chapter next to any productivity blog's screen-time advice. The chapter's actual claim, that platforms are engineered by paid teams to exploit specific reinforcement mechanisms and that governing the relationship requires counter-architecture rather than willpower, needs the mechanism language (""intermittent reward,"" ""friction asymmetry"") to stay load-bearing throughout, not just in ""How Attention Capture Operates.""",,,,watch,A risk to watch; no decision required yet.,FP-CH33-C001 | FP-CH33-C003,,"Draft 0.6 (citation pass, 2026-07-20)"
FP-CH33-X04,FP-CH33,contrarian-review,Q3,review-flag,Agency confused with blame?,"""The reader's agency over the reader's own inner life has been quietly outsourced"" sits close to a line that could read as blaming the reader for the outsourcing. The surrounding paragraph is structural (algorithm-driven attention, feeling, and belief), so the reading holds, but the sentence deserves a second look on Stephen's pass to confirm the structural frame is doing the work, not the reader's failure to resist.",,,,watch,A risk to watch; no decision required yet.,FP-CH33-C001,,"Draft 0.6 (citation pass, 2026-07-20)"
FP-CH33-X05,FP-CH33,contrarian-review,Q9,review-flag,Enough lived experience?,"The chapter currently runs on framing and analysis with no grounding story or first-person clinical observation. The only concrete anchor is the illustrative arithmetic (two hours a day equals roughly seven hundred hours a year). See CH33 - Story Notes for what a story pass would need. No composite figures are used, so there is nothing pending confirmation under §22, but the chapter would benefit from one grounding moment.",,,,needs-stephen,Flagged for Stephen's decision.,FP-CH33-C001,,"Draft 0.6 (citation pass, 2026-07-20)"
FP-CH33-X06,FP-CH33,contrarian-review,Q10,review-flag,Needs research support?,"The citation pass is complete for the chapter's single most load-bearing claim (Skinner and Ferster on variable-ratio reinforcement, footnoted). The four other named mechanisms (emotional activation, social validation, fear of missing out, friction asymmetry) and all five cost categories run without independent citation. This is consistent with the book's established citation density per the Research Map, but it means most of the chapter's empirical texture rests on synthesis rather than sourced claims. Worth a second research pass if Stephen wants the mechanism list as heavily grounded as the reinforcement claim.",,,,watch,A risk to watch; no decision required yet.,FP-CH33-C001 | FP-CH33-C003,,"Draft 0.6 (citation pass, 2026-07-20)"
FP-CH33-X07,FP-CH33,contrarian-review,Q14,review-flag,Overcenters the individual?,"The chapter's five practices are all individual-level actions (phone placement, protected time, deliberate sessions, information audits, recovery, relational substitution). The structural diagnosis in ""How Attention Capture Operates"" and ""What the Capture Actually Costs"" is systemic, but the response section stays entirely at the level of individual behavior change. Nothing in the chapter names collective, regulatory, or platform-design-level responses, which is a defensible scope choice for a personal-agency chapter but worth confirming against Part V's overall balance.",,,,watch,A risk to watch; no decision required yet.,FP-CH33-C001,,"Draft 0.6 (citation pass, 2026-07-20)"
FP-CH33-X08,FP-CH33,contrarian-review,Q15,review-flag,Scales to family / community / institution / society?,"The chapter stays almost entirely at the individual reader level. ""The relationships thin"" gestures toward the relational scale, and ""epistemic quality"" gestures toward the civic scale (the reader's ""working model of the world"" drifting), but neither is developed beyond a sentence. The Ecosystem Connections to GroundedVote (civic epistemic integrity) and Rhetorical Points (manipulation techniques) exist structurally in the Overview but are not named inside the Draft itself. Worth considering whether a sentence naming the civic-scale stakes belongs in the chapter body, not just in cross-references.",,,,needs-stephen,Flagged for Stephen's decision.,FP-CH33-C001,,"Draft 0.6 (citation pass, 2026-07-20)"
FP-CH34-X01,FP-CH34,research-map,COUNTER-1,counter,"Rawls's public reason applies specifically to constitutional essentials and matters of basic justice in formal political debate — the chapter extends it to everyday persuasion, sales pitches, religious sermons, and personal relationship arguments, which is a broader domain than Rawls's original scope","Rawls's public reason applies specifically to constitutional essentials and matters of basic justice in formal political debate — the chapter extends it to everyday persuasion, sales pitches, religious sermons, and personal relationship arguments, which is a broader domain than Rawls's original scope",,"no adjustment needed. The chapter cites Rawls specifically in the ""What Public Reason Requires"" section, which is explicitly about public/civic argument, not the earlier manipulation-categories section (appeal to emotion, appeal to identity, etc.), which draws on general persuasion/rhetoric rather than Rawls specifically. The citation is placed correctly and doesn't overextend Rawls's claim beyond its proper domain.",,no-change-needed,,FP-CH34-C001 | FP-CH34-C002,,
FP-CH34-X02,FP-CH34,research-map,EDGE-1,edge,"Rawls's theory has faced substantial critique (from both left and right) for assuming a level of shared ""public"" premises that may not actually exist in a deeply polarized society — critics argue there may be no truly neutral shared ground left to reason from","Rawls's theory has faced substantial critique (from both left and right) for assuming a level of shared ""public"" premises that may not actually exist in a deeply polarized society — critics argue there may be no truly neutral shared ground left to reason from",,"worth flagging for Stephen. The chapter's own closing paragraphs acknowledge this tension directly (""the current information environment rewards almost none of these premises... the reader who practices public reason inside the current environment is doing work against the structural pressure""), which is consistent with critics' concern while still defending the practice as worthwhile. No adjustment made.",,no-change-needed,,FP-CH34-C001 | FP-CH34-C003,,
FP-CH34-X03,FP-CH34,contrarian-review,Q1,review-flag,What could a smart critic say?,"Manipulation-category checklists are frequently weaponized as partisan tools, deployed to discredit one side's rhetoric while excusing the other's. A critic could argue the chapter offers no proof of even-handedness because it names zero concrete political examples, on either side, for any of the five categories. The chapter's abstraction protects it from accusations of picking a side, but the same abstraction leaves the reader without a worked example to test the categories against.",,,,watch,A risk to watch; no decision required yet.,FP-CH34-C001,,"Draft 0.6 (citation pass, 2026-07-20)"
FP-CH34-X04,FP-CH34,contrarian-review,Q7,review-flag,Protects moral boundaries?,"The chapter treats rhetoric as ""morally neutral as a discipline,"" which is defensible as a claim about technique, but a careless reading could slide into treating manipulation itself as neutral depending on who deploys it. The chapter's own distinction (transparency, respect for evaluative capacity, willingness to update) draws the moral line clearly enough to guard against this, but the line depends on the reader tracking the technique/use distinction across the whole chapter. Worth a fresh-eyes check that the neutrality claim in section two doesn't get quoted out of context.",,,,watch,A risk to watch; no decision required yet.,FP-CH34-C001 | FP-CH34-C003,,"Draft 0.6 (citation pass, 2026-07-20)"
FP-CH34-X05,FP-CH34,contrarian-review,Q8,review-flag,Avoids false equivalence?,"This is the chapter's central working risk, since its whole project is distinguishing legitimate persuasion from manipulation rather than flattening them together. The chapter passes on its own terms: it gives five specific manipulation categories and a recognition test for each, not a ""both sides do it, so it's all noise"" shrug. But because no category is ever tied to a real, named instance, the reader has no worked example proving the chapter would actually call out manipulation from a source the reader trusts. That absence is a plausible-deniability risk more than a false-equivalence violation as written.",,,,watch,A risk to watch; no decision required yet.,FP-CH34-C001,,"Draft 0.6 (citation pass, 2026-07-20)"
FP-CH34-X06,FP-CH34,contrarian-review,Q9,review-flag,Enough lived experience?,"The chapter runs on category and analysis with no grounding story, composite or otherwise. The Overview's placeholder composite (""the engaged citizen consistently moved by techniques they cannot name"") does not actually appear in the Draft. See CH34 - Story Notes for the full flag.",,,,needs-stephen,Flagged for Stephen's decision.,FP-CH34-C001,,"Draft 0.6 (citation pass, 2026-07-20)"
FP-CH34-X07,FP-CH34,contrarian-review,Q12,review-flag,Sounds human?,"No em dashes present. No ""Not X. Y."" contrast constructions found. The chapter is heavier on the ""reader can recognize the technique by asking..."" repeated construction than CH02's rhythm would predict — the phrase repeats five times, once per category, and reads as a drafting-agent pattern rather than Stephen's varied cadence. Consider varying the recognition-test framing on Stephen's pass, or confirming the repetition is intentional (it does build a rhetorical drumbeat that may be the point).",,,,watch,A risk to watch; no decision required yet.,FP-CH34-C001,,"Draft 0.6 (citation pass, 2026-07-20)"
FP-CH34-X08,FP-CH34,contrarian-review,Q14,review-flag,Overcenters the individual?,"The chapter is almost entirely about individual recognition capacity (the reader learning to spot manipulation aimed at the reader). Public reason gestures toward the civic/collective scale in the fourth section, but the chapter does not walk what changes at the family, community, or institutional level when more people practice this. The next chapter's Rhetorical Points hand-off may carry that weight instead, which would be a legitimate division of labor, but it should be confirmed rather than assumed.",,,,watch,A risk to watch; no decision required yet.,FP-CH34-C001 | FP-CH34-C003,,"Draft 0.6 (citation pass, 2026-07-20)"
FP-CH34-X09,FP-CH34,contrarian-review,Q15,review-flag,Scales to family / community / institution / society?,"Public reason is explicitly a civic-scale concept, so the chapter does reach past the individual in principle. But the worked examples (emotional appeal in ""personal arguments inside relationships,"" sales presentations, political advertising) mix scales without walking how the same category shows up differently at each one. This is a compression choice more than a defect, but it's worth flagging for the revision pass.",,,,watch,A risk to watch; no decision required yet.,FP-CH34-C001 | FP-CH34-C002,,"Draft 0.6 (citation pass, 2026-07-20)"
FP-CH35-X01,FP-CH35,research-map,COUNTER-1,counter,"The Stony Brook framework is designed for evaluating journalism/news specifically, in an educational setting with instructor support — the chapter's Rhetorical Points practice is self-applied to a much broader range of claims (sales pitches, family accusations, internal narratives) without instructor scaffolding","The Stony Brook framework is designed for evaluating journalism/news specifically, in an educational setting with instructor support — the chapter's Rhetorical Points practice is self-applied to a much broader range of claims (sales pitches, family accusations, internal narratives) without instructor scaffolding",,"no adjustment needed. The chapter is explicit that ""the practice does not require the reader to memorize a taxonomy or to perform formal argument analysis"" and is designed for self-directed daily use — this is a deliberate simplification and broadening of the news-literacy pedagogy for personal practice, not a claim that it replicates the classroom curriculum exactly.",,no-change-needed,,FP-CH35-C001 | FP-CH35-C002 | FP-CH35-C003,,
FP-CH35-X02,FP-CH35,research-map,EDGE-1,edge,"The chapter's ""What the Practice Does Not Do"" section is unusually thorough in naming the practice's limits (does not produce certainty, does not eliminate disagreement, does not replace expertise) — this level of self-limitation is good discernment practice but is original chapter content, not directly sourced","The chapter's ""What the Practice Does Not Do"" section is unusually thorough in naming the practice's limits (does not produce certainty, does not eliminate disagreement, does not replace expertise) — this level of self-limitation is good discernment practice but is original chapter content, not directly sourced",,no adjustment needed; this is appropriate intellectual honesty that doesn't require external citation to be credible on its own terms.,,no-change-needed,,FP-CH35-C001,,
FP-CH35-X03,FP-CH35,contrarian-review,Q1,review-flag,What could a smart critic say?,"Two real attacks. First: the chapter functions partly as an introduction to a Founded Project product, and a critic could read ""The chapter is not a substitute for the project. The chapter is the entry point that the book provides"" as ecosystem marketing wedged into the manuscript. Second: the chapter is entirely abstract. It offers zero worked examples, no composite figure, and no concrete claim walked through the six questions, which is a real departure from the composite-gallery texture CH01 and neighboring chapters use. Together these make the chapter read more like a product manual than a chapter of this book.",,,,watch,A risk to watch; no decision required yet.,FP-CH35-C001,,
FP-CH35-X04,FP-CH35,contrarian-review,Q3,review-flag,Agency confused with blame?,"Mostly holds. The chapter frames vulnerability as environmental design (""The information environment is engineered to bypass the reasoning the practice protects""), which keeps blame off the reader. But the closing sentence of that paragraph, ""A reader who does not practice cedes the discernment ground to the engineering, and the engineering wins,"" edges toward blaming a reader who lacks the time, bandwidth, or capacity to sustain the practice. Worth Stephen's ear.",,,,watch,A risk to watch; no decision required yet.,FP-CH35-C001,,
FP-CH35-X05,FP-CH35,contrarian-review,Q6,review-flag,Respects structural constraints?,"The chapter names the information environment as structurally ""engineered,"" but its entire remedy is an individual practice performed by one reader. Unlike CH01's explicit scoping guard (""real at the scale of nations... none of it fixable at that scale by a single reader on a single Tuesday""), CH35 has no equivalent disclaimer distinguishing the structural scale of the problem from the individual scale of the fix. Worth adding.",,,,watch,A risk to watch; no decision required yet.,FP-CH35-C001,,
FP-CH35-X06,FP-CH35,contrarian-review,Q9,review-flag,Enough lived experience?,"No composite figures and no concrete example appear anywhere in the chapter. The generic ""reader over time"" trajectory in ""How the Practice Develops"" (new practitioner → months → years) is instructional pacing, not a person, so §22 confirmation does not technically apply to it, but the chapter would benefit from Stephen supplying one real worked example of a claim run through the six questions, or one line from his own use of the practice. See CH35 - Story Notes.",,,,needs-stephen,Flagged for Stephen's decision.,FP-CH35-C001 | FP-CH35-C002,,
FP-CH35-X07,FP-CH35,contrarian-review,Q12,review-flag,Sounds human?,"The draft header itself reads ""Draft 0.5 — AI Generated Control Manuscript. Awaiting Stephen review,"" and the prose bears that out. Contractions are almost entirely absent (""does not,"" ""is not,"" ""cannot"" appear dozens of times where ""doesn't,"" ""isn't,"" ""can't"" would read as Stephen). The sentence architecture is highly uniform and repetitive: ""The first question is..."", ""The second question is..."", ""The reader..."", ""The practice..."" open sentence after sentence with little of the varied, embodied rhythm CH02 sets as the canonical template. No em dashes, no banned metaphors (""hold,"" ""land,"" ""brace"") were found, but the chapter has not yet had a hand-text pass.",,,,needs-stephen,Flagged for Stephen's decision.,FP-CH35-C001,,
FP-CH35-X08,FP-CH35,contrarian-review,Q14,review-flag,Overcenters the individual?,"Same issue as item 6 from the opposite angle: the fix offered is exclusively individual (one reader applying six questions), with no acknowledgment that an engineered, structural information environment may require more than individual practice to counter at scale. The chapter does defer civic-scale discernment to the next chapter (GroundedVote), which is a reasonable structural choice, but CH35 standing alone reads as individual-only.",,,,watch,A risk to watch; no decision required yet.,FP-CH35-C001,,
FP-CH35-X09,FP-CH35,contrarian-review,Q15,review-flag,Scales to family / community / institution / society?,"The six questions are explicitly said to apply ""across every domain,"" including ""a family member's accusation,"" which is genuine interpersonal scaling. Institutional and civic scaling is intentionally deferred to the next chapter rather than developed here, so within CH35 itself the frame stays largely at the individual and interpersonal level.",,,,watch,A risk to watch; no decision required yet.,FP-CH35-C001,,
FP-CH36-X01,FP-CH36,research-map,COUNTER-1,counter,"Some subsequent research has found the filter bubble effect is less totalizing than Pariser's original account suggested — several studies find users still encounter cross-cutting content, and that self-selection (choosing which outlets to follow) may matter more than algorithmic filtering alone","Some subsequent research has found the filter bubble effect is less totalizing than Pariser's original account suggested — several studies find users still encounter cross-cutting content, and that self-selection (choosing which outlets to follow) may matter more than algorithmic filtering alone",,"worth a light touch, not a required change. The chapter's claim is about the current environment providing ""almost no shared factual ground,"" which is compatible with a more moderate reading of the filter-bubble literature (some cross-cutting exposure exists, but a meaningfully shared baseline of facts has eroded). No adjustment made; the citation supports the general phenomenon without needing to claim total informational isolation.",,no-change-needed,,FP-CH36-C001 | FP-CH36-C003,,
FP-CH36-X02,FP-CH36,research-map,EDGE-1,edge,"The chapter's claim that ""local civic life matters more than the national obsessions suggest"" is presented with logical argument (school board vs. senator's direct effect) but no citation to civic-engagement or local-news-desert research (e.g., Penny Abernathy's work on local news deserts)","The chapter's claim that ""local civic life matters more than the national obsessions suggest"" is presented with logical argument (school board vs. senator's direct effect) but no citation to civic-engagement or local-news-desert research (e.g., Penny Abernathy's work on local news deserts)",,"flagged for a potential future addition, not made this pass. The claim is defensible as observational/structural reasoning consistent with the rest of the chapter, and adding a second citation risked diluting focus from the chapter's central filter-bubble claim. Worth revisiting if Stephen wants the local-civic-life claim more heavily sourced.",,open,No response recorded in the Research Map.,FP-CH36-C001,,
FP-CH36-X03,FP-CH36,contrarian-review,Q1,review-flag,What could a smart critic say?,"The chapter claims GroundedVote is non-partisan and that it teaches process, not conclusions. A smart critic will point out that the diagnosis behind that process is not neutral: naming ""personalized information streams,"" ""monetized outrage,"" and ""deliberate disinformation campaigns"" as the defining features of the current civic environment is itself a specific account of what's broken, one side of a live argument about whether the bigger problem is disinformation or something else (elite gatekeeping, censorship, media consolidation). The chapter never argues for this diagnosis against competitors, it simply asserts it as ""what the current civic environment actually does."" The non-partisan claim is about candidates and parties, not about theories of media harm, and a critic could exploit that gap.",,,,watch,A risk to watch; no decision required yet.,FP-CH36-C001,,
FP-CH36-X04,FP-CH36,contrarian-review,Q3,review-flag,Agency confused with blame?,"""A reader who participates in civic life without recognizing these conditions participates as a target"" sits close to blaming the reader for being manipulated. The following sentence, ""A reader who recognizes the conditions can participate with appropriate discernment,"" softens it into an invitation rather than an indictment, but the pairing is worth Stephen's ear — CH01 handled the same structural-not-personal move more explicitly (""not a personal failure of discipline or grit""). CH36 doesn't carry an equivalent disclaimer.",,,,watch,A risk to watch; no decision required yet.,FP-CH36-C001,,
FP-CH36-X05,FP-CH36,contrarian-review,Q6,review-flag,Respects structural constraints?,"The chapter's diagnosis section is genuinely structural (platform incentives, monetization mechanisms, disinformation actors). But unlike CH01, which closed its structural diagnosis with an explicit inequality-of-exposure move (""it does not cost every life the same""), CH36 does not name that some readers face more targeted disinformation and civic manipulation than others (along lines of race, geography, language access). The chapter treats ""the citizenry"" as a single undifferentiated audience of the same manipulation.",,,,watch,A risk to watch; no decision required yet.,FP-CH36-C001,,
FP-CH36-X06,FP-CH36,contrarian-review,Q8,review-flag,Avoids false equivalence?,"""The disagreement is temporarily compatible with the manipulation of elections by parties whose interests would not be served by an informed electorate"" is carefully unattributed — no party is named, domestic and foreign actors are named symmetrically. This is the same move CH01 made in §4, and it carries the same risk: a hostile reader may read the studied evenhandedness itself as a dodge, or conversely accuse the chapter of gesturing at a specific party without naming it. Stephen should read ""What the Current Civic Environment Actually Does"" once specifically for whether the unattributed-actor language reads as principled non-partisanship or as coy.",,,,needs-stephen,Flagged for Stephen's decision.,FP-CH36-C001,,
FP-CH36-X07,FP-CH36,contrarian-review,Q9,review-flag,Enough lived experience?,"The chapter contains zero composite figures, zero named examples, and no clinical ""I"" — a harder gap than CH01, which at least opened with a composite gallery. Every claim in CH36 is asserted at the level of ""the reader"" and ""the current environment"" with no concrete instance to anchor it (no specific disinformation campaign, no specific local civic story, no specific reader encounter). This is defensible as a wide-angle frame chapter matching CH01's register, but CH01 had four composites carrying narrative texture; CH36 has none. Flag for Stephen: does this chapter want at least one grounding example, especially for the local-civic-life claim (school board vs. senator)?",,,,needs-stephen,Flagged for Stephen's decision.,FP-CH36-C001,,
FP-CH36-X08,FP-CH36,contrarian-review,Q12,review-flag,Sounds human?,"Two concrete voice-rule violations found on this pass. First: the chapter uses zero contractions across roughly 1,900 words — ""does not,"" ""has not,"" ""is not"" appear dozens of times where the style guide calls for ""doesn't,"" ""hasn't,"" ""isn't."" This is a real, checkable divergence from Stephen's rule set, not a judgment call. Second: ""the framing the reader receives the issue inside has been selected by someone, and the selection serves someone's interests"" uses ""someone"" twice as a placeholder subject, the exact pattern the style guide bans (""nobody,"" ""someone,"" ""the people who""). No em dashes found. No ""hold/holding,"" ""land/lands,"" or ""brace"" found. The repeated anaphora (""The reader has not... The reader has not..."") in ""What Civic Agency Looks Like"" is a deliberate rhetorical device consistent with Stephen's varied-sentence-length pattern and should not be flagged as a contrast-statement violation.",,,,needs-stephen,Flagged for Stephen's decision.,FP-CH36-C001,,
FP-CH36-X09,FP-CH36,contrarian-review,Q14,review-flag,Overcenters the individual?,"The chapter's close places the burden of ""regulated"" civic engagement almost entirely on individual self-governance (""requires the same kind of governance the rest of the book has been building""). GroundedVote's ""community spaces for citizens to develop discernment together"" gestures at a collective dimension, but the chapter's dominant frame is individual attention management against structural forces (personalization algorithms, outrage economics, disinformation actors) that no individual discernment practice, however good, can outmatch alone. Worth a sentence naming that limit explicitly, the way CH01 named ""none of it fixable at that scale by a single reader on a single Tuesday.""",,,,watch,A risk to watch; no decision required yet.,FP-CH36-C001,,
FP-CH37-X01,FP-CH37,research-map,COUNTER-1,counter,"The liar's dividend research and deepfake-defense case law is primarily documented in legal/courtroom contexts (Guy Reffitt's Jan. 6 case, Tesla/Musk litigation) — the chapter applies the concept more broadly to everyday personal and civic information consumption, which is a reasonable but not identical extension","The liar's dividend research and deepfake-defense case law is primarily documented in legal/courtroom contexts (Guy Reffitt's Jan. 6 case, Tesla/Musk litigation) — the chapter applies the concept more broadly to everyday personal and civic information consumption, which is a reasonable but not identical extension",,"no adjustment needed. The underlying mechanism (known fakeability erodes trust in the genuine article) generalizes cleanly from courtroom evidence to everyday claims, and the chapter doesn't claim the legal case studies themselves apply directly to personal life — it uses the mechanism, not the specific cases.",,no-change-needed,,FP-CH37-C001,,
FP-CH37-X02,FP-CH37,research-map,EDGE-1,edge,"This is one of the more rapidly-changing empirical domains in the entire book — the specific capabilities described (voice cloning from ""a few seconds of audio,"" photorealistic image generation) will likely be understated or overtaken by capability improvements between this citation pass and publication","This is one of the more rapidly-changing empirical domains in the entire book — the specific capabilities described (voice cloning from ""a few seconds of audio,"" photorealistic image generation) will likely be understated or overtaken by capability improvements between this citation pass and publication",,"flagged for Stephen as a maintenance item, not fixed this pass. Unlike most citations in the book, which describe stable historical or psychological phenomena, this chapter's technical claims have a shorter shelf life and may need a citation-freshness check closer to the book's actual publication date.",,revision-suggested,The Research Map suggests a revision that has not been confirmed in the draft.,FP-CH37-C001,,
FP-CH37-X03,FP-CH37,contrarian-review,Q1,review-flag,What could a smart critic say?,"Two real attacks. First, a chapter naming specific AI capabilities risks reading as already dated by the time a reader encounters it, since the underlying technology moves faster than a print book's revision cycle; the chapter mitigates this by anchoring in stable mechanisms (broken assumptions, verification habits) rather than a capability inventory, but the ""few seconds of audio"" and ""photorealistic at minimal cost"" specifics are exactly the kind of detail that ages. Second, a critic could argue the six practices in ""What the Reader Can Do Now"" are generically prudent (verify before acting, watch your sources) dressed in AI-specific language, and ask what is actually new here versus repackaged media literacy. The chapter's answer, implicit rather than stated, is that the stakes and frequency of needing these practices have changed even if the practices themselves are old wisdom.",,,,watch,A risk to watch; no decision required yet.,FP-CH37-C001,,
FP-CH37-X04,FP-CH37,contrarian-review,Q9,review-flag,Enough lived experience?,"The chapter has almost no narrative texture. It uses three brief hypothetical illustrations (cloned voices of a parent, child, and spouse) inside ""What the Category Actually Changed,"" but these are generic conditions, not composite lived-experience figures in the CH01 sense, and not confirmed as reflecting any specific real experience. Per §22 of the Agent Build Instructions, if any of these illustrations are meant to draw on real material, they need Stephen's confirmation before publication; if they remain purely illustrative, that should be confirmed too. See CH37 - Story Notes.",,,,needs-stephen,Flagged for Stephen's decision.,FP-CH37-C001,,
FP-CH37-X05,FP-CH37,contrarian-review,Q10,review-flag,Needs research support?,"The single citation, Chesney and Citron's ""liar's dividend"" (California Law Review, 2019), is properly sourced and well-matched to the specific claim it supports. The verdict is ⚠️ rather than ✅ because the Research Map flags this as the most time-sensitive citation in the whole book (EDGE-1): the chapter's surrounding technical claims (voice cloning from a few seconds of audio, at-scale photorealistic generation) describe a fast-moving capability frontier that will likely be understated or overtaken by the time the book publishes, currently targeted for around July 2026. This is not a defect in the current citation pass. It is an ongoing maintenance concern: the chapter needs a citation-freshness check closer to the actual publication date, distinct from and in addition to the one-time verification the citation pass already completed. See CH37 - Research Map.",,,,watch,A risk to watch; no decision required yet.,FP-CH37-C001 | FP-CH37-C002 | FP-CH37-C003,,
FP-CH37-X06,FP-CH37,contrarian-review,Q13,review-flag,Overcenters AI?,"This is the chapter's central live risk, since CH37 is about AI by definition, and the line between proportionate treatment and techno-hype or techno-doom is thin. The chapter avoids techno-doom by keeping the tone procedural rather than catastrophic (""These cannot-rely practices do not mean the reader has to verify everything from scratch"") and by explicitly subordinating AI to the book's existing architecture in its closing section. It risks techno-hype in the opposite direction: treating AI-generated synthetic media as the defining discernment threat of the reader's environment, with less attention to older, non-AI manipulation (rumor, propaganda, cults of personality, human-run disinformation) that the book's earlier discernment material presumably also covers. Confirm this chapter is explicitly scoped as ""the newest addition to the threat landscape"" rather than implicitly ""the threat landscape,"" so it doesn't crowd out the non-AI discernment work done elsewhere in Part V.",,,,watch,A risk to watch; no decision required yet.,FP-CH37-C001 | FP-CH37-C003,,
FP-CH37-X07,FP-CH37,contrarian-review,Q14,review-flag,Overcenters the individual?,"The six practices in ""What the Reader Can Do Now"" are individual-level habits (verify through a second channel, curate subscriptions, cultivate slow practices). The chapter does not address collective or institutional responses to synthetic media (platform design, regulation, media literacy education at scale), which is defensible given the book's individual-agency focus but is also exactly the kind of gap a critic would point to when arguing the book asks individuals to compensate for a systems-level problem. The ""What This Means For the Larger Architecture"" section gestures at community (""humans who know the reader"") as a check, which partially answers this.",,,,watch,A risk to watch; no decision required yet.,FP-CH37-C001,,
FP-CH38-X01,FP-CH38,research-map,COUNTER-1,counter,"Intellectual humility research is correlational in most of its current form — it shows humble people reason better, but doesn't fully establish that practicing humility causes better reasoning versus humble people simply being disposed to both traits together","Intellectual humility research is correlational in most of its current form — it shows humble people reason better, but doesn't fully establish that practicing humility causes better reasoning versus humble people simply being disposed to both traits together",,"worth a light touch, not a required change. The chapter frames its four practices (regular review, cultivating disagreement, saying ""I do not know,"" acknowledging error) as things a reader can deliberately practice and build, which is consistent with Leary's own suggestion that intellectual humility ""could be encouraged and taught"" — but the causal claim (that practicing these behaviors will build the trait, not just correlate with it) is somewhat ahead of the strongest current evidence. No adjustment made; this is a reasonable extension consistent with how the trait is discussed in the field.",,no-change-needed,,FP-CH38-C001 | FP-CH38-C003,,
FP-CH38-X02,FP-CH38,research-map,EDGE-1,edge,"The chapter is explicit that humility does not require balancing every position or deferring to the powerful (""What Intellectual Humility Is Not Asking"") — this guards against a common misreading where humility becomes an excuse for false balance, which would contradict CH32's ""truth comes before balance"" principle","The chapter is explicit that humility does not require balancing every position or deferring to the powerful (""What Intellectual Humility Is Not Asking"") — this guards against a common misreading where humility becomes an excuse for false balance, which would contradict CH32's ""truth comes before balance"" principle",,"the chapter already handles this directly and explicitly cross-references the Moral Boundary Principle (""Some positions sit outside the field of legitimate debate""). No adjustment needed — this is exactly the kind of internal consistency check the citation pass is designed to catch, and the chapter passes it.",,no-change-needed,,FP-CH38-C001,,
FP-CH38-X03,FP-CH38,contrarian-review,Q1,review-flag,What could a smart critic say?,"The chapter arrives right after six chapters spent building the reader's ability to detect manipulation, bias, and false equivalence, then tells the reader to turn that same scrutiny on themselves. A critic could read this as the book pulling its punch just as the discernment work gets sharp, converting a hard-won diagnostic tool into a call for self-doubt. The chapter's actual defense is structural: ""What Intellectual Humility Is Not Asking"" names four specific things humility does not require, and the chapter is explicit that ""the humility may, in some cases, lead the reader to greater certainty that the powerful are wrong."" A critic who reads only the title risks missing this; a critic who reads the full chapter has to work to sustain the objection.",,,,watch,A risk to watch; no decision required yet.,FP-CH38-C001,,
FP-CH38-X04,FP-CH38,contrarian-review,Q9,review-flag,Enough lived experience?,"No composite figures or personal stories appear in Draft 0.6. The chapter is built entirely from framing and analysis. This is a legitimate stylistic choice for a closing, synthesis-oriented chapter, but it leaves the chapter without a concrete entry point — a reader meets five sections of definition and practice before ever meeting a person. Note: an earlier working note in this chapter's Overview and Story Notes referenced ""the newly discerning reader who has become unbearable at dinner"" as a story candidate. That figure does not appear in the actual Draft text and should not be treated as a composite requiring §22 confirmation — it is simply an unused idea. If Stephen wants an opening image, that candidate (or a real one) would need his confirmation per §22 before use.",,,,needs-stephen,Flagged for Stephen's decision.,FP-CH38-C001,,
FP-CH38-X05,FP-CH38,contrarian-review,Q12,review-flag,Sounds human?,"Strong candidate voice-wise: contractions used throughout (""does not,"" ""cannot,"" etc. are used correctly as non-contracted where formal, but the chapter otherwise reads clean), no em dashes found, no ""Not X. Y."" contrast constructions detected, active voice throughout with ""the reader"" as a consistent named actor rather than a placeholder subject. One repeated structural tic to flag for Stephen's ear: nearly every section opens or is organized around the anaphoric ""The reader..."" / ""Intellectual humility is not..."" pattern repeated many times in sequence (five uses of ""The reader's..."" at section-open in ""What Humility Allows"" alone). This is rhetorically deliberate and matches the voice template's cadence, but it is dense enough that Stephen should read it aloud once to confirm the repetition reads as intentional rhythm rather than as agent-generated pattern-filling.",,,,watch,A risk to watch; no decision required yet.,FP-CH38-C001 | FP-CH38-C003,,
FP-CH38-X06,FP-CH38,contrarian-review,Q14,review-flag,Overcenters the individual?,"The chapter is entirely first-person-adjacent, addressed to ""the reader"" throughout, with no explicit extension to family, community, institution, or society within the chapter body itself. ""What Humility Allows"" does gesture outward once — ""the relationships extend across the political divide, across the religious divide, across the cultural divide, across the generational divide"" — which is the chapter's only move past the individual reader. The final section's hand-off to Part VI (""the agency the reader offers into family, community, institution, and civic life"") does the scaling work, but it does so by pointing to the next Part rather than within CH38 itself.",,,,watch,A risk to watch; no decision required yet.,FP-CH38-C001,,
FP-CH38-X07,FP-CH38,contrarian-review,Q15,review-flag,Scales to family / community / institution / society?,"Directly tied to item 14. The chapter scales by hand-off rather than by direct treatment — it names family, community, institution, and civic life only in its closing paragraph as where Part VI will take the work. This is a legitimate structural choice for a chapter whose job is to close Part V cleanly, but it means CH38 itself is the most individually-scaled chapter reviewed so far in this pass.",,,,watch,A risk to watch; no decision required yet.,FP-CH38-C001,,
FP-CH39-X01,FP-CH39,research-map,COUNTER-1,counter,"Figley's research is grounded primarily in professional caregivers (therapists, nurses) treating traumatized populations — the chapter extends the concept to everyday family and community contribution (parenting, friendship, civic work), which is a broader domain than the original clinical population","Figley's research is grounded primarily in professional caregivers (therapists, nurses) treating traumatized populations — the chapter extends the concept to everyday family and community contribution (parenting, friendship, civic work), which is a broader domain than the original clinical population",,"the footnote already names this extension explicitly (""not only clinical caregiving roles""). No further adjustment needed — the underlying mechanism (sustained exposure to others' need without adequate recovery producing predictable psychological damage) generalizes reasonably across caregiving contexts, clinical or otherwise.",,open,No response recorded in the Research Map.,FP-CH39-C001,,
FP-CH39-X02,FP-CH39,research-map,EDGE-1,edge,"The chapter's five signatures are presented as a linear-seeming progression (loss of preferences → absent refusal → dissolved identity → buried resentment → collapse), but real self-erasure patterns may not follow this exact sequence for every reader","The chapter's five signatures are presented as a linear-seeming progression (loss of preferences → absent refusal → dissolved identity → buried resentment → collapse), but real self-erasure patterns may not follow this exact sequence for every reader",,"no adjustment needed. The chapter doesn't explicitly claim a strict sequence — it names five recognizable signatures that ""often"" arrive together, consistent with how compassion fatigue is described in the broader literature as a syndrome rather than a fixed linear stage model.",,no-change-needed,,FP-CH39-C001 | FP-CH39-C003,,
FP-CH39-X03,FP-CH39,contrarian-review,Q1,review-flag,What could a smart critic say?,"The chapter's refusal-and-boundary language (""not every request gets accepted,"" ""the contributor practices refusal"") could be read by a critic as license for selfishness, or as quietly discouraging the real sacrifices caregiving, parenting, and civic work actually require. The chapter's counter is structural, not just assertive: it names the five-signature collapse trajectory that erased contributors travel and argues that collapse ends the contribution entirely, so protecting the self is what makes contribution last. A critic who reads only the ""practices refusal"" paragraph without the collapse section could still walk away unconvinced.",,,,watch,A risk to watch; no decision required yet.,FP-CH39-C001 | FP-CH39-C003,,"Draft 0.6 (citation pass, 2026-07-20)"
FP-CH39-X04,FP-CH39,contrarian-review,Q10,review-flag,Needs research support?,"Resolved by the 2026-07-20 citation pass. The five self-erasure signatures are grounded in Charles Figley's compassion fatigue research (1995), which documents a depletion pattern distinct from and more serious than ordinary burnout. See CH39 - Research Map. ⚠️ One thing to watch: Figley's population is professional caregivers, and the chapter extends the concept to everyday family, work, and civic contribution. The footnote names this extension explicitly, and the Research Map counterpoint judges no further adjustment necessary, but it remains a generalization Stephen may want to weigh in on.",,,,watch,A risk to watch; no decision required yet.,FP-CH39-C001 | FP-CH39-C002 | FP-CH39-C003,,"Draft 0.6 (citation pass, 2026-07-20)"
FP-CH39-X05,FP-CH39,contrarian-review,Q14,review-flag,Overcenters the individual?,"The chapter is deliberately individual-scale (it's about the contributor's own preferences, refusals, and identity), which is appropriate for a chapter opening the Part, but it defers the family/community/institution scaling entirely to CH40-CH42. A reader who stops at CH39 could mistake sustainable contribution for a purely personal project. The closing ""What Part VI Will Walk"" section addresses this by previewing the scaling explicitly.",,,,watch,A risk to watch; no decision required yet.,FP-CH39-C001 | FP-CH39-C003,,"Draft 0.6 (citation pass, 2026-07-20)"
FP-CH39-X06,FP-CH39,contrarian-review,Q15,review-flag,Scales to family / community / institution / society?,"Not directly enacted in this chapter, but the chapter is structurally honest about that limit: it names itself as the foundation the family, community, and institutional chapters will build on rather than pretending to cover those scales itself. This is the correct scope discipline for the Part's opening chapter.",,,,watch,A risk to watch; no decision required yet.,FP-CH39-C001,,"Draft 0.6 (citation pass, 2026-07-20)"
FP-CH40-X01,FP-CH40,research-map,COUNTER-1,counter,"Bowen's theory is a specific clinical family-systems framework with its own technical apparatus (differentiation, triangles, emotional cutoff) — the chapter borrows only the transmission concept and doesn't engage the rest of Bowen's theory, which could read as selective application","Bowen's theory is a specific clinical family-systems framework with its own technical apparatus (differentiation, triangles, emotional cutoff) — the chapter borrows only the transmission concept and doesn't engage the rest of Bowen's theory, which could read as selective application",,"no adjustment needed. The chapter's stewardship framing doesn't claim to be a full application of Bowen theory — the footnote cites the transmission process specifically as validating one claim (that patterns pass across generations through more than conscious choice), not as an endorsement of the entire Bowen framework.",,no-change-needed,,FP-CH40-C001 | FP-CH40-C002 | FP-CH40-C003,,
FP-CH40-X02,FP-CH40,research-map,EDGE-1,edge,"The chapter's stewardship framing, applied across partner/parent/adult-child/sibling/extended-family/chosen-family roles, is original synthesis — only the underlying ""temporary caretaker of an inheritance"" claim is directly sourced","The chapter's stewardship framing, applied across partner/parent/adult-child/sibling/extended-family/chosen-family roles, is original synthesis — only the underlying ""temporary caretaker of an inheritance"" claim is directly sourced",,no adjustment needed; this is consistent with the book's general pattern of grounding one key mechanism per chapter in established research while developing original operational frameworks around it.,,no-change-needed,,FP-CH40-C001,,
FP-CH40-X03,FP-CH40,contrarian-review,Q1,review-flag,What could a smart critic say?,"A critic could read the stewardship framework as prescriptive about family form, implicitly centering a nuclear, multigenerational, biologically-related family as the default. The chapter's strongest defense is its explicit six-role structure (partner, parent, adult child of aging parents, sibling, extended family, chosen family), including chosen family ""the reader has constructed deliberately rather than received by default."" A critic could still push further: the ""steward"" language itself, drawn from Bowen's clinical family-systems framework, carries an inheritance-and-lineage assumption that sits less naturally on chosen family than on biological family. Worth a fresh read for whether the chosen-family section feels as fully developed as the others or slightly appended.",,,,watch,A risk to watch; no decision required yet.,FP-CH40-C001 | FP-CH40-C002 | FP-CH40-C003,,"Draft 0.6 (citation pass, 2026-07-20)"
FP-CH40-X04,FP-CH40,contrarian-review,Q10,review-flag,Needs research support?,"Resolved by the 2026-07-20 citation pass. The steward/owner framing is grounded in Bowen's multigenerational transmission process. See CH40 - Research Map. ⚠️ Watch: the chapter borrows only the transmission concept from Bowen's much larger clinical apparatus (differentiation, triangles, emotional cutoff), which the Research Map counterpoint judges as sufficient sourcing for the one claim made, but Stephen may want to confirm the citation doesn't imply a fuller Bowen application than the chapter actually makes.",,,,watch,A risk to watch; no decision required yet.,FP-CH40-C001 | FP-CH40-C002 | FP-CH40-C003,,"Draft 0.6 (citation pass, 2026-07-20)"
FP-CH40-X05,FP-CH40,contrarian-review,Q14,review-flag,Overcenters the individual?,"The chapter is about the reader's own stewardship practice, which is appropriate scope, but it doesn't address what happens when other family members don't share the reader's framework (a partner who wants a partner without boundaries, a parent who expects the old self-erasure pattern to continue). This is somewhat outside the chapter's scope but worth flagging as a live gap a critic could press on.",,,,watch,A risk to watch; no decision required yet.,FP-CH40-C001,,"Draft 0.6 (citation pass, 2026-07-20)"
FP-CH41-X01,FP-CH41,research-map,COUNTER-1,counter,"Putnam's data runs through the late 1990s — the chapter is making claims about the current (2026) information and community environment, a quarter-century after Putnam's most recent data, during which digital community forms Putnam could not have anticipated have proliferated","Putnam's data runs through the late 1990s — the chapter is making claims about the current (2026) information and community environment, a quarter-century after Putnam's most recent data, during which digital community forms Putnam could not have anticipated have proliferated",,"worth flagging for Stephen, not a required change this pass. The chapter's own text already accounts for this partially, noting the reader ""may belong to interest-based communities online that did not exist a generation ago"" and treating this as part of the pluralism rather than ignoring it. The Putnam citation supports the historical decline trend that set the conditions the chapter describes, not a claim that nothing has changed since 2000.",,open,No response recorded in the Research Map.,FP-CH41-C001 | FP-CH41-C002 | FP-CH41-C003,,
FP-CH41-X02,FP-CH41,research-map,EDGE-1,edge,"The chapter's five conditions for durable community (repeated contact, shared work, honest conflict, accountability, meaning) are original synthesis, not directly derived from Putnam's social-capital framework, which focuses more on measurable civic participation than on the internal qualities of community life","The chapter's five conditions for durable community (repeated contact, shared work, honest conflict, accountability, meaning) are original synthesis, not directly derived from Putnam's social-capital framework, which focuses more on measurable civic participation than on the internal qualities of community life",,no adjustment needed. This is consistent with the book's pattern of citing an empirical trend (community decline) while developing its own practical framework (what makes the remaining communities durable) around it.,,no-change-needed,,FP-CH41-C001,,
FP-CH41-X03,FP-CH41,contrarian-review,Q1,review-flag,What could a smart critic say?,"The chapter's opening section, contrasting the community ""the reader grew up alongside"" with today's thinner, more sporadic community, is structurally close to nostalgia for a lost golden age of community, a genre the reader may have encountered before, especially given Putnam's data itself runs through the late 1990s. The chapter's defense is that it doesn't romanticize the old community or claim the reader should recreate it; it names concrete present-tense conditions (repeated contact, shared work, honest conflict, accountability, meaning) and closes with an action plan rather than a lament. A critic could still press: does the chapter adequately credit that some readers deliberately left inherited communities for good reason (""the leaving was the right governance for the reader's actual conditions"")? That line is present and does real work, but it appears once, early, and doesn't recur in the five-conditions section.",,,,watch,A risk to watch; no decision required yet.,FP-CH41-C001 | FP-CH41-C002 | FP-CH41-C003,,"Draft 0.6 (citation pass, 2026-07-20)"
FP-CH41-X04,FP-CH41,contrarian-review,Q10,review-flag,Needs research support?,"Resolved by the 2026-07-20 citation pass. The thin-versus-thick community claim is grounded in Putnam's Bowling Alone. See CH41 - Research Map. ⚠️ Watch: Putnam's most recent data is roughly a quarter-century old relative to the chapter's 2026 present tense, and the chapter is making claims about a digital-community landscape Putnam could not have studied. The Research Map counterpoint judges the chapter's own text (""interest-based communities online that did not exist a generation ago"") as already accounting for this partially, but a critic could still note the citation supports the historical decline trend, not the chapter's live claims about today's digital-community landscape specifically.",,,,watch,A risk to watch; no decision required yet.,FP-CH41-C001 | FP-CH41-C002 | FP-CH41-C003,,"Draft 0.6 (citation pass, 2026-07-20)"
FP-CH42-X01,FP-CH42,research-map,COUNTER-1,counter,"Fukuyama's framework was developed primarily to analyze large-scale political institutions and nation-states — the chapter applies it to the smaller-scale institutions (hospitals, schools, professional associations) an individual reader might actually contribute to","Fukuyama's framework was developed primarily to analyze large-scale political institutions and nation-states — the chapter applies it to the smaller-scale institutions (hospitals, schools, professional associations) an individual reader might actually contribute to",,"the footnote already addresses this directly, noting the chapter applies Fukuyama's framework ""at the scale of the specific institutions a reader might actually contribute to rather than at the scale of nation-states."" No further adjustment needed — the mechanisms (rigidity, capture) plausibly operate at multiple institutional scales, not only the nation-state level Fukuyama primarily studied.",,no-change-needed,,FP-CH42-C001,,
FP-CH42-X02,FP-CH42,research-map,EDGE-1,edge,"The chapter's five power mechanisms (formal authority, informal authority, resource allocation, gatekeeping, institutional narrative) are original synthesis for practical institutional navigation, not directly derived from Fukuyama, who focuses more on decay dynamics than on a reader's practical map of how to read institutional power","The chapter's five power mechanisms (formal authority, informal authority, resource allocation, gatekeeping, institutional narrative) are original synthesis for practical institutional navigation, not directly derived from Fukuyama, who focuses more on decay dynamics than on a reader's practical map of how to read institutional power",,no adjustment needed. Consistent with the book's pattern of anchoring the diagnostic claim (why institutions fail) in established research while developing original operational guidance (how to read and work inside institutional power) around it.,,no-change-needed,,FP-CH42-C001 | FP-CH42-C002 | FP-CH42-C003,,
FP-CH42-X03,FP-CH42,contrarian-review,Q1,review-flag,What could a smart critic say?,"A critic could read the chapter as institutionalist apologetics, defending structures (hospitals, universities, courts, regulatory agencies) that some readers believe deserve to collapse rather than be repaired, especially readers who have been personally harmed by a specific institution. The chapter's opening move preempts part of this (""the descriptions are often accurate"") but the ""What Institutional Repair Requires"" section never directly addresses when repair is the wrong call and abandonment or replacement is correct. The chapter gestures at this only obliquely, through ""the question of what replaces the institutions if the institutions fail,"" without naming criteria for when replacement, not repair, is the right response.",,,,watch,A risk to watch; no decision required yet.,FP-CH42-C001 | FP-CH42-C003,,"Draft 0.6 (citation pass, 2026-07-20)"
FP-CH42-X04,FP-CH42,contrarian-review,Q10,review-flag,Needs research support?,"Resolved by the 2026-07-20 citation pass. The characteristic failure modes are grounded in Fukuyama's institutional decay framework (rigidity and repatrimonialization). See CH42 - Research Map. ⚠️ Watch: Fukuyama's framework was built primarily for nation-state political institutions, and the chapter applies it to hospitals, schools, and professional associations. The footnote and Research Map counterpoint both address this directly and judge no further adjustment necessary, but this remains the chapter's single largest research-generalization claim and is worth Stephen's direct read.",,,,watch,A risk to watch; no decision required yet.,FP-CH42-C001 | FP-CH42-C003,,"Draft 0.6 (citation pass, 2026-07-20)"
FP-CH43-X01,FP-CH43,research-map,COUNTER-1,counter,"Greenleaf's servant leadership has faced critique for being difficult to operationalize and measure, and for potentially masking power imbalances behind service-oriented language (a leader can claim to be ""serving"" while still exercising unchecked authority)","Greenleaf's servant leadership has faced critique for being difficult to operationalize and measure, and for potentially masking power imbalances behind service-oriented language (a leader can claim to be ""serving"" while still exercising unchecked authority)",,"worth flagging for Stephen, not a required change. The chapter's own ""What Civic Responsibility Specifically Asks"" section already builds in accountability mechanisms (commitment to institution over self, commitment to constituents the leader doesn't personally favor, commitment to eventual handover) that guard against exactly this failure mode — a leader who used ""service"" rhetoric without these accountability structures would not meet the chapter's own standard.",,open,No response recorded in the Research Map.,FP-CH43-C001,,
FP-CH43-X02,FP-CH43,research-map,EDGE-1,edge,"The chapter's five leadership capacities (holding uncertainty, absorbing conflict, uneven consequences, visible consistency, developing successors) extend beyond Greenleaf's original ten servant-leader characteristics — this is the chapter's own synthesis, using Greenleaf as grounding rather than as a complete source","The chapter's five leadership capacities (holding uncertainty, absorbing conflict, uneven consequences, visible consistency, developing successors) extend beyond Greenleaf's original ten servant-leader characteristics — this is the chapter's own synthesis, using Greenleaf as grounding rather than as a complete source",,"no adjustment needed; consistent with how the book uses foundational theories as anchoring points for its own more specific, book-native frameworks throughout.",,no-change-needed,,FP-CH43-C001 | FP-CH43-C002 | FP-CH43-C003,,
FP-CH43-X03,FP-CH43,contrarian-review,Q1,review-flag,What could a smart critic say?,"A critic could read ""What Leadership Specifically Requires"" as a great-man chapter smuggled into a book about contribution without self-erasure, valorizing burden (""the leader is the address conflict gets sent to"") in a way that risks romanticizing self-sacrifice. The chapter's actual guard is its final section, ""What Readers Who Will Not Lead Can Do,"" which insists most readers will not lead and that this is not a lesser contribution. A reader who stops in the middle, after the heavy fourth-commitment paragraph (""the commitments are heavy""), may not reach that guard.",,,,watch,A risk to watch; no decision required yet.,FP-CH43-C001 | FP-CH43-C003,,"Draft 0.6 (citation pass, 2026-07-20)"
FP-CH43-X04,FP-CH43,contrarian-review,Q3,review-flag,Agency confused with blame?,"""A reader without the architecture, attempting leadership anyway, often produces the patterns of leadership failure the recent decades have made visible"" risks reading as blaming individual leaders for failures that also have structural causes (a degraded media environment, institutions under extraction). The sentence is defensible as a claim about what determines outcomes for the individual leader, but it sits close to the line and would benefit from an explicit nod that structural conditions also shape leadership failure, not personal unpreparedness alone.",,,,watch,A risk to watch; no decision required yet.,FP-CH43-C001,,"Draft 0.6 (citation pass, 2026-07-20)"
FP-CH43-X05,FP-CH43,contrarian-review,Q9,review-flag,Enough lived experience?,"The chapter has zero composite figures or narrative texture, more than any other chapter reviewed in this part. It is built entirely as direct second-person argument. This is a legitimate choice for a chapter about structural requirements rather than felt experience, but a single grounding image (a specific kind of leader fatigue, a specific civic role under strain) would keep the chapter from reading as pure abstraction across five sections. See CH43 - Story Notes.",,,,watch,A risk to watch; no decision required yet.,FP-CH43-C001,,"Draft 0.6 (citation pass, 2026-07-20)"
FP-CH43-X06,FP-CH43,contrarian-review,Q12,review-flag,Sounds human?,"The chapter repeatedly uses ""hold"" and ""holding"" as its central metaphor for leadership capacity: ""hold uncertainty for the group,"" ""the holding is not the pretense of certainty,"" ""the holding is the steady presence,"" and later ""the participant who can hold the leader accountable."" This is the explicitly banned construction in Dr. Thompson's voice rules. It needs a systematic sweep and replacement (absorb, carry the weight of, sustain, steady) before this chapter can be considered voice-clean. No em dashes and no ""Not X. Y."" contrast constructions were found otherwise; the prose otherwise tracks CH02's varied-subject, present-tense pattern.",,,,needs-stephen,Flagged for Stephen's decision.,FP-CH43-C001,,"Draft 0.6 (citation pass, 2026-07-20)"
FP-CH44-X01,FP-CH44,research-map,COUNTER-1,counter,"Erikson's generativity-vs-stagnation stage is specifically tied to middle adulthood (roughly ages 40-65) — the chapter describes legacy practice across the entire adult lifespan, including ""the earlier decades"" (foundation-building) and ""the final decade or decades"" (conclusion), which extends beyond Erikson's original stage window","Erikson's generativity-vs-stagnation stage is specifically tied to middle adulthood (roughly ages 40-65) — the chapter describes legacy practice across the entire adult lifespan, including ""the earlier decades"" (foundation-building) and ""the final decade or decades"" (conclusion), which extends beyond Erikson's original stage window",,"the footnote already addresses this (""not only during Erikson's specific middle-adulthood window""). No further adjustment needed — the chapter's four-decade structure (foundation, deployment, transmission, conclusion) uses generativity as the core, most citation-relevant middle phase while building original structure around the earlier and later phases Erikson's model doesn't directly address.",,no-change-needed,,FP-CH44-C001,,
FP-CH44-X02,FP-CH44,research-map,EDGE-1,edge,"The Research Map template originally flagged McAdams (narrative identity/generativity researcher) as a candidate source alongside Erikson — this pass used only Erikson's foundational stage theory, not McAdams's later empirical extensions","The Research Map template originally flagged McAdams (narrative identity/generativity researcher) as a candidate source alongside Erikson — this pass used only Erikson's foundational stage theory, not McAdams's later empirical extensions",,"no adjustment made. Erikson's original framework was sufficient to ground the chapter's central claim without requiring a second citation; McAdams remains a reasonable candidate for a future, deeper citation pass if Stephen wants additional empirical grounding for the narrative-identity dimension of legacy specifically.",,no-change-needed,,FP-CH44-C001 | FP-CH44-C002 | FP-CH44-C003,,
FP-CH44-X03,FP-CH44,contrarian-review,Q1,review-flag,What could a smart critic say?,"A critic could say a legacy chapter this early in a reader's life risks feeling morbid or premature, especially for a younger reader who has not yet reached ""the middle decades"" the chapter describes. The chapter's actual defense is structural rather than reassuring: it argues legacy is being produced continuously starting now, so a younger reader is not being asked to think about death, they are being asked to notice what their current daily behavior is already building. This defense works if the reader reaches ""What Legacy Practice Specifically Involves,"" but the opening section's funeral and estate-planning framing could still land as an ill-timed memento mori for a reader in their twenties or thirties.",,,,watch,A risk to watch; no decision required yet.,FP-CH44-C001,,"Draft 0.6 (citation pass, 2026-07-20)"
FP-CH44-X04,FP-CH44,contrarian-review,Q9,review-flag,Enough lived experience?,"Like CH43, this chapter has no composite figures or narrative texture as drafted, only the abstract phrase ""a reader without legacy practice may arrive at sixty..."" used as a recurring device rather than a specific person. This is consistent with CH43's pattern in this part, but across two consecutive chapters it risks Part VI reading as more abstract than Parts III and V. See CH44 - Story Notes.",,,,watch,A risk to watch; no decision required yet.,FP-CH44-C001,,"Draft 0.6 (citation pass, 2026-07-20)"
FP-CH45-X01,FP-CH45,research-map,COUNTER-1,counter,"This is the book's closing synthesis chapter, and grounding its central metaphor in a 2,300-year-old philosophical concept risks reading as a stretch or as retrofitting academic legitimacy onto what is fundamentally the book's own coined term","This is the book's closing synthesis chapter, and grounding its central metaphor in a 2,300-year-old philosophical concept risks reading as a stretch or as retrofitting academic legitimacy onto what is fundamentally the book's own coined term",,"worth flagging for Stephen as a judgment call, not a required change. The parallel is genuine (both concepts treat flourishing/being-founded as ongoing activity rather than arrival), and the footnote is careful to frame it as ""continuous with"" Aristotle's insight rather than claiming the Founded Project derived its terminology from Aristotle. Stephen may prefer to cut this citation if he wants CH45 to stand entirely as original synthesis without academic grounding at the close — this is a stylistic choice as much as an accuracy one.",,open,No response recorded in the Research Map.,FP-CH45-C001,,
FP-CH45-X02,FP-CH45,research-map,EDGE-1,edge,"This is the only chapter in the entire 45-chapter citation pass without a ""What the Next Chapter Walks"" forward-reference, since it is the final chapter — its Research Map accordingly has no cross-reference to a subsequent chapter's research thread","This is the only chapter in the entire 45-chapter citation pass without a ""What the Next Chapter Walks"" forward-reference, since it is the final chapter — its Research Map accordingly has no cross-reference to a subsequent chapter's research thread",,"not applicable; noted only to confirm the citation pass reached a proper, deliberate endpoint rather than stopping short.",,open,No response recorded in the Research Map.,FP-CH45-C001,,
FP-CH45-X03,FP-CH45,contrarian-review,Q1,review-flag,What could a smart critic say?,"The most obvious attack on a closing chapter that recaps the whole book: does it earn its length for a reader who just finished forty-four chapters, or does it read as redundant summary? ""What the Architecture Has Built"" walks all six Parts in sequence, one paragraph each, largely restating claims the reader already has fresh. The chapter earns its place mainly in the sections after that recap: ""What Founded Looks Like From Outside"" moves from summary into new observable texture (reachable/unreachable honesty, revising positions under better arguments), and ""What the Reader Carries Forward"" reframes everything as a single orientation and closes with a genuinely new image, stewardship instead of possession. A critic who stops reading at the end of the six-Part recap would have a fair complaint; a critic who reaches the close would not.",,,,watch,A risk to watch; no decision required yet.,FP-CH45-C001 | FP-CH45-C003,,"Draft 0.6 (citation pass, 2026-07-20)"
FP-CH45-X04,FP-CH45,contrarian-review,Q9,review-flag,Enough lived experience?,"No composite figures appear in this chapter, consistent with CH43 and CH44 immediately before it. For a closing chapter whose job is partly emotional payoff, the absence of any single human image, real or composite, is a notable gap; the chapter closes on an abstract ""orientation"" rather than a picture of a specific founded life. See CH45 - Story Notes.",,,,watch,A risk to watch; no decision required yet.,FP-CH45-C001 | FP-CH45-C003,,"Draft 0.6 (citation pass, 2026-07-20)"
FP-CH45-X05,FP-CH45,contrarian-review,Q12,review-flag,Sounds human?,"No em dashes and no ""Not X. Y."" contrast constructions were found. ""Carries forward"" and ""carried"" recur roughly six times across the final section, which is likely intentional rhetorical repetition for a closing passage rather than a slip, but it is worth Stephen's ear given the generic voice checklist flags ""carry"" as a category to verify. The closing line, ""Reclaim agency. Govern well. Think clearly. Contribute wisely. Stand founded,"" is deliberately aphoristic and imperative, five short commands in a row, a register the rest of the book does not use. This reads as earned precisely because it is the last line of forty-five chapters and breaks pattern on purpose; it would not work as a mid-book line. Stephen's ear should confirm it lands as a considered break rather than a departure from the established voice.",,,,watch,A risk to watch; no decision required yet.,FP-CH45-C001 | FP-CH45-C003,,"Draft 0.6 (citation pass, 2026-07-20)"
