id,chapter_id,text_origin,text,type,type_basis,importance,importance_basis,verification_status,verification_detail,review_status,supporting_source_ids,qualifying_source_ids,challenge_ids,competing_explanation,establishes,does_not_establish,location,location_basis,mechanisms,related_claim_ids
FP-CH01-C001,FP-CH01,overview-core-claim,"Americans built the systems they inherit at birth (work, healthcare, school, finance, civic life, media, and technology, with AI now arriving on top) for a set of conditions that has since changed. Each now demands more while delivering less, and the mismatch is structural rather than a personal failure of discipline or grit. As of Draft 1.3 the systems walk develops three domains fully (work, healthcare, school), compresses finance and civic life into a single sentence each, and treats media, personal technology, and AI as one continuous movement about the information environment. The argument is unchanged; the seven-fold march is gone.",synthesis,Overview › Core Claim: the chapter's own statement of its argument,load-bearing,the chapter's core claim by definition,argued,Supported by the chapter's reasoning and the sourced claims listed beneath it; not separately cited. 22 source(s) sit beneath it in this chapter.,unreviewed,FP-S0001 | FP-S0002 | FP-S0003 | FP-S0004 | FP-S0005 | FP-S0006 | FP-S0007 | FP-S0008 | FP-S0009 | FP-S0010 | FP-S0011 | FP-S0012 | FP-S0013 | FP-S0014 | FP-S0015 | FP-S0016 | FP-S0017 | FP-S0018 | FP-S0019 | FP-S0020 | FP-S0021 | FP-S0022,,FP-CH01-X01 | FP-CH01-X02 | FP-CH01-X03 | FP-CH01-X04 | FP-CH01-X05 | FP-CH01-X06 | FP-CH01-X07 | FP-CH01-X08 | FP-CH01-X09 | FP-CH01-X10,Some sectors and demographics have stable or improving conditions,,,note=Chapter-level claim from the Overview,Overview file,civic-agency | ai-synthetic-reality,
FP-CH01-C002,FP-CH01,draft-sentence,"The job now asks for availability across the whole day, retirement now self-funded, side income is needed to cover what the average wage doesn't, and the unpaid emotional labor is never accounted for by the employer.",fact,cites a source the Research Map lists under Empirical Claims,supporting,a sourced sentence inside the chapter's argument; importance not yet reviewed,cited,A footnote sits on this sentence in the current draft.,unreviewed,FP-S0001,,,,validates the chapter's claim that the implicit contract of the American job has been broken and retirement risk transferred to the worker. The 49% cost advantage of pooled pensions over individual 401(k)s (from NIRS analysis) is a specific data point worth weaving in.,,"section=The Inheritance; paragraph=3; section_index=3; draft_version=Draft 1.6, voice-rule audit fix (contractions, passives, contrast statement, micro-marches), 2026-09-02; draft_date=2026-08-28",footnote position in the draft,,FP-CH01-C009 | FP-CH01-C016
FP-CH01-C003,FP-CH01,draft-sentence,The clinicians inside the building are leaving those professions in numbers that should be a national emergency.,unverified,footnoted sentence; type not yet assigned (the Research Map does not list it as an empirical claim),supporting,a sourced sentence inside the chapter's argument; importance not yet reviewed,cited,A footnote sits on this sentence in the current draft.,unreviewed,FP-S0002,,FP-CH01-X09,,"Tait D. Shanafelt et al., ""Changes in Burnout and Satisfaction With Work-Life Integration in Physicians and the General US Working Population Between 2011 and 2023,"" Mayo Clinic Proceedings 99, no. 8 (2024). See also Commonwealth Fund, ""Causes and Impacts of Burnout Among Primary Care Physicians in 10 Countries"" (2025) — U.S. PCP burnout contributes roughly $260M in excess annual health spending from turnover. WHO projects 86% of global deaths by 2050 will be from chronic illness, in a clinical system designed for episodic acute care.",,"section=The Inheritance; paragraph=4; section_index=3; draft_version=Draft 1.6, voice-rule audit fix (contractions, passives, contrast statement, micro-marches), 2026-09-02; draft_date=2026-08-28",footnote position in the draft,,
FP-CH01-C004,FP-CH01,draft-sentence,And then those same teachers leave because the conditions burn through them and turn them cynical about the whole enterprise.,fact,cites a source the Research Map lists under Empirical Claims,supporting,a sourced sentence inside the chapter's argument; importance not yet reviewed,cited,A footnote sits on this sentence in the current draft.,unreviewed,FP-S0003,,FP-CH01-X09,,"validates the chapter's claim that teachers stay because children matter, leave because conditions burn them out, and that classrooms now manage conditions schools weren't designed for.",,"section=The Inheritance; paragraph=5; section_index=3; draft_version=Draft 1.6, voice-rule audit fix (contractions, passives, contrast statement, micro-marches), 2026-09-02; draft_date=2026-08-28",footnote position in the draft,human-enterprise,FP-CH01-C011
FP-CH01-C005,FP-CH01,draft-sentence,"It measures one thing, whether the scroll continues, and accuracy never enters the calculation.",fact,cites a source the Research Map lists under Empirical Claims,supporting,a sourced sentence inside the chapter's argument; importance not yet reviewed,cited,A footnote sits on this sentence in the current draft.,unreviewed,FP-S0004,,,,"validates ""an attentional river that runs past your face every waking minute"" and ""a content engine in the pocket that adjusts to feelings minute by minute.""",,"section=The Inheritance; paragraph=7; section_index=3; draft_version=Draft 1.6, voice-rule audit fix (contractions, passives, contrast statement, micro-marches), 2026-09-02; draft_date=2026-08-28",footnote position in the draft,reactive-choosing,FP-CH01-C012
FP-CH01-C006,FP-CH01,draft-sentence,"Americans are reading the distance between what the institution promises and what the institution delivers, and they are reading it accurately.",fact,cites a source the Research Map lists under Empirical Claims,supporting,a sourced sentence inside the chapter's argument; importance not yet reviewed,cited,A footnote sits on this sentence in the current draft.,unreviewed,FP-S0005,,FP-CH01-X09,,"validates ""trust in hospitals, schools, courts, agencies, and the press falls year over year, and the falling is not irrational.""",,"section=Every System Runs on People Who Unwillingly Burn Out for Progress; paragraph=2; section_index=5; draft_version=Draft 1.6, voice-rule audit fix (contractions, passives, contrast statement, micro-marches), 2026-09-02; draft_date=2026-08-28",footnote position in the draft,institutions-power-repair,FP-CH01-C014
FP-CH01-C007,FP-CH01,draft-sentence,"What people call the social fabric is a set of small standing commitments, and each one gets dropped by a person who has run out of margin to keep it.",fact,cites a source the Research Map lists under Empirical Claims,supporting,a sourced sentence inside the chapter's argument; importance not yet reviewed,cited,A footnote sits on this sentence in the current draft.,unreviewed,FP-S0006,,FP-CH01-X09,,"validates ""the social fabric does not tear in one loud moment; it frays in ten thousand quiet ones."" ---",,"section=Every System Runs on People Who Unwillingly Burn Out for Progress; paragraph=3; section_index=5; draft_version=Draft 1.6, voice-rule audit fix (contractions, passives, contrast statement, micro-marches), 2026-09-02; draft_date=2026-08-28",footnote position in the draft,,FP-CH01-C015
FP-CH01-C008,FP-CH01,draft-sentence,The labor market already straining under these conditions is about to be reorganized by artificial intelligence and robotics on a timeline no institution is prepared for.,fact,cites a source the Research Map lists under Empirical Claims,supporting,a sourced sentence inside the chapter's argument; importance not yet reviewed,cited,A footnote sits on this sentence in the current draft.,unreviewed,FP-S0007,,FP-CH01-X09,,validates the chapter's closing claim that AI will reorganize labor markets on a timeline institutions are not ready for.,,"section=Every System Runs on People Who Unwillingly Burn Out for Progress; paragraph=5; section_index=5; draft_version=Draft 1.6, voice-rule audit fix (contractions, passives, contrast statement, micro-marches), 2026-09-02; draft_date=2026-08-28",footnote position in the draft,collapse-reorganization | ai-synthetic-reality | institutions-power-repair,FP-CH01-C013
FP-CH01-C009,FP-CH01,research-map,"Pensions vanished; 401(k) burden shifted to individual; income flat, demands rising",fact,listed under 'Empirical Claims → Sources' in the Research Map,supporting,listed under Empirical Claims in the Research Map; importance not yet reviewed,mapped,"The Research Map links this claim to a source bucket, and that source is cited inline in the draft (see related claim).",unreviewed,FP-S0001 | FP-S0008 | FP-S0009 | FP-S0010,,FP-CH01-X09,,validates the chapter's claim that the implicit contract of the American job has been broken and retirement risk transferred to the worker. The 49% cost advantage of pooled pensions over individual 401(k)s (from NIRS analysis) is a specific data point worth weaving in.,,"section=The Inheritance; paragraph=3; section_index=3; draft_version=Draft 1.6, voice-rule audit fix (contractions, passives, contrast statement, micro-marches), 2026-09-02; draft_date=2026-08-28",keyword match to a draft paragraph (4 shared terms); unreviewed,,FP-CH01-C002
FP-CH01-C010,FP-CH01,research-map,Chronic disease is baseline; clinician exodus is real; billing complexity makes care opaque,fact,listed under 'Empirical Claims → Sources' in the Research Map,supporting,listed under Empirical Claims in the Research Map; importance not yet reviewed,mapped,The Research Map links this claim to a source bucket; the source is not cited inline in the current draft.,unreviewed,FP-S0011 | FP-S0012 | FP-S0013 | FP-S0014,,FP-CH01-X09,,"validates ""chronic disease is baseline"" and ""clinicians leaving the profession in numbers that should be a national emergency.""",,"section=The Inheritance; paragraph=4; section_index=3; draft_version=Draft 1.6, voice-rule audit fix (contractions, passives, contrast statement, micro-marches), 2026-09-02; draft_date=2026-08-28",keyword match to a draft paragraph (5 shared terms); unreviewed,,
FP-CH01-C011,FP-CH01,research-map,"Teachers leaving in numbers that should be a national emergency; classrooms managing trauma, food insecurity, etc.",fact,listed under 'Empirical Claims → Sources' in the Research Map,supporting,listed under Empirical Claims in the Research Map; importance not yet reviewed,mapped,"The Research Map links this claim to a source bucket, and that source is cited inline in the draft (see related claim).",unreviewed,FP-S0003 | FP-S0015 | FP-S0016,,FP-CH01-X09,,"validates the chapter's claim that teachers stay because children matter, leave because conditions burn them out, and that classrooms now manage conditions schools weren't designed for.",,"section=The Inheritance; paragraph=4; section_index=3; draft_version=Draft 1.6, voice-rule audit fix (contractions, passives, contrast statement, micro-marches), 2026-09-02; draft_date=2026-08-28",keyword match to a draft paragraph (5 shared terms); unreviewed,trauma-burnout,FP-CH01-C004
FP-CH01-C012,FP-CH01,research-map,Attention-economy platforms engineered to bypass reading skills,fact,listed under 'Empirical Claims → Sources' in the Research Map,supporting,listed under Empirical Claims in the Research Map; importance not yet reviewed,mapped,"The Research Map links this claim to a source bucket, and that source is cited inline in the draft (see related claim).",unreviewed,FP-S0004 | FP-S0017 | FP-S0018,,FP-CH01-X09,,"validates ""an attentional river that runs past your face every waking minute"" and ""a content engine in the pocket that adjusts to feelings minute by minute.""",,"section=The Inheritance; paragraph=7; section_index=3; draft_version=Draft 1.6, voice-rule audit fix (contractions, passives, contrast statement, micro-marches), 2026-09-02; draft_date=2026-08-28",keyword match to a draft paragraph (4 shared terms); unreviewed,,FP-CH01-C005
FP-CH01-C013,FP-CH01,research-map,AI reorganizing labor markets on timelines institutions haven't prepared for,fact,listed under 'Empirical Claims → Sources' in the Research Map,supporting,listed under Empirical Claims in the Research Map; importance not yet reviewed,mapped,"The Research Map links this claim to a source bucket, and that source is cited inline in the draft (see related claim).",unreviewed,FP-S0007 | FP-S0019 | FP-S0020,,FP-CH01-X09,,validates the chapter's closing claim that AI will reorganize labor markets on a timeline institutions are not ready for.,,"section=Every System Runs on People Who Unwillingly Burn Out for Progress; paragraph=5; section_index=5; draft_version=Draft 1.6, voice-rule audit fix (contractions, passives, contrast statement, micro-marches), 2026-09-02; draft_date=2026-08-28",keyword match to a draft paragraph (5 shared terms); unreviewed,collapse-reorganization | ai-synthetic-reality | institutions-power-repair,FP-CH01-C008
FP-CH01-C014,FP-CH01,research-map,Trust in institutions falling year over year,fact,listed under 'Empirical Claims → Sources' in the Research Map,supporting,listed under Empirical Claims in the Research Map; importance not yet reviewed,mapped,"The Research Map links this claim to a source bucket, and that source is cited inline in the draft (see related claim).",unreviewed,FP-S0005 | FP-S0021 | FP-S0022,,FP-CH01-X09,,"validates ""trust in hospitals, schools, courts, agencies, and the press falls year over year, and the falling is not irrational.""",,"section=Every System Runs on People Who Unwillingly Burn Out for Progress; paragraph=2; section_index=5; draft_version=Draft 1.6, voice-rule audit fix (contractions, passives, contrast statement, micro-marches), 2026-09-02; draft_date=2026-08-28",keyword match to a draft paragraph (4 shared terms); unreviewed,community-trust | institutions-power-repair,FP-CH01-C006
FP-CH01-C015,FP-CH01,research-map,Volunteer rosters shrink; mutual-aid burns out; social fabric frays,fact,listed under 'Empirical Claims → Sources' in the Research Map,supporting,listed under Empirical Claims in the Research Map; importance not yet reviewed,mapped,"The Research Map links this claim to a source bucket, and that source is cited inline in the draft (see related claim).",unreviewed,FP-S0006,,FP-CH01-X09,,"validates ""the social fabric does not tear in one loud moment; it frays in ten thousand quiet ones."" ---",,"section=Every System Runs on People Who Unwillingly Burn Out for Progress; paragraph=3; section_index=5; draft_version=Draft 1.6, voice-rule audit fix (contractions, passives, contrast statement, micro-marches), 2026-09-02; draft_date=2026-08-28",keyword match to a draft paragraph (7 shared terms); unreviewed,,FP-CH01-C007
FP-CH01-C016,FP-CH01,research-map,Same breakdown costs more where margin is thinnest,fact,listed under 'Empirical Claims → Sources' in the Research Map,supporting,listed under Empirical Claims in the Research Map; importance not yet reviewed,mapped,"The Research Map links this claim to a source bucket, and that source is cited inline in the draft (see related claim).",unreviewed,FP-S0001 | FP-S0008 | FP-S0009 | FP-S0010,,FP-CH01-X09,,validates the chapter's claim that the implicit contract of the American job has been broken and retirement risk transferred to the worker. The 49% cost advantage of pooled pensions over individual 401(k)s (from NIRS analysis) is a specific data point worth weaving in.,,"section=Every System Runs on People Who Unwillingly Burn Out for Progress; paragraph=6; section_index=5; draft_version=Draft 1.6, voice-rule audit fix (contractions, passives, contrast statement, micro-marches), 2026-09-02; draft_date=2026-08-28",keyword match to a draft paragraph (3 shared terms); unreviewed,,FP-CH01-C002
FP-CH02-C001,FP-CH02,overview-core-claim,"Strain does not just exhaust a person. Past burnout, past inconvenience, it trains a person to stop initiating their own life. Agency, the practiced capacity to participate intentionally in shaping a life, erodes through three patterns (survival, time horizon compression, reactive choosing), and the loss shows up identically in the body, the family, the community, and civic life.",synthesis,Overview › Core Claim: the chapter's own statement of its argument,load-bearing,the chapter's core claim by definition,argued,Supported by the chapter's reasoning and the sourced claims listed beneath it; not separately cited. 5 source(s) sit beneath it in this chapter.,unreviewed,FP-S0024 | FP-S0025 | FP-S0026 | FP-S0027 | FP-S0028,,FP-CH02-X01 | FP-CH02-X02 | FP-CH02-X03 | FP-CH02-X04 | FP-CH02-X05 | FP-CH02-X06 | FP-CH02-X07 | FP-CH02-X08,Ego depletion / willpower-as-fuel framing has failed to replicate,,,note=Chapter-level claim from the Overview,Overview file,capacity | choice | survival | shrinking-horizon | reactive-choosing | trauma-burnout | civic-agency | family-stewardship | community-trust | root-and-branch,
FP-CH02-C002,FP-CH02,draft-sentence,"The nervous system runs a threat-response hierarchy, fight and flight and freeze and fawn, and those responses have kept human beings alive through danger for as long as there have been human beings.",fact,cites a source the Research Map lists under Empirical Claims,supporting,a sourced sentence inside the chapter's argument; importance not yet reviewed,cited,A footnote sits on this sentence in the current draft.,unreviewed,FP-S0024,,FP-CH02-X05 | FP-CH02-X06,,"validates ""fight, flight, freeze, fawn"" and ""a nervous system organized around threat has a narrower field of perceived options.""",,section=How It Erodes; paragraph=2; section_index=4; draft_version=Draft 2.3 — X-before-Y clause cut from the closing 2026-09-21; draft_date=2026-09-21,footnote position in the draft,survival | nervous-system,FP-CH02-C004 | FP-CH02-C005 | FP-CH02-C008
FP-CH02-C003,FP-CH02,draft-sentence,"By mid-morning, with the nervous system already lit, the feeds take over and hand you a steady supply of other people's outrage and other people's staged lives.",fact,cites a source the Research Map lists under Empirical Claims,supporting,a sourced sentence inside the chapter's argument; importance not yet reviewed,cited,A footnote sits on this sentence in the current draft.,unreviewed,FP-S0025,,FP-CH02-X06,,"validates ""each ping asks for a response, and most get one"" and ""the energy spent responding looks like productive activity from outside"" and ""a life made entirely of skilled reactions does not build anything.""",,section=How It Erodes; paragraph=4; section_index=4; draft_version=Draft 2.3 — X-before-Y clause cut from the closing 2026-09-21; draft_date=2026-09-21,footnote position in the draft,nervous-system,FP-CH02-C006
FP-CH02-C004,FP-CH02,research-map,"Nervous system threat hierarchy: fight, flight, freeze, fawn",fact,listed under 'Empirical Claims → Sources' in the Research Map,supporting,listed under Empirical Claims in the Research Map; importance not yet reviewed,mapped,"The Research Map links this claim to a source bucket, and that source is cited inline in the draft (see related claim).",unreviewed,FP-S0024,,FP-CH02-X05 | FP-CH02-X06,,"validates ""fight, flight, freeze, fawn"" and ""a nervous system organized around threat has a narrower field of perceived options.""",,section=How It Erodes; paragraph=2; section_index=4; draft_version=Draft 2.3 — X-before-Y clause cut from the closing 2026-09-21; draft_date=2026-09-21,keyword match to a draft paragraph (8 shared terms); unreviewed,survival | nervous-system,FP-CH02-C002
FP-CH02-C005,FP-CH02,research-map,Survival mode narrows perceived field of options,fact,listed under 'Empirical Claims → Sources' in the Research Map,supporting,listed under Empirical Claims in the Research Map; importance not yet reviewed,mapped,"The Research Map links this claim to a source bucket, and that source is cited inline in the draft (see related claim).",unreviewed,FP-S0024 | FP-S0026,,FP-CH02-X05 | FP-CH02-X06,,"validates ""fight, flight, freeze, fawn"" and ""a nervous system organized around threat has a narrower field of perceived options.""",,section=How It Erodes; paragraph=2; section_index=4; draft_version=Draft 2.3 — X-before-Y clause cut from the closing 2026-09-21; draft_date=2026-09-21,the footnoted sentence FP-CH02-C002 cites the same source; unreviewed,survival,FP-CH02-C002
FP-CH02-C006,FP-CH02,research-map,Notification + algorithm load produces reactive choosing,fact,listed under 'Empirical Claims → Sources' in the Research Map,supporting,listed under Empirical Claims in the Research Map; importance not yet reviewed,mapped,"The Research Map links this claim to a source bucket, and that source is cited inline in the draft (see related claim). Pointer resolved to FP-S0017 in FP-CH01.",unreviewed,FP-S0025 | FP-S0027 | FP-S0028 | FP-S0017,,FP-CH02-X06,,"validates ""each ping asks for a response, and most get one"" and ""the energy spent responding looks like productive activity from outside"" and ""a life made entirely of skilled reactions does not build anything.""",,section=How It Erodes; paragraph=4; section_index=4; draft_version=Draft 2.3 — X-before-Y clause cut from the closing 2026-09-21; draft_date=2026-09-21,the footnoted sentence FP-CH02-C003 cites the same source; unreviewed,choice | reactive-choosing,FP-CH02-C003
FP-CH02-C007,FP-CH02,research-map,Civic/community agency erosion mirrors personal agency erosion,fact,listed under 'Empirical Claims → Sources' in the Research Map,supporting,listed under Empirical Claims in the Research Map; importance not yet reviewed,mapped-cross-chapter,The Research Map points to sources documented in CH01: (4) Putnam (covered in CH01) Resolved to FP-S0006.,unreviewed,FP-S0006,,FP-CH02-X04,,,,section=Why the Book Begins Here; paragraph=3; section_index=6; draft_version=Draft 2.3 — X-before-Y clause cut from the closing 2026-09-21; draft_date=2026-09-21,keyword match to a draft paragraph (3 shared terms); unreviewed,civic-agency | community-trust,
FP-CH02-C008,FP-CH02,research-map,"Sleep that does not feel restorative, body stuck in survival cycles",fact,listed under 'Empirical Claims → Sources' in the Research Map,supporting,listed under Empirical Claims in the Research Map; importance not yet reviewed,mapped,"The Research Map links this claim to a source bucket, and that source is cited inline in the draft (see related claim).",unreviewed,FP-S0024 | FP-S0026,,FP-CH02-X05 | FP-CH02-X06,,"validates ""fight, flight, freeze, fawn"" and ""a nervous system organized around threat has a narrower field of perceived options.""",,section=What the Erosion Costs; paragraph=2; section_index=5; draft_version=Draft 2.3 — X-before-Y clause cut from the closing 2026-09-21; draft_date=2026-09-21,keyword match to a draft paragraph (5 shared terms); unreviewed,survival,FP-CH02-C002
FP-CH03-C001,FP-CH03,overview-core-claim,"Certainty functions as a painkiller for a nervous system running on a narrowed budget. It does not repair the underlying exhaustion; it makes the exhaustion bearable, at the cost of flattening a person's capacity for nuance, comparison, and disagreement that stays in the room. The drift toward political, religious, optimization, conspiratorial, or identity-based extremes is five doors into the same narrowed room, not five unrelated pathologies.",synthesis,Overview › Core Claim: the chapter's own statement of its argument,load-bearing,the chapter's core claim by definition,argued,Supported by the chapter's reasoning and the sourced claims listed beneath it; not separately cited. 6 source(s) sit beneath it in this chapter.,unreviewed,FP-S0031 | FP-S0033 | FP-S0032 | FP-S0034 | FP-S0035 | FP-S0036,,FP-CH03-X01 | FP-CH03-X02 | FP-CH03-X03 | FP-CH03-X04 | FP-CH03-X05 | FP-CH03-X06 | FP-CH03-X07,Not all certainty is capture,,,note=Chapter-level claim from the Overview,Overview file,capacity | dynamic-balance | identity-openness | nervous-system | intellectual-humility | institutions-power-repair | optimization,
FP-CH03-C002,FP-CH03,draft-sentence,Political certainty is the one most Americans can see from where they stand.,fact,cites a source the Research Map lists under Empirical Claims,supporting,a sourced sentence inside the chapter's argument; importance not yet reviewed,cited,A footnote sits on this sentence in the current draft.,unreviewed,FP-S0031,,FP-CH03-X07,,"Shanto Iyengar, Yphtach Lelkes, Matthew Levendusky, Neil Malhotra, and Sean J. Westwood, ""The Origins and Consequences of Affective Polarization in the United States,"" Annual Review of Political Science 22 (2019): 129-146. Documents the dramatic rise in affective polarization (warmth toward co-partisans vs. opposing partisans) since the late 1970s. See also Lilliana Mason, Uncivil Agreement: How Politics Became Our Identity (Chicago: University of Chicago Press, 2018), which establishes that partisan-ideological sorting has increased social polarization more than it has increased policy disagreement — Americans agree more than they think but can no longer get along.",,"section=People Walk Through Five Different Doors Into the Same Room; paragraph=2; section_index=4; draft_version=Draft 1.4 — Plain-language recheck (CH01 reader test), 2026-09-01; draft_date=2026-08-28",footnote position in the draft,intellectual-humility,FP-CH03-C006
FP-CH03-C003,FP-CH03,draft-sentence,"The hidden hand answers a different unanswerable question, which is why so much of what happens to a person makes no sense.",fact,cites a source the Research Map lists under Empirical Claims,supporting,a sourced sentence inside the chapter's argument; importance not yet reviewed,cited,A footnote sits on this sentence in the current draft.,unreviewed,FP-S0033,,FP-CH03-X07,,"Jan-Willem van Prooijen, The Psychology of Conspiracy Theories (London: Routledge, 2018). Synthesizes the cognitive and affective conditions that make conspiratorial explanation appealing, especially under perceived threat, loss of control, and high uncertainty. The pattern the chapter names, a suspicion that stops answering a particular claim and starts answering all of them, is the well-documented ""conspiracy mentality"" trait described in van Prooijen's research.",,"section=People Walk Through Five Different Doors Into the Same Room; paragraph=5; section_index=4; draft_version=Draft 1.4 — Plain-language recheck (CH01 reader test), 2026-09-01; draft_date=2026-08-28",footnote position in the draft,,FP-CH03-C008
FP-CH03-C004,FP-CH03,draft-sentence,"The fifth door explains the self, and a person walking through it usually calls it freedom.",fact,cites a source the Research Map lists under Empirical Claims,supporting,a sourced sentence inside the chapter's argument; importance not yet reviewed,cited,A footnote sits on this sentence in the current draft.,unreviewed,FP-S0032,,,,"Byung-Chul Han, The Burnout Society, trans. Erik Butler (Stanford: Stanford University Press, 2015). Philosophical-critical account of the achievement-society replacement of disciplinary society. Han traces how worth becomes self-driven productivity and rest becomes a recovery tool for more productivity. See also Jenny Odell, How to Do Nothing: Resisting the Attention Economy (New York: Melville House, 2019), for the trade-book treatment of the same critique with a practical resistance frame.",,"section=People Walk Through Five Different Doors Into the Same Room; paragraph=6; section_index=4; draft_version=Draft 1.4 — Plain-language recheck (CH01 reader test), 2026-09-01; draft_date=2026-08-28",footnote position in the draft,freedom-responsibility,FP-CH03-C007
FP-CH03-C005,FP-CH03,research-map,Nervous system under sustained load narrows the field of perceived options,fact,listed under 'Empirical Claims → Sources' in the Research Map,supporting,listed under Empirical Claims in the Research Map; importance not yet reviewed,mapped,The Research Map links this claim to a source bucket; the source is not cited inline in the current draft.,unreviewed,FP-S0034,,FP-CH03-X04 | FP-CH03-X07,,,,"section=An Exhausted Body Will Take a Settled Answer From Almost Any Source; paragraph=1; section_index=3; draft_version=Draft 1.4 — Plain-language recheck (CH01 reader test), 2026-09-01; draft_date=2026-08-28",keyword match to a draft paragraph (5 shared terms); unreviewed,nervous-system,
FP-CH03-C006,FP-CH03,research-map,Affective polarization in U.S. has risen dramatically since 1970s,fact,listed under 'Empirical Claims → Sources' in the Research Map,supporting,listed under Empirical Claims in the Research Map; importance not yet reviewed,mapped,"The Research Map links this claim to a source bucket, and that source is cited inline in the draft (see related claim).",unreviewed,FP-S0031 | FP-S0035,,FP-CH03-X07,,,,"section=People Walk Through Five Different Doors Into the Same Room; paragraph=2; section_index=4; draft_version=Draft 1.4 — Plain-language recheck (CH01 reader test), 2026-09-01; draft_date=2026-08-28",the footnoted sentence FP-CH03-C002 cites the same source; unreviewed,,FP-CH03-C002
FP-CH03-C007,FP-CH03,research-map,Optimization culture turns worth into output,fact,listed under 'Empirical Claims → Sources' in the Research Map,supporting,listed under Empirical Claims in the Research Map; importance not yet reviewed,mapped,"The Research Map links this claim to a source bucket, and that source is cited inline in the draft (see related claim).",unreviewed,FP-S0032 | FP-S0036,,FP-CH03-X07,,,,"section=People Walk Through Five Different Doors Into the Same Room; paragraph=6; section_index=4; draft_version=Draft 1.4 — Plain-language recheck (CH01 reader test), 2026-09-01; draft_date=2026-08-28",keyword match to a draft paragraph (3 shared terms); unreviewed,optimization,FP-CH03-C004
FP-CH03-C008,FP-CH03,research-map,Conspiracy belief as a coherence-seeking response under load,fact,listed under 'Empirical Claims → Sources' in the Research Map,supporting,listed under Empirical Claims in the Research Map; importance not yet reviewed,mapped,"The Research Map links this claim to a source bucket, and that source is cited inline in the draft (see related claim).",unreviewed,FP-S0033,,FP-CH03-X07,,,,"section=People Walk Through Five Different Doors Into the Same Room; paragraph=5; section_index=4; draft_version=Draft 1.4 — Plain-language recheck (CH01 reader test), 2026-09-01; draft_date=2026-08-28",the footnoted sentence FP-CH03-C003 cites the same source; unreviewed,,FP-CH03-C003
FP-CH04-C001,FP-CH04,overview-core-claim,"A person is wealthy in seven currencies, financial, time, attention, health, relational, knowledge, and self. Money is the only one most Americans are taught to count, and each of the seven has an industry making withdrawals against it, with the withdrawal presented in every case as a personal shortcoming.",synthesis,Overview › Core Claim: the chapter's own statement of its argument,load-bearing,the chapter's core claim by definition,argued,Supported by the chapter's reasoning and the sourced claims listed beneath it; not separately cited. 8 source(s) sit beneath it in this chapter.,unreviewed,FP-S0037 | FP-S0038 | FP-S0039 | FP-S0040 | FP-S0041 | FP-S0042 | FP-S0043 | FP-S0044,,FP-CH04-X01 | FP-CH04-X02 | FP-CH04-X03 | FP-CH04-X04 | FP-CH04-X05 | FP-CH04-X06 | FP-CH04-X07 | FP-CH04-X08,Not all transactions are extractive,,,note=Chapter-level claim from the Overview,Overview file,personal-capital,
FP-CH04-C002,FP-CH04,draft-sentence,The overdraft fee that costs more than the item that triggered it.,fact,cites a source the Research Map lists under Empirical Claims,supporting,a sourced sentence inside the chapter's argument; importance not yet reviewed,cited,A footnote sits on this sentence in the current draft.,unreviewed,FP-S0037,,,,"Consumer Financial Protection Bureau, research on overdraft, NSF fees, payday lending, and consumer credit. consumerfinance.gov/data-research. CFPB has documented median overdraft fees over $30 on transactions averaging under $25, with the burden falling disproportionately on consumers least able to bear it. The 2022 No Surprises Act formally acknowledged the pattern of patients receiving medical bills months after care for prices never disclosed at the point of service.",,"section=The Seven Withdrawals; paragraph=2; section_index=4; draft_version=Draft 1.5 — Typo fix (subject-verb agreement in ""The discernment""), 2026-09-02; draft_date=2026-09-01",footnote position in the draft,,FP-CH04-C009
FP-CH04-C003,FP-CH04,draft-sentence,Institutions have discovered that they can move their own work onto the customer and pay nothing for it.,fact,cites a source the Research Map lists under Empirical Claims,supporting,a sourced sentence inside the chapter's argument; importance not yet reviewed,cited,A footnote sits on this sentence in the current draft.,unreviewed,FP-S0038,,FP-CH04-X07,,"Pamela Herd and Donald P. Moynihan, Administrative Burden: Policymaking by Other Means (New York: Russell Sage Foundation, 2018). The canonical synthesis. Documents how learning costs, compliance costs, and psychological costs of dealing with state and corporate systems function as a regressive tax on time, falling hardest on the people with the least margin to absorb it.",,"section=The Seven Withdrawals; paragraph=3; section_index=4; draft_version=Draft 1.5 — Typo fix (subject-verb agreement in ""The discernment""), 2026-09-02; draft_date=2026-09-01",footnote position in the draft,institutions-power-repair,FP-CH04-C010
FP-CH04-C004,FP-CH04,draft-sentence,The focus. Your attention is the raw material of the largest economy ever assembled.,fact,cites a source the Research Map lists under Empirical Claims,supporting,a sourced sentence inside the chapter's argument; importance not yet reviewed,cited,A footnote sits on this sentence in the current draft.,unreviewed,FP-S0039,,FP-CH04-X07,,"Shoshana Zuboff, The Age of Surveillance Capitalism: The Fight for a Human Future at the New Frontier of Power (New York: PublicAffairs, 2019). Documents the extraction of private human experience as behavioral data, the prediction markets that traffic in that data, and the ""economies of action"" that close the loop by feeding behavioral nudges back into the user's environment. See also Johann Hari, Stolen Focus (Crown, 2022), for the trade-book treatment.",,"section=The Seven Withdrawals; paragraph=5; section_index=4; draft_version=Draft 1.5 — Typo fix (subject-verb agreement in ""The discernment""), 2026-09-02; draft_date=2026-09-01",footnote position in the draft,,FP-CH04-C011 | FP-CH04-C015
FP-CH04-C005,FP-CH04,draft-sentence,"Modern work and modern worry produce chronic activation, and chronic activation wears the body down along predictable cardiovascular, metabolic, immune, and cognitive lines.",fact,cites a source the Research Map lists under Empirical Claims,supporting,a sourced sentence inside the chapter's argument; importance not yet reviewed,cited,A footnote sits on this sentence in the current draft.,unreviewed,FP-S0040,,FP-CH04-X07,,"Bruce S. McEwen and Eliot Stellar, ""Stress and the Individual: Mechanisms Leading to Disease,"" Archives of Internal Medicine 153, no. 18 (1993): 2093-2101 — the original allostatic load formulation. Chronic activation wears the body down along predictable lines: cardiovascular, metabolic, immune, and cognitive. See also the physician burnout and chronic disease epidemic literature documented in CH01.",,"section=The Seven Withdrawals; paragraph=6; section_index=4; draft_version=Draft 1.5 — Typo fix (subject-verb agreement in ""The discernment""), 2026-09-02; draft_date=2026-09-01",footnote position in the draft,,FP-CH04-C012
FP-CH04-C006,FP-CH04,draft-sentence,"The people. Relationship is wealth, and an isolated person is the easiest person in the economy to take from.",unverified,footnoted sentence; type not yet assigned (the Research Map does not list it as an empirical claim),supporting,a sourced sentence inside the chapter's argument; importance not yet reviewed,cited,A footnote sits on this sentence in the current draft.,unreviewed,FP-S0041,,FP-CH04-X07,,"Vivek H. Murthy, U.S. Surgeon General, Our Epidemic of Loneliness and Isolation: The U.S. Surgeon General's Advisory on the Healing Effects of Social Connection and Community (Washington, DC: HHS, 2023). Documents loneliness as a public health crisis with cardiovascular, cognitive, and immune effects comparable to smoking 15 cigarettes a day. The Advisory frames isolation as a structural condition shaped by built environment, work patterns, and platform design — not a personal failing.",,"section=The Seven Withdrawals; paragraph=8; section_index=4; draft_version=Draft 1.5 — Typo fix (subject-verb agreement in ""The discernment""), 2026-09-02; draft_date=2026-09-01",footnote position in the draft,,
FP-CH04-C007,FP-CH04,draft-sentence,"The discernment. A person who cannot tell whether a deal is fair cannot refuse it, so confusion itself has become a product.",fact,cites a source the Research Map lists under Empirical Claims,supporting,a sourced sentence inside the chapter's argument; importance not yet reviewed,cited,A footnote sits on this sentence in the current draft.,unreviewed,FP-S0042,,FP-CH04-X07,,"Omri Ben-Shahar and Carl E. Schneider, More Than You Wanted to Know: The Failure of Mandated Disclosure (Princeton: Princeton University Press, 2014). Documents that mandated consumer disclosure (terms of service, EULAs, fine print) routinely fails to inform consumers because the cognitive cost of comprehension exceeds available attention. Disclosure becomes a fig leaf, not a protection. The chapter's ""complexity is the moat"" claim is the popular framing of this established finding.",,"section=The Seven Withdrawals; paragraph=9; section_index=4; draft_version=Draft 1.5 — Typo fix (subject-verb agreement in ""The discernment""), 2026-09-02; draft_date=2026-09-01",footnote position in the draft,practice-of-discernment,FP-CH04-C014
FP-CH04-C008,FP-CH04,draft-sentence,"The self. The newest withdrawal takes the one asset you probably did not know was listed for sale, record of your own life.",fact,cites a source the Research Map lists under Empirical Claims,supporting,a sourced sentence inside the chapter's argument; importance not yet reviewed,cited,A footnote sits on this sentence in the current draft.,unreviewed,FP-S0039,,FP-CH04-X07 | FP-CH04-X08,,"Shoshana Zuboff, The Age of Surveillance Capitalism: The Fight for a Human Future at the New Frontier of Power (New York: PublicAffairs, 2019). Documents the extraction of private human experience as behavioral data, the prediction markets that traffic in that data, and the ""economies of action"" that close the loop by feeding behavioral nudges back into the user's environment. See also Johann Hari, Stolen Focus (Crown, 2022), for the trade-book treatment.",,"section=The Seven Withdrawals; paragraph=10; section_index=4; draft_version=Draft 1.5 — Typo fix (subject-verb agreement in ""The discernment""), 2026-09-02; draft_date=2026-09-01",footnote position in the draft,personal-capital | honest-accounting,FP-CH04-C011 | FP-CH04-C015
FP-CH04-C009,FP-CH04,research-map,"Overdraft fees, opaque medical bills, fee-stacking",fact,listed under 'Empirical Claims → Sources' in the Research Map,supporting,listed under Empirical Claims in the Research Map; importance not yet reviewed,mapped,"The Research Map links this claim to a source bucket, and that source is cited inline in the draft (see related claim).",unreviewed,FP-S0037 | FP-S0043,,FP-CH04-X07,,,,"section=The Seven Withdrawals; paragraph=2; section_index=4; draft_version=Draft 1.5 — Typo fix (subject-verb agreement in ""The discernment""), 2026-09-02; draft_date=2026-09-01",keyword match to a draft paragraph (4 shared terms); unreviewed,,FP-CH04-C002
FP-CH04-C010,FP-CH04,research-map,Administrative burden / time-tax,fact,listed under 'Empirical Claims → Sources' in the Research Map,supporting,listed under Empirical Claims in the Research Map; importance not yet reviewed,mapped,"The Research Map links this claim to a source bucket, and that source is cited inline in the draft (see related claim).",unreviewed,FP-S0038,,FP-CH04-X07,,,,"section=The Seven Withdrawals; paragraph=3; section_index=4; draft_version=Draft 1.5 — Typo fix (subject-verb agreement in ""The discernment""), 2026-09-02; draft_date=2026-09-01",the footnoted sentence FP-CH04-C003 cites the same source; unreviewed,,FP-CH04-C003
FP-CH04-C011,FP-CH04,research-map,Attention extraction by engineered design,fact,listed under 'Empirical Claims → Sources' in the Research Map,supporting,listed under Empirical Claims in the Research Map; importance not yet reviewed,mapped,"The Research Map links this claim to a source bucket, and that source is cited inline in the draft (see related claim).",unreviewed,FP-S0039,,FP-CH04-X07,,,,"section=The Seven Withdrawals; paragraph=5; section_index=4; draft_version=Draft 1.5 — Typo fix (subject-verb agreement in ""The discernment""), 2026-09-02; draft_date=2026-09-01",the footnoted sentence FP-CH04-C004 cites the same source; unreviewed,extraction,FP-CH04-C004 | FP-CH04-C008
FP-CH04-C012,FP-CH04,research-map,Chronic activation → predictable disease,fact,listed under 'Empirical Claims → Sources' in the Research Map,supporting,listed under Empirical Claims in the Research Map; importance not yet reviewed,mapped,"The Research Map links this claim to a source bucket, and that source is cited inline in the draft (see related claim).",unreviewed,FP-S0040,,FP-CH04-X07,,,,"section=The Seven Withdrawals; paragraph=6; section_index=4; draft_version=Draft 1.5 — Typo fix (subject-verb agreement in ""The discernment""), 2026-09-02; draft_date=2026-09-01",keyword match to a draft paragraph (3 shared terms); unreviewed,,FP-CH04-C005
FP-CH04-C013,FP-CH04,research-map,Isolation as profit condition / loneliness epidemic,fact,listed under 'Empirical Claims → Sources' in the Research Map,supporting,listed under Empirical Claims in the Research Map; importance not yet reviewed,mapped,The Research Map links this claim to a source bucket; the source is not cited inline in the current draft.,unreviewed,FP-S0044,,FP-CH04-X07,,,,,,,
FP-CH04-C014,FP-CH04,research-map,"Terms-of-service unreadability, complexity-as-moat",fact,listed under 'Empirical Claims → Sources' in the Research Map,supporting,listed under Empirical Claims in the Research Map; importance not yet reviewed,mapped,"The Research Map links this claim to a source bucket, and that source is cited inline in the draft (see related claim).",unreviewed,FP-S0042,,FP-CH04-X07,,,,"section=The Seven Withdrawals; paragraph=9; section_index=4; draft_version=Draft 1.5 — Typo fix (subject-verb agreement in ""The discernment""), 2026-09-02; draft_date=2026-09-01",the footnoted sentence FP-CH04-C007 cites the same source; unreviewed,,FP-CH04-C007
FP-CH04-C015,FP-CH04,research-map,Surveillance / data brokerage / profile-driven targeting,fact,listed under 'Empirical Claims → Sources' in the Research Map,supporting,listed under Empirical Claims in the Research Map; importance not yet reviewed,mapped,"The Research Map links this claim to a source bucket, and that source is cited inline in the draft (see related claim).",unreviewed,FP-S0039,,FP-CH04-X07,,,,"section=The Seven Withdrawals; paragraph=5; section_index=4; draft_version=Draft 1.5 — Typo fix (subject-verb agreement in ""The discernment""), 2026-09-02; draft_date=2026-09-01",the footnoted sentence FP-CH04-C004 cites the same source; unreviewed,,FP-CH04-C004 | FP-CH04-C008
FP-CH05-C001,FP-CH05,overview-core-claim,Misdirected effort is the problem. Effort aimed at a problem on its own layer builds something real. Effort aimed at a structural problem from the personal layer wears the person down and often feeds the very structure it was meant to fight. What answers this is effort moved off the personal layer and onto the structural one.,synthesis,Overview › Core Claim: the chapter's own statement of its argument,load-bearing,the chapter's core claim by definition,argued,Supported by the chapter's reasoning and the sourced claims listed beneath it; not separately cited. 7 source(s) sit beneath it in this chapter.,unreviewed,FP-S0045 | FP-S0046 | FP-S0047 | FP-S0048 | FP-S0049 | FP-S0050 | FP-S0051,,FP-CH05-X01 | FP-CH05-X02 | FP-CH05-X03 | FP-CH05-X04 | FP-CH05-X05 | FP-CH05-X06 | FP-CH05-X07 | FP-CH05-X08 | FP-CH05-X09,Individual interventions sometimes DO produce structural change,,,note=Chapter-level claim from the Overview,Overview file,governance-creates-space,
FP-CH05-C002,FP-CH05,draft-sentence,It sells the belief that worth is output and that the only permitted answer is more.,fact,cites a source the Research Map lists under Empirical Claims,supporting,a sourced sentence inside the chapter's argument; importance not yet reviewed,cited,A footnote sits on this sentence in the current draft.,unreviewed,FP-S0045,,FP-CH05-X06,,"Carl Cederström and André Spicer, The Wellness Syndrome (Cambridge: Polity Press, 2015). Empirically critical examination of how the wellness, optimization, and self-improvement industries monetize self-perfection protocols whose ongoing failure drives repeat purchase. See also Byung-Chul Han, The Burnout Society (Stanford UP, 2015), for the philosophical statement of self-exploitation as the achievement society's defining pathology.",,"section=The Disciplined Get Harvested First; paragraph=4; section_index=2; draft_version=Draft 1.4 — Plain-abstraction recheck (one paragraph grounded), 2026-09-01; draft_date=2026-07-25",footnote position in the draft,,FP-CH05-C005 | FP-CH05-C007
FP-CH05-C003,FP-CH05,draft-sentence,"Those sit on the structural layer, and no amount of perfect inhaler technique reaches them.",fact,cites a source the Research Map lists under Empirical Claims,supporting,a sourced sentence inside the chapter's argument; importance not yet reviewed,cited,A footnote sits on this sentence in the current draft.,unreviewed,FP-S0046,,FP-CH05-X06,,"validates the ""inhaler and the freeway"" clinical example. The asthma patient on the freeway is the canonical illustration in social-determinants pedagogy.",,"section=The Inhaler and the Freeway; paragraph=3; section_index=4; draft_version=Draft 1.4 — Plain-abstraction recheck (one paragraph grounded), 2026-09-01; draft_date=2026-07-25",footnote position in the draft,,FP-CH05-C006
FP-CH05-C004,FP-CH05,draft-sentence,Each protocol has to keep falling short for the next one to sell.,fact,cites a source the Research Map lists under Empirical Claims,supporting,a sourced sentence inside the chapter's argument; importance not yet reviewed,cited,A footnote sits on this sentence in the current draft.,unreviewed,FP-S0047,,FP-CH05-X06,,"Anne Helen Petersen, Can't Even: How Millennials Became the Burnout Generation (New York: Houghton Mifflin Harcourt, 2020). Trade-journalistic account of how productivity advice and wellness culture have accelerated rather than relieved generational burnout. Petersen documents the structural conditions (housing precarity, gig labor, debt loads, parenting intensification) that the personal-optimization industry cannot reach and therefore cannot fix. See also Christina Maslach and Michael P. Leiter, ""Finding Solutions to the Problem of Burnout,"" Consulting Psychology Journal: Practice and Research 69, no. 2 (2017): 143-152, which makes the parallel case in clinical-psychology terms: burnout is structural and individual interventions alone cannot fix it.",,"section=The Inhaler and the Freeway; paragraph=5; section_index=4; draft_version=Draft 1.4 — Plain-abstraction recheck (one paragraph grounded), 2026-09-01; draft_date=2026-07-25",footnote position in the draft,,FP-CH05-C007
FP-CH05-C005,FP-CH05,research-map,Discipline aimed inward becomes the most efficient delivery mechanism for the harvest,fact,listed under 'Empirical Claims → Sources' in the Research Map,supporting,listed under Empirical Claims in the Research Map; importance not yet reviewed,mapped,"The Research Map links this claim to a source bucket, and that source is cited inline in the draft (see related claim). Pointer resolved to FP-S0032 in FP-CH03.",unreviewed,FP-S0048 | FP-S0045 | FP-S0032,,FP-CH05-X06 | FP-CH05-X07,,,,"section=The Disciplined Get Harvested First; paragraph=4; section_index=2; draft_version=Draft 1.4 — Plain-abstraction recheck (one paragraph grounded), 2026-09-01; draft_date=2026-07-25",the footnoted sentence FP-CH05-C002 cites the same source; unreviewed,,FP-CH05-C002
FP-CH05-C006,FP-CH05,research-map,Effort on the wrong layer fails — social determinants of health far outweigh individual choices,fact,listed under 'Empirical Claims → Sources' in the Research Map,supporting,listed under Empirical Claims in the Research Map; importance not yet reviewed,mapped,"The Research Map links this claim to a source bucket, and that source is cited inline in the draft (see related claim).",unreviewed,FP-S0046 | FP-S0049,,FP-CH05-X03 | FP-CH05-X06 | FP-CH05-X09,Social determinants research has its own scholarly debates,"validates the ""inhaler and the freeway"" clinical example. The asthma patient on the freeway is the canonical illustration in social-determinants pedagogy.",none. Chapter doesn't cite a specific ratio.,"section=Gaining Ground Requires Changing the Conditions; paragraph=1; section_index=5; draft_version=Draft 1.4 — Plain-abstraction recheck (one paragraph grounded), 2026-09-01; draft_date=2026-07-25",keyword match to a draft paragraph (3 shared terms); unreviewed,,FP-CH05-C003
FP-CH05-C007,FP-CH05,research-map,Wellness market profits from continuing failure of its protocols,fact,listed under 'Empirical Claims → Sources' in the Research Map,supporting,listed under Empirical Claims in the Research Map; importance not yet reviewed,mapped,"The Research Map links this claim to a source bucket, and that source is cited inline in the draft (see related claim).",unreviewed,FP-S0047 | FP-S0045,,FP-CH05-X06,,,,"section=The Inhaler and the Freeway; paragraph=5; section_index=4; draft_version=Draft 1.4 — Plain-abstraction recheck (one paragraph grounded), 2026-09-01; draft_date=2026-07-25",keyword match to a draft paragraph (3 shared terms); unreviewed,,FP-CH05-C002 | FP-CH05-C004
FP-CH05-C008,FP-CH05,research-map,"Burnout is structural, not individual",fact,listed under 'Empirical Claims → Sources' in the Research Map,supporting,listed under Empirical Claims in the Research Map; importance not yet reviewed,mapped,The Research Map links this claim to a source bucket; the source is not cited inline in the current draft.,unreviewed,FP-S0050,,FP-CH05-X06,,,,,,trauma-burnout,
FP-CH05-C009,FP-CH05,research-map,Ego depletion / willpower-as-fuel framing has failed replication,fact,listed under 'Empirical Claims → Sources' in the Research Map,supporting,listed under Empirical Claims in the Research Map; importance not yet reviewed,mapped,The Research Map links this claim to a source bucket; the source is not cited inline in the current draft.,unreviewed,FP-S0051,,,,,,,,,
FP-CH06-C001,FP-CH06,overview-core-claim,"Healthy systems regulate. Failing systems absolutize. Life at every scale, cellular, personal, relational, civic, runs on the continuous regulated relationship between opposing necessities, not on maximizing any single variable. Nature does not reward absolutes. Nature rejects them, and it has been demonstrating the rejection since the first cells learned to hold an ion gradient across a membrane.",synthesis,Overview › Core Claim: the chapter's own statement of its argument,load-bearing,the chapter's core claim by definition,argued,Supported by the chapter's reasoning and the sourced claims listed beneath it; not separately cited. 24 source(s) sit beneath it in this chapter.,unreviewed,FP-S0040 | FP-S0052 | FP-S0053 | FP-S0054 | FP-S0056 | FP-S0057 | FP-S0058 | FP-S0059 | FP-S0055 | FP-S0060 | FP-S0061 | FP-S0062 | FP-S0063 | FP-S0064 | FP-S0065 | FP-S0066 | FP-S0067 | FP-S0068 | FP-S0069 | FP-S0070 | FP-S0071 | FP-S0072 | FP-S0073 | FP-S0074,,FP-CH06-X01 | FP-CH06-X02 | FP-CH06-X03 | FP-CH06-X04 | FP-CH06-X05 | FP-CH06-X06 | FP-CH06-X07 | FP-CH06-X08 | FP-CH06-X09 | FP-CH06-X10 | FP-CH06-X11,Allostatic load construct validity has been challenged,,,note=Chapter-level claim from the Overview,Overview file,dynamic-balance | nervous-system | civic-agency | root-and-branch,
FP-CH06-C002,FP-CH06,draft-sentence,"Stress physiologists call that breakdown allostatic load, the wear that builds up when regulation runs past what it can sustain, year after year.",fact,cites a source the Research Map lists under Empirical Claims,supporting,a sourced sentence inside the chapter's argument; importance not yet reviewed,cited,A footnote sits on this sentence in the current draft.,unreviewed,FP-S0040,FP-S0078 | FP-S0079 | FP-S0080,FP-CH06-X02,Elite athlete periodization shows sustained maximization works WHEN paired with structured rest,"validates ""regulation cannot keep pace with demand"" and ""one variable absorbs the entire load while others go offline."" Heart rate variability decline as AL increases gives a clean measurable marker. validates the chapter's claim that ""equilibrium is a process, not a state"" and that the body anticipates rather than just reacts. Strengthens the move from static-balance metaphor to dynamic-regulation framing.","moderate. This is the steelmanned objection that needs a response. The chapter currently implies ""a person pushed to maximum hustle generates the seeds of collapse."" Elite-athlete data shows pushing to maximum performance is sustainable if regulation (recovery, periodization) is built into the system.","section=What Dynamic Equilibrium Actually Means; paragraph=3; section_index=3; draft_version=Draft 1.2 — Direct address conversion (second person), 2026-08-30; draft_date=2026-08-05",footnote position in the draft,dynamic-balance | nervous-system,FP-CH06-C013 | FP-CH06-C015 | FP-CH06-C016
FP-CH06-C003,FP-CH06,draft-sentence,"Sterling named this process allostasis, meaning stability through change, achieved by predictive regulation rather than reactive correction.",fact,cites a source the Research Map lists under Empirical Claims,supporting,a sourced sentence inside the chapter's argument; importance not yet reviewed,cited,A footnote sits on this sentence in the current draft.,unreviewed,FP-S0052,FP-S0081,FP-CH06-X04 | FP-CH06-X11,"Allostasis says the body REGULATES TOWARD CHANGE, not toward constancy","validates ""regulation cannot keep pace with demand"" and ""one variable absorbs the entire load while others go offline."" Heart rate variability decline as AL increases gives a clean measurable marker. validates the chapter's claim that ""equilibrium is a process, not a state"" and that the body anticipates rather than just reacts. Strengthens the move from static-balance metaphor to dynamic-regulation framing.","the chapter's terminology should be tightened. The current draft uses ""homeostasis"" and ""dynamic equilibrium"" partially interchangeably. Sterling's distinction matters: homeostasis = constancy + reactive correction; allostasis = stability via predictive change. The chapter's deeper claim (that life runs on regulated relationships between opposing necessities, not absolutes) is consistent with BOTH frameworks, but using ""allostasis"" in some places would strengthen the predictive-regulation argument and align the chapter with the most current physiology.","section=What Dynamic Equilibrium Actually Means; paragraph=4; section_index=3; draft_version=Draft 1.2 — Direct address conversion (second person), 2026-08-30; draft_date=2026-08-05",footnote position in the draft,reactive-choosing | dynamic-balance | innovation-stability | nervous-system,FP-CH06-C013 | FP-CH06-C014 | FP-CH06-C016
FP-CH06-C004,FP-CH06,draft-sentence,"The diagnostic framework known as the Eight Principles, or Ba Gang, organizes every clinical presentation across four opposing pairs: yin and yang, interior and exterior, cold and heat, deficiency and excess.",fact,cites a source the Research Map lists under Empirical Claims,supporting,a sourced sentence inside the chapter's argument; importance not yet reviewed,cited,A footnote sits on this sentence in the current draft.,unreviewed,FP-S0053,,,,validates the chapter's reliance on Stephen's DACM training as authoritative source for the yin/yang clinical framing. The Ba Gang framework is exactly the diagnostic taxonomy the chapter references.,,"section=The Older Name for This; paragraph=3; section_index=4; draft_version=Draft 1.2 — Direct address conversion (second person), 2026-08-30; draft_date=2026-08-05",footnote position in the draft,,FP-CH06-C016
FP-CH06-C005,FP-CH06,draft-sentence,"Lao Tzu names this directly in the Tao Te Ching: ""Turning back is how the way moves.""",fact,cites a source the Research Map lists under Empirical Claims,supporting,a sourced sentence inside the chapter's argument; importance not yet reviewed,cited,A footnote sits on this sentence in the current draft.,unreviewed,FP-S0054,,,,"validates ""each extreme contains the seed of its opposite"" as not Stephen's invention but a 2,500-year-old observation from the source tradition. Adds gravity to the section's central teaching.",,"section=The Older Name for This; paragraph=4; section_index=4; draft_version=Draft 1.2 — Direct address conversion (second person), 2026-08-30; draft_date=2026-08-05",footnote position in the draft,,FP-CH06-C017
FP-CH06-C006,FP-CH06,draft-sentence,"Investors who go long enough without a downturn learn that borrowing is safe, and the debt they pile up during the calm is what makes the eventual crash severe.",fact,cites a source the Research Map lists under Empirical Claims,supporting,a sourced sentence inside the chapter's argument; importance not yet reviewed,cited,A footnote sits on this sentence in the current draft.,unreviewed,FP-S0056,,,,"validates the chapter's claim that ""a market pushed to maximum growth generates the seeds of contraction inside the growth."" Minsky names the mechanism: stability → complacency → leverage → fragility → collapse. Exact match for the seeds-of-opposite framing in financial systems.",,"section=The Older Name for This; paragraph=5; section_index=4; draft_version=Draft 1.2 — Direct address conversion (second person), 2026-08-30; draft_date=2026-08-05",footnote position in the draft,,FP-CH06-C018
FP-CH06-C007,FP-CH06,draft-sentence,"One of them withdraws to get it back, and the other reads that withdrawal as abandonment.",fact,cites a source the Research Map lists under Empirical Claims,supporting,a sourced sentence inside the chapter's argument; importance not yet reviewed,cited,A footnote sits on this sentence in the current draft.,unreviewed,FP-S0057,,,,"validates ""a relationship pushed to maximum closeness generates the seeds of distance inside the closeness."" Bowen names the precise mechanism: fusion generates the reactive pursuit-and-distance pattern that, in time, produces the very distance the closeness was meant to prevent.",,"section=The Older Name for This; paragraph=5; section_index=4; draft_version=Draft 1.2 — Direct address conversion (second person), 2026-08-30; draft_date=2026-08-05",footnote position in the draft,personal-capital,FP-CH06-C020
FP-CH06-C008,FP-CH06,draft-sentence,"Push a person to maximum output and the emotional reserve goes first, the sense that the work means anything second, which is why the collapse arrives dressed as cynicism rather than fatigue.",fact,cites a source the Research Map lists under Empirical Claims,supporting,a sourced sentence inside the chapter's argument; importance not yet reviewed,cited,A footnote sits on this sentence in the current draft.,unreviewed,FP-S0058,FP-S0078 | FP-S0079 | FP-S0080,FP-CH06-X02 | FP-CH06-X08 | FP-CH06-X11,Elite athlete periodization shows sustained maximization works WHEN paired with structured rest,"validates ""person pushed to maximum hustle generates the seeds of collapse."" Maslach's three-stage progression is itself a seeds-of-opposite sequence: maximum effort → exhaustion → cynicism → loss of accomplishment.","moderate. This is the steelmanned objection that needs a response. The chapter currently implies ""a person pushed to maximum hustle generates the seeds of collapse."" Elite-athlete data shows pushing to maximum performance is sustainable if regulation (recovery, periodization) is built into the system.","section=The Older Name for This; paragraph=5; section_index=4; draft_version=Draft 1.2 — Direct address conversion (second person), 2026-08-30; draft_date=2026-08-05",footnote position in the draft,collapse-reorganization,FP-CH06-C019
FP-CH06-C009,FP-CH06,draft-sentence,"Sleep architecture degrades, inflammatory markers rise, immune function drops, and across years the accumulated load presents as cardiovascular and metabolic disease.",fact,cites a source the Research Map lists under Empirical Claims,supporting,a sourced sentence inside the chapter's argument; importance not yet reviewed,cited,A footnote sits on this sentence in the current draft.,unreviewed,FP-S0040,,,,"validates ""regulation cannot keep pace with demand"" and ""one variable absorbs the entire load while others go offline."" Heart rate variability decline as AL increases gives a clean measurable marker. validates the chapter's claim that ""equilibrium is a process, not a state"" and that the body anticipates rather than just reacts. Strengthens the move from static-balance metaphor to dynamic-regulation framing.",,"section=The Cost of Absolutism; paragraph=2; section_index=5; draft_version=Draft 1.2 — Direct address conversion (second person), 2026-08-30; draft_date=2026-08-05",footnote position in the draft,,FP-CH06-C013 | FP-CH06-C015 | FP-CH06-C016
FP-CH06-C010,FP-CH06,draft-sentence,The athlete oscillates between peak load and structured recovery in cycles the sport scientists call periodization.,unverified,footnoted sentence; type not yet assigned (the Research Map does not list it as an empirical claim),supporting,a sourced sentence inside the chapter's argument; importance not yet reviewed,cited,A footnote sits on this sentence in the current draft.,unreviewed,FP-S0059,FP-S0078 | FP-S0079 | FP-S0080,FP-CH06-X02,Elite athlete periodization shows sustained maximization works WHEN paired with structured rest,"Tudor O. Bompa and Carlo A. Buzzichelli, Periodization: Theory and Methodology of Training, 6th ed. (Champaign, IL: Human Kinetics, 2018). The standard text on periodization in elite sport training. For peer-reviewed work on stress, recovery, and burnout in elite young athletes, see Insa Nixdorf et al., ""The Impact of Stress, Recovery, and Coping on Burnout Symptoms of Young Elite Table-Tennis Players: A Prospective Multilevel Study,"" Frontiers in Psychology 13 (2022).","moderate. This is the steelmanned objection that needs a response. The chapter currently implies ""a person pushed to maximum hustle generates the seeds of collapse."" Elite-athlete data shows pushing to maximum performance is sustainable if regulation (recovery, periodization) is built into the system.","section=The Cost of Absolutism; paragraph=3; section_index=5; draft_version=Draft 1.2 — Direct address conversion (second person), 2026-08-30; draft_date=2026-08-05",footnote position in the draft,,
FP-CH06-C011,FP-CH06,draft-sentence,A political system that gives one party power without check produces the opposition it was built to prevent.,fact,cites a source the Research Map lists under Empirical Claims,supporting,a sourced sentence inside the chapter's argument; importance not yet reviewed,cited,A footnote sits on this sentence in the current draft.,unreviewed,FP-S0055,,,,"validates ""a culture pushed to maximum order generates the seeds of disorder"" and ""a political system that maximizes one party's power without check produces the conditions for the opposing reaction."" Caveat: the inverted-U finding (see Counterpoints) means very-low and very-high repression both produce LOW mobilization; the seeds-of-opposite pattern is strongest in the middle range, not at the absolute extreme.",,"section=The Cost of Absolutism; paragraph=5; section_index=5; draft_version=Draft 1.2 — Direct address conversion (second person), 2026-08-30; draft_date=2026-08-05",footnote position in the draft,institutions-power-repair,FP-CH06-C021
FP-CH06-C012,FP-CH06,research-map,Electrolyte and macronutrient absolutism kills,fact,listed under 'Empirical Claims → Sources' in the Research Map,supporting,listed under Empirical Claims in the Research Map; importance not yet reviewed,mapped,The Research Map links this claim to a source bucket; the source is not cited inline in the current draft.,unreviewed,FP-S0060,,,,validates the opening salt/water example as not metaphor but clinical reality.,,,,,
FP-CH06-C013,FP-CH06,research-map,Sympathetic/parasympathetic systems run in continuous regulated tension,fact,listed under 'Empirical Claims → Sources' in the Research Map,supporting,listed under Empirical Claims in the Research Map; importance not yet reviewed,mapped,"The Research Map links this claim to a source bucket, and that source is cited inline in the draft (see related claim).",unreviewed,FP-S0040 | FP-S0061 | FP-S0062 | FP-S0063 | FP-S0064 | FP-S0052,FP-S0075 | FP-S0076 | FP-S0077,FP-CH06-X01,Allostatic load construct validity has been challenged,"validates ""regulation cannot keep pace with demand"" and ""one variable absorbs the entire load while others go offline."" Heart rate variability decline as AL increases gives a clean measurable marker. validates the chapter's claim that ""equilibrium is a process, not a state"" and that the body anticipates rather than just reacts. Strengthens the move from static-balance metaphor to dynamic-regulation framing.",mild. The chapter does NOT cite AL by name; it uses the broader concept of cumulative regulation failure. The CONSTRUCT-validity critique doesn't undermine the PHENOMENON (cumulative stress damage is well established); it undermines a specific measurement scheme.,"section=What Dynamic Equilibrium Actually Means; paragraph=2; section_index=3; draft_version=Draft 1.2 — Direct address conversion (second person), 2026-08-30; draft_date=2026-08-05",keyword match to a draft paragraph (3 shared terms); unreviewed,nervous-system,FP-CH06-C002 | FP-CH06-C003 | FP-CH06-C009
FP-CH06-C014,FP-CH06,research-map,"Homeostasis is dynamic process, not static; allostasis predicts and adjusts",fact,listed under 'Empirical Claims → Sources' in the Research Map,supporting,listed under Empirical Claims in the Research Map; importance not yet reviewed,mapped,"The Research Map links this claim to a source bucket, and that source is cited inline in the draft (see related claim).",unreviewed,FP-S0052,,,,"validates the chapter's claim that ""equilibrium is a process, not a state"" and that the body anticipates rather than just reacts. Strengthens the move from static-balance metaphor to dynamic-regulation framing.",,"section=What Dynamic Equilibrium Actually Means; paragraph=4; section_index=3; draft_version=Draft 1.2 — Direct address conversion (second person), 2026-08-30; draft_date=2026-08-05",keyword match to a draft paragraph (5 shared terms); unreviewed,dynamic-balance,FP-CH06-C003
FP-CH06-C015,FP-CH06,research-map,Chronic load → breakdown when regulation can't keep pace,fact,listed under 'Empirical Claims → Sources' in the Research Map,supporting,listed under Empirical Claims in the Research Map; importance not yet reviewed,mapped,"The Research Map links this claim to a source bucket, and that source is cited inline in the draft (see related claim).",unreviewed,FP-S0040 | FP-S0061 | FP-S0062 | FP-S0063 | FP-S0064,FP-S0075 | FP-S0076 | FP-S0077,FP-CH06-X01 | FP-CH06-X11,Allostatic load construct validity has been challenged,"validates ""regulation cannot keep pace with demand"" and ""one variable absorbs the entire load while others go offline."" Heart rate variability decline as AL increases gives a clean measurable marker.",mild. The chapter does NOT cite AL by name; it uses the broader concept of cumulative regulation failure. The CONSTRUCT-validity critique doesn't undermine the PHENOMENON (cumulative stress damage is well established); it undermines a specific measurement scheme.,"section=What Dynamic Equilibrium Actually Means; paragraph=3; section_index=3; draft_version=Draft 1.2 — Direct address conversion (second person), 2026-08-30; draft_date=2026-08-05",keyword match to a draft paragraph (5 shared terms); unreviewed,nervous-system,FP-CH06-C002 | FP-CH06-C009
FP-CH06-C016,FP-CH06,research-map,Yin/yang ~3000-year tradition; clinical heat-excess and cold-excess patterns,fact,listed under 'Empirical Claims → Sources' in the Research Map,supporting,listed under Empirical Claims in the Research Map; importance not yet reviewed,mapped,"The Research Map links this claim to a source bucket, and that source is cited inline in the draft (see related claim).",unreviewed,FP-S0052 | FP-S0053 | FP-S0040,,,,validates the chapter's reliance on Stephen's DACM training as authoritative source for the yin/yang clinical framing. The Ba Gang framework is exactly the diagnostic taxonomy the chapter references.,,"section=The Older Name for This; paragraph=3; section_index=4; draft_version=Draft 1.2 — Direct address conversion (second person), 2026-08-30; draft_date=2026-08-05",keyword match to a draft paragraph (5 shared terms); unreviewed,,FP-CH06-C002 | FP-CH06-C003 | FP-CH06-C004 | FP-CH06-C009
FP-CH06-C017,FP-CH06,research-map,Seeds-of-the-opposite teaching,fact,listed under 'Empirical Claims → Sources' in the Research Map,supporting,listed under Empirical Claims in the Research Map; importance not yet reviewed,mapped,"The Research Map links this claim to a source bucket, and that source is cited inline in the draft (see related claim).",unreviewed,FP-S0054 | FP-S0065,,,,"validates ""each extreme contains the seed of its opposite"" as not Stephen's invention but a 2,500-year-old observation from the source tradition. Adds gravity to the section's central teaching.",,"section=The Older Name for This; paragraph=4; section_index=4; draft_version=Draft 1.2 — Direct address conversion (second person), 2026-08-30; draft_date=2026-08-05",the footnoted sentence FP-CH06-C005 cites the same source; unreviewed,,FP-CH06-C005
FP-CH06-C018,FP-CH06,research-map,Market pushed to max growth → seeds of contraction,fact,listed under 'Empirical Claims → Sources' in the Research Map,supporting,listed under Empirical Claims in the Research Map; importance not yet reviewed,mapped,"The Research Map links this claim to a source bucket, and that source is cited inline in the draft (see related claim).",unreviewed,FP-S0056 | FP-S0066,FP-S0083,FP-CH06-X06,Stability is sometimes achieved by extreme specialization (counter to monoculture-collapse claim),"validates the chapter's claim that ""a market pushed to maximum growth generates the seeds of contraction inside the growth."" Minsky names the mechanism: stability → complacency → leverage → fragility → collapse. Exact match for the seeds-of-opposite framing in financial systems.","minor. The chapter doesn't currently make a sweeping biology-of-monoculture claim. The Irish famine reference (if used in revision) should be presented as agricultural-systems-specific, not as a universal biological law.","section=The Older Name for This; paragraph=4; section_index=4; draft_version=Draft 1.2 — Direct address conversion (second person), 2026-08-30; draft_date=2026-08-05",keyword match to a draft paragraph (5 shared terms); unreviewed,,FP-CH06-C006
FP-CH06-C019,FP-CH06,research-map,Person pushed to max hustle → seeds of collapse,fact,listed under 'Empirical Claims → Sources' in the Research Map,supporting,listed under Empirical Claims in the Research Map; importance not yet reviewed,mapped,"The Research Map links this claim to a source bucket, and that source is cited inline in the draft (see related claim).",unreviewed,FP-S0058 | FP-S0067,,,,"validates ""person pushed to maximum hustle generates the seeds of collapse."" Maslach's three-stage progression is itself a seeds-of-opposite sequence: maximum effort → exhaustion → cynicism → loss of accomplishment.",,"section=The Older Name for This; paragraph=4; section_index=4; draft_version=Draft 1.2 — Direct address conversion (second person), 2026-08-30; draft_date=2026-08-05",keyword match to a draft paragraph (4 shared terms); unreviewed,collapse-reorganization | optimization,FP-CH06-C008
FP-CH06-C020,FP-CH06,research-map,Relationship pushed to max closeness → seeds of distance,fact,listed under 'Empirical Claims → Sources' in the Research Map,supporting,listed under Empirical Claims in the Research Map; importance not yet reviewed,mapped,"The Research Map links this claim to a source bucket, and that source is cited inline in the draft (see related claim).",unreviewed,FP-S0057 | FP-S0068 | FP-S0069,,FP-CH06-X07,,"validates ""a relationship pushed to maximum closeness generates the seeds of distance inside the closeness."" Bowen names the precise mechanism: fusion generates the reactive pursuit-and-distance pattern that, in time, produces the very distance the closeness was meant to prevent.",,"section=The Older Name for This; paragraph=4; section_index=4; draft_version=Draft 1.2 — Direct address conversion (second person), 2026-08-30; draft_date=2026-08-05",keyword match to a draft paragraph (4 shared terms); unreviewed,,FP-CH06-C007
FP-CH06-C021,FP-CH06,research-map,Culture pushed to max order/repression → seeds of mobilization,fact,listed under 'Empirical Claims → Sources' in the Research Map,supporting,listed under Empirical Claims in the Research Map; importance not yet reviewed,mapped,"The Research Map links this claim to a source bucket, and that source is cited inline in the draft (see related claim).",unreviewed,FP-S0055 | FP-S0070 | FP-S0071 | FP-S0072,FP-S0070,FP-CH06-X03,Inverted-U repression-protest relationship (not linear seeds-of-opposite),"validates ""a culture pushed to maximum order generates the seeds of disorder"" and ""a political system that maximizes one party's power without check produces the conditions for the opposing reaction."" Caveat: the inverted-U finding (see Counterpoints) means very-low and very-high repression both produce LOW mobilization; the seeds-of-opposite pattern is strongest in the middle range, not at the absolute extreme.","moderate. Needs a careful adjustment. The chapter's claim that ""a political system that maximizes one party's power without check produces the conditions for the opposing reaction"" is correct in the MEDIUM-repression range, but in EXTREME-repression environments (North Korea, mid-Soviet purges) the system can suppress visible mobilization for decades. The seeds-of-opposite are still planted but may take generations to germinate.","section=The Older Name for This; paragraph=4; section_index=4; draft_version=Draft 1.2 — Direct address conversion (second person), 2026-08-30; draft_date=2026-08-05",keyword match to a draft paragraph (4 shared terms); unreviewed,,FP-CH06-C011
FP-CH06-C022,FP-CH06,research-map,Monoculture systems collapse when one variable fails,fact,listed under 'Empirical Claims → Sources' in the Research Map,supporting,listed under Empirical Claims in the Research Map; importance not yet reviewed,mapped,The Research Map links this claim to a source bucket; the source is not cited inline in the current draft.,unreviewed,FP-S0073 | FP-S0074,,,,"powerful illustrative example for ""monoculture vs polyculture agricultural data"" claim in the original Research Map. Demonstrates seeds-of-opposite at the species/agricultural level: maximum efficiency in seed selection produced maximum vulnerability to one pathogen. ---",,,,collapse-reorganization,
FP-CH07-C001,FP-CH07,overview-core-claim,"Balance is the active regulation of necessary opposing forces in service of human flourishing inside moral boundaries. Moderation reduces both poles to weak versions of themselves and offers the average as wisdom. The two are not points on the same spectrum. Moderation produces a life, a family, a civic culture, or a clinical practice that is technically running and never fully alive. Balance asks for more commitment, not less.",synthesis,Overview › Core Claim: the chapter's own statement of its argument,load-bearing,the chapter's core claim by definition,argued,Supported by the chapter's reasoning and the sourced claims listed beneath it; not separately cited. 3 source(s) sit beneath it in this chapter.,unreviewed,FP-S0085 | FP-S0084 | FP-S0086,,FP-CH07-X01 | FP-CH07-X02 | FP-CH07-X03 | FP-CH07-X04 | FP-CH07-X05,Not every apparent middle position is moderation-as-avoidance,,,note=Chapter-level claim from the Overview,Overview file,balance-not-moderation | moral-boundary | nervous-system | access | civic-agency | family-stewardship | flourishing,
FP-CH07-C002,FP-CH07,draft-sentence,"A regulated nervous system runs the full sympathetic response when the situation calls for fight or flight, and the full parasympathetic response when the situation calls for rest and digestion.",fact,cites a source the Research Map lists under Empirical Claims,supporting,a sourced sentence inside the chapter's argument; importance not yet reviewed,cited,A footnote sits on this sentence in the current draft.,unreviewed,FP-S0085,,,,"The full-activation-then-full-recovery pattern described here rests on the same autonomic hierarchy cited in Chapter 2. See Stephen W. Porges, The Polyvagal Theory: Neurophysiological Foundations of Emotions, Attachment, Communication, and Self-Regulation (New York: W. W. Norton, 2011). A regulated nervous system is defined by the completeness and the timing of its shifts between sympathetic mobilization and ventral-vagal recovery, not by a muted middle setting.",,"section=Full Activation, Full Recovery; paragraph=2; section_index=3; draft_version=Draft 1.2 — Direct address conversion (second person) 2026-08-30; draft_date=2026-08-30",footnote position in the draft,nervous-system,FP-CH07-C006
FP-CH07-C003,FP-CH07,draft-sentence,"The centrist is also the person who, asked in 1857 whether slavery was wrong, would have answered that there is good faith on both sides and the question deserves more conversation.",fact,cites a source the Research Map lists under Empirical Claims,supporting,a sourced sentence inside the chapter's argument; importance not yet reviewed,cited,A footnote sits on this sentence in the current draft.,unreviewed,FP-S0084,,FP-CH07-X01,Not every apparent middle position is moderation-as-avoidance,"Maxwell T. Boykoff and Jules M. Boykoff, ""Balance as Bias: Global Warming and the US Prestige Press,"" Global Environmental Change 14, no. 2 (2004): 125–136. Documents how the journalistic norm of ""balanced"" coverage, which gives roughly equal weight to both sides of a question, systematically distorts public understanding when the two sides are not evidentially equal. The mechanism generalizes beyond climate coverage: treating unequal poles as equal is not neutrality, it is a distortion that favors the weaker-supported pole.",none required. Existing framework covers it.,section=When the Poles Are Not Equal; paragraph=1; section_index=5; draft_version=Draft 1.2 — Direct address conversion (second person) 2026-08-30; draft_date=2026-08-30,footnote position in the draft,,FP-CH07-C005
FP-CH07-C004,FP-CH07,draft-sentence,"Extraction, manipulation, and authoritarian capture advance against uncommitted moderation, because stopping them takes the commitment the moderate has declined to make.",fact,cites a source the Research Map lists under Empirical Claims,supporting,a sourced sentence inside the chapter's argument; importance not yet reviewed,cited,A footnote sits on this sentence in the current draft.,unreviewed,FP-S0086,,FP-CH07-X03 | FP-CH07-X05,,"Karl R. Popper, The Open Society and Its Enemies, vol. 1, The Spell of Plato (London: Routledge, 1945), the note on the paradox of tolerance: unlimited tolerance extended to the intolerant ends in the destruction of the tolerant and of tolerance itself. The civic cost named here is the structural version of that paradox, in which uncommitted moderation cedes ground to committed extraction.",,section=When the Poles Are Not Equal; paragraph=5; section_index=5; draft_version=Draft 1.2 — Direct address conversion (second person) 2026-08-30; draft_date=2026-08-30,footnote position in the draft,balance-not-moderation | rhetoric-manipulation | extraction,FP-CH07-C007
FP-CH07-C005,FP-CH07,research-map,False balance in journalism/civic discourse distorts public understanding,fact,listed under 'Empirical Claims → Sources' in the Research Map,supporting,listed under Empirical Claims in the Research Map; importance not yet reviewed,mapped,"The Research Map links this claim to a source bucket, and that source is cited inline in the draft (see related claim).",unreviewed,FP-S0084,,,,,,section=When the Poles Are Not Equal; paragraph=1; section_index=5; draft_version=Draft 1.2 — Direct address conversion (second person) 2026-08-30; draft_date=2026-08-30,the footnoted sentence FP-CH07-C003 cites the same source; unreviewed,civic-agency,FP-CH07-C003
FP-CH07-C006,FP-CH07,research-map,"Full autonomic activation-then-recovery, not a muted middle",fact,listed under 'Empirical Claims → Sources' in the Research Map,supporting,listed under Empirical Claims in the Research Map; importance not yet reviewed,mapped,"The Research Map links this claim to a source bucket, and that source is cited inline in the draft (see related claim).",unreviewed,FP-S0085,,,,,,"section=Full Activation, Full Recovery; paragraph=2; section_index=3; draft_version=Draft 1.2 — Direct address conversion (second person) 2026-08-30; draft_date=2026-08-30",the footnoted sentence FP-CH07-C002 cites the same source; unreviewed,,FP-CH07-C002
FP-CH07-C007,FP-CH07,research-map,Uncommitted moderation cedes ground to committed extraction,fact,listed under 'Empirical Claims → Sources' in the Research Map,supporting,listed under Empirical Claims in the Research Map; importance not yet reviewed,mapped,"The Research Map links this claim to a source bucket, and that source is cited inline in the draft (see related claim).",unreviewed,FP-S0086,,,,,,section=When the Poles Are Not Equal; paragraph=5; section_index=5; draft_version=Draft 1.2 — Direct address conversion (second person) 2026-08-30; draft_date=2026-08-30,keyword match to a draft paragraph (3 shared terms); unreviewed,balance-not-moderation | extraction,FP-CH07-C004
FP-CH08-C001,FP-CH08,overview-core-claim,"Freedom and responsibility require each other. Freedom is the practiced capacity to live with agency, responsibility, discernment, and dignity inside reality, not a state a government confers or an authority imposes. Responsibility is the right-sized ownership of what a person actually controls. Neither pole functions without the other, and a culture or a life that maximizes one while eliminating the other produces predictable, specific failure.",synthesis,Overview › Core Claim: the chapter's own statement of its argument,load-bearing,the chapter's core claim by definition,argued,Supported by the chapter's reasoning and the sourced claims listed beneath it; not separately cited. 2 source(s) sit beneath it in this chapter.,unreviewed,FP-S0087 | FP-S0088,,FP-CH08-X01 | FP-CH08-X02 | FP-CH08-X03 | FP-CH08-X04 | FP-CH08-X05 | FP-CH08-X06 | FP-CH08-X07,Positive liberty has a troubled political history,,,note=Chapter-level claim from the Overview,Overview file,capacity | responsibility | freedom-responsibility | practice-of-discernment,
FP-CH08-C002,FP-CH08,draft-sentence,"Philosophers call this negative liberty, and Isaiah Berlin's account of it remains the clearest.",unverified,footnoted sentence; type not yet assigned (the Research Map does not list it as an empirical claim),supporting,a sourced sentence inside the chapter's argument; importance not yet reviewed,cited,A footnote sits on this sentence in the current draft.,unreviewed,FP-S0087,,FP-CH08-X01,Positive liberty has a troubled political history,"Isaiah Berlin, ""Two Concepts of Liberty,"" in Four Essays on Liberty (Oxford: Oxford University Press, 1969; lecture delivered 1958). Berlin distinguishes negative liberty (freedom FROM external interference) from positive liberty (freedom TO achieve self-mastery and act on one's own will), and warns that positive liberty, historically, has been invoked to justify authoritarian intervention under the banner of ""forcing someone to be free."" The freedom this chapter describes, practiced by a person for their own life, stays clear of that danger precisely because no external authority is doing the forcing.","worth a light touch. The chapter's framing of freedom (agency, responsibility, discernment, dignity, reality) is individual-practiced, not state-imposed, which is exactly the distinction that keeps it clear of Berlin's totalitarian-positive-liberty warning.",section=The Story Americans Inherited; paragraph=2; section_index=2; draft_version=Draft 1.3 — Plain-language recheck (CH01 reader test) 2026-09-01; draft_date=2026-08-05,footnote position in the draft,freedom-responsibility,
FP-CH08-C003,FP-CH08,research-map,Freedom requires more than absence of constraint (positive vs negative liberty),fact,listed under 'Empirical Claims → Sources' in the Research Map,supporting,listed under Empirical Claims in the Research Map; importance not yet reviewed,mapped,The Research Map links this claim to a source bucket; the source is not cited inline in the current draft.,unreviewed,FP-S0088,,FP-CH08-X01,Positive liberty has a troubled political history,"validates the chapter's central move — that the inherited American story of freedom (absence of constraint) captures only negative liberty, and the chapter's fuller definition (agency + responsibility + discernment + dignity + reality) is closer to Berlin's positive liberty, integrated with responsibility as the regulating pair.","worth a light touch. The chapter's framing of freedom (agency, responsibility, discernment, dignity, reality) is individual-practiced, not state-imposed, which is exactly the distinction that keeps it clear of Berlin's totalitarian-positive-liberty warning.",section=The Story Americans Inherited; paragraph=1; section_index=2; draft_version=Draft 1.3 — Plain-language recheck (CH01 reader test) 2026-09-01; draft_date=2026-08-05,keyword match to a draft paragraph (3 shared terms); unreviewed,freedom-responsibility,
FP-CH08-C004,FP-CH08,research-map,Libertarian-extreme maximization produces predictable social costs,fact,listed under 'Empirical Claims → Sources' in the Research Map,supporting,listed under Empirical Claims in the Research Map; importance not yet reviewed,unsupported,"No source bucket could be resolved from: '(2) — argument-driven, light citation need'",unreviewed,,,,,,,,,dynamic-balance,
FP-CH08-C005,FP-CH08,research-map,Authoritarian-extreme maximization produces predictable social costs,fact,listed under 'Empirical Claims → Sources' in the Research Map,supporting,listed under Empirical Claims in the Research Map; importance not yet reviewed,unsupported,"No source bucket could be resolved from: '(2) — argument-driven, light citation need'",unreviewed,,,,,,,,,dynamic-balance,
FP-CH09-C001,FP-CH09,overview-core-claim,"Identity gives the person somewhere to stand. Openness allows the person to receive what arrives without dissolving into it. A person needs both at full strength, not a compromise between them.",synthesis,Overview › Core Claim: the chapter's own statement of its argument,load-bearing,the chapter's core claim by definition,argued,Supported by the chapter's reasoning and the sourced claims listed beneath it; not separately cited. 3 source(s) sit beneath it in this chapter.,unreviewed,FP-S0089 | FP-S0090 | FP-S0091,,FP-CH09-X01 | FP-CH09-X02 | FP-CH09-X03 | FP-CH09-X04 | FP-CH09-X05 | FP-CH09-X06 | FP-CH09-X07 | FP-CH09-X08,"Some group fusion produces prosocial outcomes, not just extremism",,,note=Chapter-level claim from the Overview,Overview file,balance-not-moderation | identity-openness,
FP-CH09-C002,FP-CH09,draft-sentence,"Identity, in this book, is the patterned assembly of inherited and chosen elements that make a person legibly themselves.",fact,cites a source the Research Map lists under Empirical Claims,supporting,a sourced sentence inside the chapter's argument; importance not yet reviewed,cited,A footnote sits on this sentence in the current draft.,unreviewed,FP-S0089,,FP-CH09-X03 | FP-CH09-X04 | FP-CH09-X07,,"validates the chapter's claim that identity is patterned through inherited group memberships (ancestry, race, religion, etc.) and that identity operates through comparison and categorization dynamics, whether or not the person consciously participates in them.",,section=Identity Arrives in Two Ways; paragraph=2; section_index=2; draft_version=Draft 1.3 — 'Durable' misuse fix 2026-09-01; draft_date=2026-08-05,footnote position in the draft,identity-openness,FP-CH09-C004
FP-CH09-C003,FP-CH09,draft-sentence,"The capture happens when that identity stops being one of several frames the person uses side by side and becomes the only frame, then the only frame allowed to other people.",fact,cites a source the Research Map lists under Empirical Claims,supporting,a sourced sentence inside the chapter's argument; importance not yet reviewed,cited,A footnote sits on this sentence in the current draft.,unreviewed,FP-S0090,,FP-CH09-X03 | FP-CH09-X04 | FP-CH09-X07 | FP-CH09-X08,,"validates the chapter's claim about ""identity capture"" — the extreme end of maximized identity without openness, where ""disagreement becomes betrayal"" and the identity becomes ""the only frame allowed to other people."" Identity fusion is the precise psychological mechanism underneath that capture.",,section=Dissolution Comes Early and Capture Comes Later; paragraph=4; section_index=4; draft_version=Draft 1.3 — 'Durable' misuse fix 2026-09-01; draft_date=2026-08-05,footnote position in the draft,identity-openness,FP-CH09-C005
FP-CH09-C004,FP-CH09,research-map,Identity is patterned assembly of inherited + chosen elements; group identity drives ingroup/outgroup dynamics,fact,listed under 'Empirical Claims → Sources' in the Research Map,supporting,listed under Empirical Claims in the Research Map; importance not yet reviewed,mapped,"The Research Map links this claim to a source bucket, and that source is cited inline in the draft (see related claim).",unreviewed,FP-S0089,,FP-CH09-X03 | FP-CH09-X04 | FP-CH09-X07,,"validates the chapter's claim that identity is patterned through inherited group memberships (ancestry, race, religion, etc.) and that identity operates through comparison and categorization dynamics, whether or not the person consciously participates in them.",,section=Identity Arrives in Two Ways; paragraph=2; section_index=2; draft_version=Draft 1.3 — 'Durable' misuse fix 2026-09-01; draft_date=2026-08-05,keyword match to a draft paragraph (6 shared terms); unreviewed,identity-openness,FP-CH09-C002
FP-CH09-C005,FP-CH09,research-map,Identity capture into a closed loop — the extreme form of maximized identity without openness,fact,listed under 'Empirical Claims → Sources' in the Research Map,supporting,listed under Empirical Claims in the Research Map; importance not yet reviewed,mapped,"The Research Map links this claim to a source bucket, and that source is cited inline in the draft (see related claim).",unreviewed,FP-S0090 | FP-S0091,,FP-CH09-X03 | FP-CH09-X05 | FP-CH09-X06 | FP-CH09-X07,,"validates the chapter's claim about ""identity capture"" — the extreme end of maximized identity without openness, where ""disagreement becomes betrayal"" and the identity becomes ""the only frame allowed to other people."" Identity fusion is the precise psychological mechanism underneath that capture.",,section=Dissolution Comes Early and Capture Comes Later; paragraph=4; section_index=4; draft_version=Draft 1.3 — 'Durable' misuse fix 2026-09-01; draft_date=2026-08-05,keyword match to a draft paragraph (4 shared terms); unreviewed,dynamic-balance | identity-openness,FP-CH09-C003
FP-CH10-C001,FP-CH10,overview-core-claim,"Competition and cooperation are both real and both necessary. Each produces specific, distinct goods when it works and specific, distinct harms when either is maximized at the expense of the other. The skill Dynamic Balance asks for is not picking a side but reading which response a given situation actually requires.",synthesis,Overview › Core Claim: the chapter's own statement of its argument,load-bearing,the chapter's core claim by definition,argued,Supported by the chapter's reasoning and the sourced claims listed beneath it; not separately cited. 1 source(s) sit beneath it in this chapter.,unreviewed,FP-S0092,,FP-CH10-X01 | FP-CH10-X02 | FP-CH10-X03 | FP-CH10-X04 | FP-CH10-X05 | FP-CH10-X06,Tit-for-tat's dominance depends on repeated interaction; one-shot games favor defection,,,note=Chapter-level claim from the Overview,Overview file,dynamic-balance | competition-cooperation,
FP-CH10-C002,FP-CH10,draft-sentence,"A single round with no rematch rewards the fullest competitive effort a person can bring, because the other party gets no later round in which to answer it.",fact,cites a source the Research Map lists under Empirical Claims,supporting,a sourced sentence inside the chapter's argument; importance not yet reviewed,cited,A footnote sits on this sentence in the current draft.,unreviewed,FP-S0092,,,,"validates the chapter's core claim that competition and cooperation are not opposites in conflict but complementary mechanisms. Axelrod's research is the formal game-theoretic demonstration that reciprocal cooperation is evolutionarily stable even in a competitive system, and that pure defection (maximizing competition) loses to strategies that balance firmness with cooperation.",,"section=The Question Underneath the Argument; paragraph=2; section_index=2; draft_version=Draft 1.3, plain-language recheck (CH01 reader test) 2026-09-01. Draft 1.2 direct address conversion (second person) 2026-08-30. Draft 1.1 structural voice pass 2026-08-28. Draft 1.0 voice rewrite 2026-08-05.; draft_date=2026-08-05",footnote position in the draft,,FP-CH10-C003 | FP-CH10-C004
FP-CH10-C003,FP-CH10,research-map,Cooperation can emerge and stabilize even under competitive/adversarial incentive structures,fact,listed under 'Empirical Claims → Sources' in the Research Map,load-bearing,the Research Map's Use or Status text calls this the chapter's central or grounding claim,mapped,"The Research Map links this claim to a source bucket, and that source is cited inline in the draft (see related claim).",unreviewed,FP-S0092,,,,"validates the chapter's core claim that competition and cooperation are not opposites in conflict but complementary mechanisms. Axelrod's research is the formal game-theoretic demonstration that reciprocal cooperation is evolutionarily stable even in a competitive system, and that pure defection (maximizing competition) loses to strategies that balance firmness with cooperation.",,"section=The Question Underneath the Argument; paragraph=2; section_index=2; draft_version=Draft 1.3, plain-language recheck (CH01 reader test) 2026-09-01. Draft 1.2 direct address conversion (second person) 2026-08-30. Draft 1.1 structural voice pass 2026-08-28. Draft 1.0 voice rewrite 2026-08-05.; draft_date=2026-08-05",the footnoted sentence FP-CH10-C002 cites the same source; unreviewed,competition-cooperation,FP-CH10-C002
FP-CH10-C004,FP-CH10,research-map,"Simple reciprocal strategies (""nice,"" retaliatory, forgiving) outperform purely exploitative ones",fact,listed under 'Empirical Claims → Sources' in the Research Map,load-bearing,the Research Map's Use or Status text calls this the chapter's central or grounding claim,mapped,"The Research Map links this claim to a source bucket, and that source is cited inline in the draft (see related claim).",unreviewed,FP-S0092,,,,"validates the chapter's core claim that competition and cooperation are not opposites in conflict but complementary mechanisms. Axelrod's research is the formal game-theoretic demonstration that reciprocal cooperation is evolutionarily stable even in a competitive system, and that pure defection (maximizing competition) loses to strategies that balance firmness with cooperation.",,"section=The Question Underneath the Argument; paragraph=2; section_index=2; draft_version=Draft 1.3, plain-language recheck (CH01 reader test) 2026-09-01. Draft 1.2 direct address conversion (second person) 2026-08-30. Draft 1.1 structural voice pass 2026-08-28. Draft 1.0 voice rewrite 2026-08-05.; draft_date=2026-08-05",the footnoted sentence FP-CH10-C002 cites the same source; unreviewed,,FP-CH10-C002
FP-CH11-C001,FP-CH11,overview-core-claim,"The individual and the community are both real, both load-bearing, and both dangerous when maximized alone. Americans have run this pendulum for three hundred years, and the swing itself is the evidence that the regulation between the two has gone offline.",synthesis,Overview › Core Claim: the chapter's own statement of its argument,load-bearing,the chapter's core claim by definition,argued,Supported by the chapter's reasoning and the sourced claims listed beneath it; not separately cited. 2 source(s) sit beneath it in this chapter.,unreviewed,FP-S0093 | FP-S0041,,FP-CH11-X01 | FP-CH11-X02 | FP-CH11-X03 | FP-CH11-X04 | FP-CH11-X05 | FP-CH11-X06 | FP-CH11-X07 | FP-CH11-X08 | FP-CH11-X09,Durkheim's suicide typology has been methodologically challenged,,,note=Chapter-level claim from the Overview,Overview file,nervous-system | community-trust,
FP-CH11-C002,FP-CH11,draft-sentence,"Émile Durkheim spent the 1890s mapping how the relationship between a person and a society fails, and he found that it fails along two separate axes rather than one.",fact,cites a source the Research Map lists under Empirical Claims,supporting,a sourced sentence inside the chapter's argument; importance not yet reviewed,cited,A footnote sits on this sentence in the current draft.,unreviewed,FP-S0093,,,,"validates the chapter's central claim with unusual precision. Durkheim's four-type framework is essentially a formal, empirically-grounded version of the chapter's ""maximum individualism"" and ""maximum collectivism"" failure modes. Egoistic suicide maps directly to the chapter's ""loneliness epidemics, eroded institutions"" claim; altruistic and fatalistic suicide map to ""conformity, suppression of dissent, loss of conscience.""",,section=The Four Directions the Loop Breaks; paragraph=1; section_index=4; draft_version=Draft 1.4 — Plain-language recheck: creation paragraph re-grounded 2026-09-01; draft_date=2026-08-05,footnote position in the draft,,FP-CH11-C004 | FP-CH11-C005
FP-CH11-C003,FP-CH11,draft-sentence,The advisory priced the accumulated cost at the equivalent of smoking fifteen cigarettes a day.,fact,cites a source the Research Map lists under Empirical Claims,supporting,a sourced sentence inside the chapter's argument; importance not yet reviewed,cited,A footnote sits on this sentence in the current draft.,unreviewed,FP-S0041,,,,"Vivek H. Murthy, U.S. Surgeon General, Our Epidemic of Loneliness and Isolation: The U.S. Surgeon General's Advisory on the Healing Effects of Social Connection and Community (Washington, DC: HHS, 2023). Documents loneliness as a public health crisis with cardiovascular, cognitive, and immune effects comparable to smoking 15 cigarettes a day. The Advisory frames isolation as a structural condition shaped by built environment, work patterns, and platform design — not a personal failing.",,section=The Four Directions the Loop Breaks; paragraph=6; section_index=4; draft_version=Draft 1.4 — Plain-language recheck: creation paragraph re-grounded 2026-09-01; draft_date=2026-08-05,footnote position in the draft,personal-board,FP-CH11-C006
FP-CH11-C004,FP-CH11,research-map,"Maximum individualism produces isolation, loss of meaning (""egoistic suicide"")",fact,listed under 'Empirical Claims → Sources' in the Research Map,supporting,listed under Empirical Claims in the Research Map; importance not yet reviewed,mapped,"The Research Map links this claim to a source bucket, and that source is cited inline in the draft (see related claim).",unreviewed,FP-S0093,,,,"validates the chapter's central claim with unusual precision. Durkheim's four-type framework is essentially a formal, empirically-grounded version of the chapter's ""maximum individualism"" and ""maximum collectivism"" failure modes. Egoistic suicide maps directly to the chapter's ""loneliness epidemics, eroded institutions"" claim; altruistic and fatalistic suicide map to ""conformity, suppression of dissent, loss of conscience.""",,section=The Four Directions the Loop Breaks; paragraph=2; section_index=4; draft_version=Draft 1.4 — Plain-language recheck: creation paragraph re-grounded 2026-09-01; draft_date=2026-08-05,keyword match to a draft paragraph (3 shared terms); unreviewed,individual-community,FP-CH11-C002
FP-CH11-C005,FP-CH11,research-map,"Maximum collectivism produces suppression of individual conscience (""altruistic""/regulation extremes)",fact,listed under 'Empirical Claims → Sources' in the Research Map,supporting,listed under Empirical Claims in the Research Map; importance not yet reviewed,mapped,"The Research Map links this claim to a source bucket, and that source is cited inline in the draft (see related claim).",unreviewed,FP-S0093,,,,"validates the chapter's central claim with unusual precision. Durkheim's four-type framework is essentially a formal, empirically-grounded version of the chapter's ""maximum individualism"" and ""maximum collectivism"" failure modes. Egoistic suicide maps directly to the chapter's ""loneliness epidemics, eroded institutions"" claim; altruistic and fatalistic suicide map to ""conformity, suppression of dissent, loss of conscience.""",,section=The Four Directions the Loop Breaks; paragraph=3; section_index=4; draft_version=Draft 1.4 — Plain-language recheck: creation paragraph re-grounded 2026-09-01; draft_date=2026-08-05,keyword match to a draft paragraph (3 shared terms); unreviewed,dynamic-balance | individual-community | nervous-system,FP-CH11-C002
FP-CH11-C006,FP-CH11,research-map,"Isolation produces measurable inflammation, sleep degradation, immune suppression",fact,listed under 'Empirical Claims → Sources' in the Research Map,supporting,listed under Empirical Claims in the Research Map; importance not yet reviewed,mapped,"The Research Map links this claim to a source bucket, and that source is cited inline in the draft (see related claim).",unreviewed,FP-S0041,,,,,,section=The Four Directions the Loop Breaks; paragraph=6; section_index=4; draft_version=Draft 1.4 — Plain-language recheck: creation paragraph re-grounded 2026-09-01; draft_date=2026-08-05,keyword match to a draft paragraph (3 shared terms); unreviewed,,FP-CH11-C003
FP-CH12-C001,FP-CH12,overview-core-claim,Innovation and stability are not a choice between progress and caution. Both are necessary goods that produce real costs when isolated. The culture spent thirty years maximizing innovation on Silicon Valley's terms and is now paying the stability debt. A regulated culture commits fully to both at once rather than picking a side.,synthesis,Overview › Core Claim: the chapter's own statement of its argument,load-bearing,the chapter's core claim by definition,argued,Supported by the chapter's reasoning and the sourced claims listed beneath it; not separately cited. 2 source(s) sit beneath it in this chapter.,unreviewed,FP-S0094 | FP-S0095,,FP-CH12-X01 | FP-CH12-X02 | FP-CH12-X03 | FP-CH12-X04,Disruption sometimes IS the correct response to genuinely broken institutions,,,note=Chapter-level claim from the Overview,Overview file,choice | innovation-stability | nervous-system,
FP-CH12-C002,FP-CH12,draft-sentence,Break things. Apologize later if at all.,fact,cites a source the Research Map lists under Empirical Claims,supporting,a sourced sentence inside the chapter's argument; importance not yet reviewed,cited,A footnote sits on this sentence in the current draft.,unreviewed,FP-S0094,,,,"validates the chapter's central claim that ""the innovation-only stance produces constant disruption that benefits the disruptors and exhausts everyone else"" and ""the destruction of institutional memory in service of growth metrics."" The Facebook motto change is a small but concrete illustration the chapter could use directly.",,"section=What Disruption Spends; paragraph=1; section_index=2; draft_version=Draft 1.3 — Plain-language recheck (concrete grounding fix), 2026-09-01; draft_date=2026-08-05",footnote position in the draft,,FP-CH12-C004 | FP-CH12-C005
FP-CH12-C003,FP-CH12,draft-sentence,"The trouble is that the spending and the paying for it happen on different clocks, and only the spending looks like productivity while it is happening.",fact,cites a source the Research Map lists under Empirical Claims,supporting,a sourced sentence inside the chapter's argument; importance not yet reviewed,cited,A footnote sits on this sentence in the current draft.,unreviewed,FP-S0094,,,,"validates the chapter's central claim that ""the innovation-only stance produces constant disruption that benefits the disruptors and exhausts everyone else"" and ""the destruction of institutional memory in service of growth metrics."" The Facebook motto change is a small but concrete illustration the chapter could use directly.",,"section=What Disruption Spends; paragraph=4; section_index=2; draft_version=Draft 1.3 — Plain-language recheck (concrete grounding fix), 2026-09-01; draft_date=2026-08-05",footnote position in the draft,optimization,FP-CH12-C004 | FP-CH12-C005
FP-CH12-C004,FP-CH12,research-map,"""Move fast and break things"" produces real institutional/social costs",fact,listed under 'Empirical Claims → Sources' in the Research Map,load-bearing,the Research Map's Use or Status text calls this the chapter's central or grounding claim,mapped,"The Research Map links this claim to a source bucket, and that source is cited inline in the draft (see related claim).",unreviewed,FP-S0094 | FP-S0095,,,,"validates the chapter's central claim that ""the innovation-only stance produces constant disruption that benefits the disruptors and exhausts everyone else"" and ""the destruction of institutional memory in service of growth metrics."" The Facebook motto change is a small but concrete illustration the chapter could use directly.",,"section=What Disruption Spends; paragraph=1; section_index=2; draft_version=Draft 1.3 — Plain-language recheck (concrete grounding fix), 2026-09-01; draft_date=2026-08-05",keyword match to a draft paragraph (3 shared terms); unreviewed,institutions-power-repair,FP-CH12-C002 | FP-CH12-C003
FP-CH12-C005,FP-CH12,research-map,Constant disruption destroys institutional memory and trust,fact,listed under 'Empirical Claims → Sources' in the Research Map,load-bearing,the Research Map's Use or Status text calls this the chapter's central or grounding claim,mapped,"The Research Map links this claim to a source bucket, and that source is cited inline in the draft (see related claim).",unreviewed,FP-S0094 | FP-S0095,,,,"validates the chapter's central claim that ""the innovation-only stance produces constant disruption that benefits the disruptors and exhausts everyone else"" and ""the destruction of institutional memory in service of growth metrics."" The Facebook motto change is a small but concrete illustration the chapter could use directly.",,"section=What Disruption Spends; paragraph=1; section_index=2; draft_version=Draft 1.3 — Plain-language recheck (concrete grounding fix), 2026-09-01; draft_date=2026-08-05",the footnoted sentence FP-CH12-C002 cites the same source; unreviewed,innovation-stability | community-trust | institutions-power-repair,FP-CH12-C002 | FP-CH12-C003
FP-CH13-C001,FP-CH13,overview-core-claim,"Security paid for by the erosion of adaptability is not security. The post-9/11 posture in American culture proved the point at national scale: the country traded adaptability for a permanent emergency framing and became more rigid, more anxious, and more vulnerable to internal manipulation as a result. A regulated person, family, workplace, community, or country commits fully to both poles and lets them regulate each other across time.",synthesis,Overview › Core Claim: the chapter's own statement of its argument,load-bearing,the chapter's core claim by definition,argued,Supported by the chapter's reasoning and the sourced claims listed beneath it; not separately cited. 3 source(s) sit beneath it in this chapter.,unreviewed,FP-S0096 | FP-S0097 | FP-S0098,,FP-CH13-X01 | FP-CH13-X02 | FP-CH13-X03 | FP-CH13-X04 | FP-CH13-X05,Some post-9/11 security measures did prevent documented attacks,,,note=Chapter-level claim from the Overview,Overview file,security-adaptability | nervous-system | rhetoric-manipulation | family-stewardship | community-trust,
FP-CH13-C002,FP-CH13,draft-sentence,"The country expanded surveillance, narrowed civil liberties, militarized police, accepted permanent emergency framing, and called the arrangement safer.",fact,cites a source the Research Map lists under Empirical Claims,supporting,a sourced sentence inside the chapter's argument; importance not yet reviewed,cited,A footnote sits on this sentence in the current draft.,unreviewed,FP-S0096,,,,"validates the chapter's central historical claim with precision — ""the country expanded surveillance, narrowed civil liberties, militarized police, accepted permanent emergency framing, and called the arrangement safer,"" and ""the arrangement made the country less safe in the long run."" The Costs of War Project source specifically supports the claim that security-maximization produced costs that FELL DISPROPORTIONATELY on the people least able to absorb them, which strengthens the chapter's broader extraction framing from Part I.",,"section=The Threat That Arrives in a Different Shape; paragraph=2; section_index=2; draft_version=Draft 1.5 — floor image reworked to ground floor, 2026-09-02; draft_date=2026-08-05",footnote position in the draft,,FP-CH13-C005 | FP-CH13-C006
FP-CH13-C003,FP-CH13,draft-sentence,"That arrangement made the country less safe across the two decades that followed, because security paid for by losing adaptability is not security.",unverified,footnoted sentence; type not yet assigned (the Research Map does not list it as an empirical claim),supporting,a sourced sentence inside the chapter's argument; importance not yet reviewed,cited,A footnote sits on this sentence in the current draft.,unreviewed,FP-S0097,,FP-CH13-X02 | FP-CH13-X04,"""Less safe in the long run"" is a strong causal claim that's hard to fully prove","John Mueller and Mark G. Stewart, Terror, Security, and Money: Balancing the Risks, Benefits, and Costs of Homeland Security (New York: Oxford University Press, 2011). Mueller and Stewart's cost-benefit analysis of the post-9/11 security buildup estimates total spending at roughly $1 trillion and finds that even under highly charitable assumptions about effectiveness, the spending would need to prevent an implausibly large number of major attacks per year to justify its cost. They document specific net-negative effects, including that added airport security delays are estimated to have caused several hundred additional road fatalities per year as travelers shifted from flying to driving, illustrating that a maximized security posture can produce the opposite of its stated goal.","mild. The chapter's argument rests more on the OPPORTUNITY COST and RIGIDITY framing (resources spent on surveillance instead of adaptability, trust erosion, civil-liberties cost) than on a hard causal claim that specific attacks were enabled by the security posture. The existing framing is defensible without needing a stronger causal claim.","section=The Threat That Arrives in a Different Shape; paragraph=3; section_index=2; draft_version=Draft 1.5 — floor image reworked to ground floor, 2026-09-02; draft_date=2026-08-05",footnote position in the draft,security-adaptability,
FP-CH13-C004,FP-CH13,draft-sentence,"What the three have in common is redundancy, variety, and slack, which is to say the three properties an efficiency audit removes first.",unverified,footnoted sentence; type not yet assigned (the Research Map does not list it as an empirical claim),supporting,a sourced sentence inside the chapter's argument; importance not yet reviewed,cited,A footnote sits on this sentence in the current draft.,unreviewed,FP-S0098,,,,"C. S. Holling, ""Resilience and Stability of Ecological Systems,"" Annual Review of Ecology and Systematics 4 (1973): 1–23. Holling's foundational resilience-theory paper distinguishes resilience (a system's capacity to absorb disturbance and reorganize) from stability (a system's tendency to return to one equilibrium), and argues that systems optimized for stability and efficiency around a known set of conditions tend to lose the redundancy and variety that would let them adapt to conditions outside that set. The forest/monoculture and diversified/single-industry-economy examples above are applications of this same distinction: a system engineered to be excellent against one known threat sheds exactly the properties, redundancy, variety, and slack, that would let it meet a different one.",,"section=Why Variety Survives; paragraph=1; section_index=5; draft_version=Draft 1.5 — floor image reworked to ground floor, 2026-09-02; draft_date=2026-08-05",footnote position in the draft,,
FP-CH13-C005,FP-CH13,research-map,"Post-9/11 security expansion produced real long-term costs to civil liberties and, ultimately, security itself",fact,listed under 'Empirical Claims → Sources' in the Research Map,load-bearing,the Research Map's Use or Status text calls this the chapter's central or grounding claim,mapped,"The Research Map links this claim to a source bucket, and that source is cited inline in the draft (see related claim).",unreviewed,FP-S0096,,FP-CH13-X03 | FP-CH13-X04,,"validates the chapter's central historical claim with precision — ""the country expanded surveillance, narrowed civil liberties, militarized police, accepted permanent emergency framing, and called the arrangement safer,"" and ""the arrangement made the country less safe in the long run."" The Costs of War Project source specifically supports the claim that security-maximization produced costs that FELL DISPROPORTIONATELY on the people least able to absorb them, which strengthens the chapter's broader extraction framing from Part I.",,"section=The Threat That Arrives in a Different Shape; paragraph=2; section_index=2; draft_version=Draft 1.5 — floor image reworked to ground floor, 2026-09-02; draft_date=2026-08-05",keyword match to a draft paragraph (7 shared terms); unreviewed,security-adaptability,FP-CH13-C002
FP-CH13-C006,FP-CH13,research-map,Mass surveillance disproportionately targeted specific communities and produced high opportunity costs,fact,listed under 'Empirical Claims → Sources' in the Research Map,load-bearing,the Research Map's Use or Status text calls this the chapter's central or grounding claim,mapped,"The Research Map links this claim to a source bucket, and that source is cited inline in the draft (see related claim).",unreviewed,FP-S0096,,FP-CH13-X04,,"validates the chapter's central historical claim with precision — ""the country expanded surveillance, narrowed civil liberties, militarized police, accepted permanent emergency framing, and called the arrangement safer,"" and ""the arrangement made the country less safe in the long run."" The Costs of War Project source specifically supports the claim that security-maximization produced costs that FELL DISPROPORTIONATELY on the people least able to absorb them, which strengthens the chapter's broader extraction framing from Part I.",,"section=The Threat That Arrives in a Different Shape; paragraph=2; section_index=2; draft_version=Draft 1.5 — floor image reworked to ground floor, 2026-09-02; draft_date=2026-08-05",keyword match to a draft paragraph (4 shared terms); unreviewed,,FP-CH13-C002
FP-CH14-C001,FP-CH14,overview-core-claim,"The Dynamic Balance Principle applies to necessary competing forces, not to inherently immoral acts. Some apparent tensions are not tensions. They are violations dressed in the language of competing forces, and a theory that cannot tell the difference is not a theory worth defending.",synthesis,Overview › Core Claim: the chapter's own statement of its argument,load-bearing,the chapter's core claim by definition,argued,Supported by the chapter's reasoning and the sourced claims listed beneath it; not separately cited. 2 source(s) sit beneath it in this chapter.,unreviewed,FP-S0099 | FP-S0100,,FP-CH14-X01 | FP-CH14-X02 | FP-CH14-X03 | FP-CH14-X04,Cultural relativism has legitimate uses in anthropology and cross-cultural ethics,,,note=Chapter-level claim from the Overview,Overview file,dynamic-balance | moral-boundary,
FP-CH14-C002,FP-CH14,draft-sentence,A theory that cannot make the distinction is not a theory worth defending.,fact,cites a source the Research Map lists under Empirical Claims,supporting,a sourced sentence inside the chapter's argument; importance not yet reviewed,cited,A footnote sits on this sentence in the current draft.,unreviewed,FP-S0099,,,,"validates the entire philosophical architecture of the Moral Boundary Principle. The chapter's core move (some tensions are real and deserve balance; some apparent tensions are actually one legitimate force versus a violation, and moral relativism about them is untenable) is a direct, non-technical restatement of the standard philosophical objection to relativism. This is the single most important citation opportunity in the chapter, because it shows the Moral Boundary Principle isn't an idiosyncratic invention — it's continuous with a serious, long-standing philosophical position (moral realism/universalism) against a well-documented failure mode (relativism's ""anything goes"" problem).",,section=The Objection Part Two Has to Answer; paragraph=1; section_index=2; draft_version=Draft 1.3 - Plain-language recheck (CH01 reader test) 2026-09-01; draft_date=2026-08-05,footnote position in the draft,,FP-CH14-C003 | FP-CH14-C004
FP-CH14-C003,FP-CH14,research-map,"Moral relativism, taken to its conclusion, cannot condemn slavery, genocide, or other atrocities as objectively wrong",fact,listed under 'Empirical Claims → Sources' in the Research Map,load-bearing,the Research Map's Use or Status text calls this the chapter's central or grounding claim,mapped,"The Research Map links this claim to a source bucket, and that source is cited inline in the draft (see related claim).",unreviewed,FP-S0099 | FP-S0100,,FP-CH14-X01 | FP-CH14-X02 | FP-CH14-X03,Cultural relativism has legitimate uses in anthropology and cross-cultural ethics,"validates the entire philosophical architecture of the Moral Boundary Principle. The chapter's core move (some tensions are real and deserve balance; some apparent tensions are actually one legitimate force versus a violation, and moral relativism about them is untenable) is a direct, non-technical restatement of the standard philosophical objection to relativism. This is the single most important citation opportunity in the chapter, because it shows the Moral Boundary Principle isn't an idiosyncratic invention — it's continuous with a serious, long-standing philosophical position (moral realism/universalism) against a well-documented failure mode (relativism's ""anything goes"" problem).","worth a light touch. The chapter's targets (corporate leaders invoking balance to defend extraction, political actors both-sidesing a one-sided question) are clearly moral-relativism-as-conclusion, not methodological anthropological relativism.",section=The Objection Part Two Has to Answer; paragraph=3; section_index=2; draft_version=Draft 1.3 - Plain-language recheck (CH01 reader test) 2026-09-01; draft_date=2026-08-05,keyword match to a draft paragraph (4 shared terms); unreviewed,,FP-CH14-C002
FP-CH14-C004,FP-CH14,research-map,Universal human rights require a non-relative standard,fact,listed under 'Empirical Claims → Sources' in the Research Map,load-bearing,the Research Map's Use or Status text calls this the chapter's central or grounding claim,mapped,"The Research Map links this claim to a source bucket, and that source is cited inline in the draft (see related claim).",unreviewed,FP-S0099 | FP-S0100,,FP-CH14-X01 | FP-CH14-X04,Cultural relativism has legitimate uses in anthropology and cross-cultural ethics,"validates the entire philosophical architecture of the Moral Boundary Principle. The chapter's core move (some tensions are real and deserve balance; some apparent tensions are actually one legitimate force versus a violation, and moral relativism about them is untenable) is a direct, non-technical restatement of the standard philosophical objection to relativism. This is the single most important citation opportunity in the chapter, because it shows the Moral Boundary Principle isn't an idiosyncratic invention — it's continuous with a serious, long-standing philosophical position (moral realism/universalism) against a well-documented failure mode (relativism's ""anything goes"" problem).","worth a light touch. The chapter's targets (corporate leaders invoking balance to defend extraction, political actors both-sidesing a one-sided question) are clearly moral-relativism-as-conclusion, not methodological anthropological relativism.",section=The Objection Part Two Has to Answer; paragraph=1; section_index=2; draft_version=Draft 1.3 - Plain-language recheck (CH01 reader test) 2026-09-01; draft_date=2026-08-05,the footnoted sentence FP-CH14-C002 cites the same source; unreviewed,,FP-CH14-C002
FP-CH15-C001,FP-CH15,overview-core-claim,"Agency develops gradually across a lifetime, and the development can be interrupted at any stage by three mechanisms: direct override, conditional acceptance, and information control. Most readers have lived inside several of these mechanisms at once, long before they had the language to name what was happening to them.",synthesis,Overview › Core Claim: the chapter's own statement of its argument,load-bearing,the chapter's core claim by definition,argued,Supported by the chapter's reasoning and the sourced claims listed beneath it; not separately cited. 2 source(s) sit beneath it in this chapter.,unreviewed,FP-S0101 | FP-S0102,,FP-CH15-X01 | FP-CH15-X02 | FP-CH15-X03 | FP-CH15-X04 | FP-CH15-X05,Not all inability to change conditions is learned helplessness — some withdrawal is rational risk assessment,,,note=Chapter-level claim from the Overview,Overview file,,
FP-CH15-C002,FP-CH15,draft-sentence,"Three mechanisms do most of the work, and they run at every scale a person lives inside.",fact,cites a source the Research Map lists under Empirical Claims,supporting,a sourced sentence inside the chapter's argument; importance not yet reviewed,cited,A footnote sits on this sentence in the current draft.,unreviewed,FP-S0101,,FP-CH15-X04,,"validates the chapter's three-mechanism structure (direct override, conditional acceptance, information control) as a plain-language restatement of a well-documented clinical pattern, not an idiosyncratic claim.",,"section=How the Taking Is Done; paragraph=1; section_index=3; draft_version=Draft 1.3 — 'Durable' misuse fixed, 2026-09-01; draft_date=2026-08-30",footnote position in the draft,root-and-branch,FP-CH15-C004
FP-CH15-C003,FP-CH15,draft-sentence,"A person trained that way stops generating preferences, which is what Seligman produced in the laboratory, where repeated exposure to conditions an animal could not change trained it to stop attempting change after escape became available.",fact,cites a source the Research Map lists under Empirical Claims,supporting,a sourced sentence inside the chapter's argument; importance not yet reviewed,cited,A footnote sits on this sentence in the current draft.,unreviewed,FP-S0102,,FP-CH15-X01 | FP-CH15-X04,Not all inability to change conditions is learned helplessness — some withdrawal is rational risk assessment,"grounds the chapter's specific claim that ""repeated overrides produce a body that stops generating preferences"" in the foundational learned-helplessness paradigm — an organism trained by uncontrollable conditions to stop attempting change even after escape becomes possible.","the chapter already handles this by framing the withdrawal as ""adaptation,"" explicitly calling it intelligent rather than pathological (""Adaptation is not failure""). No change needed.","section=How the Taking Is Done; paragraph=2; section_index=3; draft_version=Draft 1.3 — 'Durable' misuse fixed, 2026-09-01; draft_date=2026-08-30",footnote position in the draft,,FP-CH15-C005
FP-CH15-C004,FP-CH15,research-map,"Coercive control (direct override, conditional acceptance, information control) produces predictable psychological damage: impaired trust, autonomy, and initiative",fact,listed under 'Empirical Claims → Sources' in the Research Map,supporting,listed under Empirical Claims in the Research Map; importance not yet reviewed,mapped,"The Research Map links this claim to a source bucket, and that source is cited inline in the draft (see related claim).",unreviewed,FP-S0101,,FP-CH15-X03 | FP-CH15-X04,,"validates the chapter's three-mechanism structure (direct override, conditional acceptance, information control) as a plain-language restatement of a well-documented clinical pattern, not an idiosyncratic claim.",,"section=How the Taking Is Done; paragraph=1; section_index=3; draft_version=Draft 1.3 — 'Durable' misuse fixed, 2026-09-01; draft_date=2026-08-30",the footnoted sentence FP-CH15-C002 cites the same source; unreviewed,theft-of-agency | community-trust,FP-CH15-C002
FP-CH15-C005,FP-CH15,research-map,Repeated exposure to uncontrollable conditions trains a body to stop generating preferences/attempts,fact,listed under 'Empirical Claims → Sources' in the Research Map,supporting,listed under Empirical Claims in the Research Map; importance not yet reviewed,mapped,"The Research Map links this claim to a source bucket, and that source is cited inline in the draft (see related claim).",unreviewed,FP-S0102,,FP-CH15-X01 | FP-CH15-X04,Not all inability to change conditions is learned helplessness — some withdrawal is rational risk assessment,"grounds the chapter's specific claim that ""repeated overrides produce a body that stops generating preferences"" in the foundational learned-helplessness paradigm — an organism trained by uncontrollable conditions to stop attempting change even after escape becomes possible.","the chapter already handles this by framing the withdrawal as ""adaptation,"" explicitly calling it intelligent rather than pathological (""Adaptation is not failure""). No change needed.","section=How the Taking Is Done; paragraph=2; section_index=3; draft_version=Draft 1.3 — 'Durable' misuse fixed, 2026-09-01; draft_date=2026-08-30",keyword match to a draft paragraph (8 shared terms); unreviewed,,FP-CH15-C003
FP-CH16-C001,FP-CH16,overview-core-claim,"Trauma, burnout, and survival plasticity are three distinct phenomena that get used as if they're synonyms, and the confusion costs readers, clinicians, and institutions real understanding. Trauma is what a system does with an event or condition it couldn't process at the time. Burnout is what happens to a regulated system when demand outpaces recovery capacity over an extended period. Survival plasticity is the broader category underneath both: the adaptations a body makes to survive whatever conditions it's actually inside.",synthesis,Overview › Core Claim: the chapter's own statement of its argument,load-bearing,the chapter's core claim by definition,argued,Supported by the chapter's reasoning and the sourced claims listed beneath it; not separately cited. 3 source(s) sit beneath it in this chapter.,unreviewed,FP-S0104 | FP-S0105 | FP-S0103,,FP-CH16-X01 | FP-CH16-X02 | FP-CH16-X03 | FP-CH16-X04 | FP-CH16-X05,Burnout and depression have overlapping symptoms and the boundary is clinically contested,,,note=Chapter-level claim from the Overview,Overview file,capacity | survival | trauma-burnout | survival-plasticity | nervous-system | institutions-power-repair,
FP-CH16-C002,FP-CH16,draft-sentence,"The literature now documents measurable changes in the brain and in the body's regulatory systems following traumatic experience, and it traces how a person's conscious account of an event separates from the sensations and survival responses that keep running afterward.",fact,cites a source the Research Map lists under Empirical Claims,supporting,a sourced sentence inside the chapter's argument; importance not yet reviewed,cited,A footnote sits on this sentence in the current draft.,unreviewed,FP-S0104,,FP-CH16-X03 | FP-CH16-X04,,"validates the chapter's central claim that ""the clinical literature has expanded the understanding of trauma,"" and grounds the chapter's account of the body storing unmetabolized survival response.",,"section=Two People, One Car Accident; paragraph=4; section_index=3; draft_version=Draft 1.3 — Plain-language recheck, reclamation paragraph grounded 2026-09-01; draft_date=2026-08-22",footnote position in the draft,survival | trauma-burnout | nervous-system,FP-CH16-C005
FP-CH16-C003,FP-CH16,draft-sentence,Burnout is what happens when steady demand on a person runs past what that person can recover from.,fact,cites a source the Research Map lists under Empirical Claims,supporting,a sourced sentence inside the chapter's argument; importance not yet reviewed,cited,A footnote sits on this sentence in the current draft.,unreviewed,FP-S0105,,FP-CH16-X01 | FP-CH16-X03 | FP-CH16-X04,Burnout and depression have overlapping symptoms and the boundary is clinically contested,"validates the chapter's sharpest and most contestable claim — that burnout is ""structural before it is personal"" and not a matter of individual weakness or poor time management. Maslach's own framing makes this same distinction explicitly.","worth a light touch. The chapter's claim that ""a person can address the structural conditions when the person has the power to do so"" already implies boundaries and doesn't claim burnout precludes depression. No change required, though Stephen may want a clause distinguishing the two for clinical precision, given his DC/DACM credentials.","section=Burnout Is a Condition of the Job; paragraph=1; section_index=4; draft_version=Draft 1.3 — Plain-language recheck, reclamation paragraph grounded 2026-09-01; draft_date=2026-08-22",footnote position in the draft,trauma-burnout,FP-CH16-C006
FP-CH16-C004,FP-CH16,draft-sentence,"The term is mine, introduced in Journey from the Edge, and it exists because the clinical literature names the pieces without naming the whole.",unverified,footnoted sentence; type not yet assigned (the Research Map does not list it as an empirical claim),supporting,a sourced sentence inside the chapter's argument; importance not yet reviewed,cited,A footnote sits on this sentence in the current draft.,unreviewed,FP-S0103,,FP-CH16-X04 | FP-CH16-X05,,"Stephen Thompson, Journey from the Edge: From Weaponized Survival to Self-Reclamation, where survival plasticity is introduced alongside the privilege of plasticity, the soil of safety, and trauma as architecture. The term names the whole-system adaptation to sustained conditions across the nervous, immune, hormonal, digestive, muscular, and cognitive systems. Neuroplasticity and allostatic load each describe one component of it. [PUBLICATION DETAILS TO CONFIRM]",,"section=The System Adapts to What It Repeats; paragraph=1; section_index=5; draft_version=Draft 1.3 — Plain-language recheck, reclamation paragraph grounded 2026-09-01; draft_date=2026-08-22",footnote position in the draft,,
FP-CH16-C005,FP-CH16,research-map,"Trauma reshapes the brain and body, decoupling conscious narrative from stored bodily response",fact,listed under 'Empirical Claims → Sources' in the Research Map,load-bearing,the Research Map's Use or Status text calls this the chapter's central or grounding claim,mapped,"The Research Map links this claim to a source bucket, and that source is cited inline in the draft (see related claim).",unreviewed,FP-S0104,,FP-CH16-X03 | FP-CH16-X04,,"validates the chapter's central claim that ""the clinical literature has expanded the understanding of trauma,"" and grounds the chapter's account of the body storing unmetabolized survival response.",,"section=Two People, One Car Accident; paragraph=4; section_index=3; draft_version=Draft 1.3 — Plain-language recheck, reclamation paragraph grounded 2026-09-01; draft_date=2026-08-22",keyword match to a draft paragraph (3 shared terms); unreviewed,trauma-burnout,FP-CH16-C002
FP-CH16-C006,FP-CH16,research-map,"Burnout is a distinct three-part syndrome (exhaustion, depersonalization, reduced accomplishment) caused by sustained demand exceeding recovery capacity, and is structural/organizational rather than personal",fact,listed under 'Empirical Claims → Sources' in the Research Map,supporting,listed under Empirical Claims in the Research Map; importance not yet reviewed,mapped,"The Research Map links this claim to a source bucket, and that source is cited inline in the draft (see related claim).",unreviewed,FP-S0105,,FP-CH16-X01 | FP-CH16-X03 | FP-CH16-X04 | FP-CH16-X05,Burnout and depression have overlapping symptoms and the boundary is clinically contested,"validates the chapter's sharpest and most contestable claim — that burnout is ""structural before it is personal"" and not a matter of individual weakness or poor time management. Maslach's own framing makes this same distinction explicitly.","worth a light touch. The chapter's claim that ""a person can address the structural conditions when the person has the power to do so"" already implies boundaries and doesn't claim burnout precludes depression. No change required, though Stephen may want a clause distinguishing the two for clinical precision, given his DC/DACM credentials.","section=Burnout Is a Condition of the Job; paragraph=1; section_index=4; draft_version=Draft 1.3 — Plain-language recheck, reclamation paragraph grounded 2026-09-01; draft_date=2026-08-22",the footnoted sentence FP-CH16-C003 cites the same source; unreviewed,capacity | trauma-burnout,FP-CH16-C003
FP-CH17-C001,FP-CH17,overview-core-claim,"The body remembers what the mind does not consciously hold, and the remembering is biological rather than metaphorical. Reclamation happens through specific clinical and somatic interventions, restoring regulatory range, updating survival patterns through repeated supported experience, building conscious choice on top of automatic response, and repairing the relationship between the body and the self, not through insight alone.",synthesis,Overview › Core Claim: the chapter's own statement of its argument,load-bearing,the chapter's core claim by definition,argued,Supported by the chapter's reasoning and the sourced claims listed beneath it; not separately cited. 2 source(s) sit beneath it in this chapter.,unreviewed,FP-S0106 | FP-S0107,,FP-CH17-X01 | FP-CH17-X02 | FP-CH17-X03 | FP-CH17-X04 | FP-CH17-X05 | FP-CH17-X06,"Somatic/body-memory claims (e.g., ""the shoulder is keeping the score"") are popular but scientifically contested — critics argue there's limited direct evidence that specific tissues literally ""store"" specific memories",,,note=Chapter-level claim from the Overview,Overview file,choice | survival | nervous-system | self-trust,
FP-CH17-C002,FP-CH17,draft-sentence,The autonomic nervous system regulates between activation and recovery.,fact,cites a source the Research Map lists under Empirical Claims,supporting,a sourced sentence inside the chapter's argument; importance not yet reviewed,cited,A footnote sits on this sentence in the current draft.,unreviewed,FP-S0106,,FP-CH17-X05 | FP-CH17-X06,,"grounds the chapter's core physiological account (sympathetic/parasympathetic regulation, dysregulation, recovery range) in the clinical model already cross-referenced from Chapters 2 and 6, keeping the book's nervous-system language consistent across chapters.",,"section=Activation, Recovery, and the Narrowing Range; paragraph=1; section_index=3; draft_version=Draft 1.3 — Plain-language recheck (fourth-pattern grounding fix) 2026-09-01; draft_date=2026-08-22",footnote position in the draft,nervous-system,FP-CH17-C004
FP-CH17-C003,FP-CH17,draft-sentence,"The nervous system stores traumatic material as disconnected sensory and somatic fragments rather than as narrative the person recognizes as memory, which is why the response does not arrive labeled as the past.",fact,cites a source the Research Map lists under Empirical Claims,supporting,a sourced sentence inside the chapter's argument; importance not yet reviewed,cited,A footnote sits on this sentence in the current draft.,unreviewed,FP-S0107,,FP-CH17-X04 | FP-CH17-X05 | FP-CH17-X06,,"validates the chapter's specific and somewhat technical claim that the mind ""interprets the response as a preference... incorrectly"" — this is a direct restatement of the finding that trauma-related material is stored as disconnected sensory fragments rather than narrative the conscious mind can recognize as memory.",,section=The Person Reacts Before Noticing the Reaction; paragraph=1; section_index=4; draft_version=Draft 1.3 — Plain-language recheck (fourth-pattern grounding fix) 2026-09-01; draft_date=2026-08-22,footnote position in the draft,trauma-burnout | nervous-system,FP-CH17-C005
FP-CH17-C004,FP-CH17,research-map,The autonomic nervous system regulates between sympathetic activation and parasympathetic recovery,fact,listed under 'Empirical Claims → Sources' in the Research Map,load-bearing,the Research Map's Use or Status text calls this the chapter's central or grounding claim,mapped,"The Research Map links this claim to a source bucket, and that source is cited inline in the draft (see related claim).",unreviewed,FP-S0106,,FP-CH17-X05 | FP-CH17-X06,,"grounds the chapter's core physiological account (sympathetic/parasympathetic regulation, dysregulation, recovery range) in the clinical model already cross-referenced from Chapters 2 and 6, keeping the book's nervous-system language consistent across chapters.",,"section=Activation, Recovery, and the Narrowing Range; paragraph=1; section_index=3; draft_version=Draft 1.3 — Plain-language recheck (fourth-pattern grounding fix) 2026-09-01; draft_date=2026-08-22",keyword match to a draft paragraph (8 shared terms); unreviewed,nervous-system,FP-CH17-C002
FP-CH17-C005,FP-CH17,research-map,"Traumatic material is stored as fragmented sensory/somatic memory, not integrated narrative, which is why the body runs responses the mind doesn't consciously recognize as memory",fact,listed under 'Empirical Claims → Sources' in the Research Map,supporting,listed under Empirical Claims in the Research Map; importance not yet reviewed,mapped,"The Research Map links this claim to a source bucket, and that source is cited inline in the draft (see related claim).",unreviewed,FP-S0107,,FP-CH17-X04 | FP-CH17-X06,,"validates the chapter's specific and somewhat technical claim that the mind ""interprets the response as a preference... incorrectly"" — this is a direct restatement of the finding that trauma-related material is stored as disconnected sensory fragments rather than narrative the conscious mind can recognize as memory.",,section=The Person Reacts Before Noticing the Reaction; paragraph=1; section_index=4; draft_version=Draft 1.3 — Plain-language recheck (fourth-pattern grounding fix) 2026-09-01; draft_date=2026-08-22,keyword match to a draft paragraph (9 shared terms); unreviewed,trauma-burnout | nervous-system,FP-CH17-C003
FP-CH18-C001,FP-CH18,overview-core-claim,"Shame, dissociation, and disconnection are not three unrelated struggles. They developed as intelligent, protective responses to conditions the reader had to survive, and they now reinforce each other in a cycle that compounds over years until the cycle becomes indistinguishable from the reader's sense of who they are.",synthesis,Overview › Core Claim: the chapter's own statement of its argument,load-bearing,the chapter's core claim by definition,argued,Supported by the chapter's reasoning and the sourced claims listed beneath it; not separately cited. 3 source(s) sit beneath it in this chapter.,unreviewed,FP-S0108 | FP-S0109 | FP-S0110,,FP-CH18-X01 | FP-CH18-X02 | FP-CH18-X03 | FP-CH18-X04 | FP-CH18-X05 | FP-CH18-X06 | FP-CH18-X07,"Clinical dissociation (dissociative identity disorder, depersonalization-derealization disorder) is a distinct diagnostic category from the everyday ""feeling far away"" the chapter describes, and conflating them risks minimizing a serious clinical condition or over-pathologizing normal experience",,,note=Chapter-level claim from the Overview,Overview file,shame-dissociation,
FP-CH18-C002,FP-CH18,draft-sentence,Guilt motivates repair. Shame motivates concealment.,unverified,footnoted sentence; type not yet assigned (the Research Map does not list it as an empirical claim),supporting,a sourced sentence inside the chapter's argument; importance not yet reviewed,cited,A footnote sits on this sentence in the current draft.,unreviewed,FP-S0108,,,,"June Price Tangney and Ronda L. Dearing, Shame and Guilt (New York: Guilford Press, 2002). The empirical statement of the distinction this chapter rests on: shame involves a negative evaluation of the global self, while guilt involves a negative evaluation of a specific behavior. Tangney and Dearing's research programme associates shame with concealment, defensiveness, and externalized blame, and guilt with reparative action and empathy, which is why the two produce opposite behavior despite feeling adjacent from the inside. For the popular formulation the phrasing here echoes, see Brené Brown, I Thought It Was Just Me (but it isn't) (New York: Gotham Books, 2007), and Brown's summary distinction that ""shame is a focus on self, guilt is a focus on behavior.""",,"section=Shame Is a Judgment About Who a Person Is; paragraph=1; section_index=3; draft_version=Draft 1.3 — Plain-language recheck, one fix (future-disconnection paragraph grounded) 2026-09-01; draft_date=2026-08-22",footnote position in the draft,shame-dissociation | institutions-power-repair,
FP-CH18-C003,FP-CH18,draft-sentence,"It runs partial or complete, brief or chronic, mild or severe.",fact,cites a source the Research Map lists under Empirical Claims,supporting,a sourced sentence inside the chapter's argument; importance not yet reviewed,cited,A footnote sits on this sentence in the current draft.,unreviewed,FP-S0109,,FP-CH18-X03,,"validates the chapter's claim that dissociation is not weakness but ""the body's intelligent response to conditions that exceeded what the conscious experience could process"" — this is the clinical consensus view, not a rhetorical softening.",,"section=The Separation That Follows; paragraph=1; section_index=4; draft_version=Draft 1.3 — Plain-language recheck, one fix (future-disconnection paragraph grounded) 2026-09-01; draft_date=2026-08-22",footnote position in the draft,,FP-CH18-C005
FP-CH18-C004,FP-CH18,research-map,"Shame is a ""being"" response (I am bad), distinct from guilt as a ""doing"" response (I did something bad); shame motivates concealment, guilt motivates repair",fact,listed under 'Empirical Claims → Sources' in the Research Map,load-bearing,the Research Map's Use or Status text calls this the chapter's central or grounding claim,mapped,The Research Map links this claim to a source bucket; the source is not cited inline in the current draft.,unreviewed,FP-S0110,,FP-CH18-X05,,"validates the chapter's central distinction almost word for word — Brown's own formulation is ""shame is a focus on self, guilt is a focus on behavior,"" which the chapter restates as ""Shame is the response to being something. Guilt is the response to having done something.""",,"section=Shame Is a Judgment About Who a Person Is; paragraph=1; section_index=3; draft_version=Draft 1.3 — Plain-language recheck, one fix (future-disconnection paragraph grounded) 2026-09-01; draft_date=2026-08-22",keyword match to a draft paragraph (7 shared terms); unreviewed,shame-dissociation | institutions-power-repair,
FP-CH18-C005,FP-CH18,research-map,Dissociation is a protective compartmentalization of experience the body deploys when the experience exceeds its processing capacity,fact,listed under 'Empirical Claims → Sources' in the Research Map,supporting,listed under Empirical Claims in the Research Map; importance not yet reviewed,mapped,"The Research Map links this claim to a source bucket, and that source is cited inline in the draft (see related claim).",unreviewed,FP-S0109,,FP-CH18-X03 | FP-CH18-X05,,"validates the chapter's claim that dissociation is not weakness but ""the body's intelligent response to conditions that exceeded what the conscious experience could process"" — this is the clinical consensus view, not a rhetorical softening.",,"section=The Separation That Follows; paragraph=1; section_index=4; draft_version=Draft 1.3 — Plain-language recheck, one fix (future-disconnection paragraph grounded) 2026-09-01; draft_date=2026-08-22",keyword match to a draft paragraph (4 shared terms); unreviewed,capacity | shame-dissociation,FP-CH18-C003
FP-CH19-C001,FP-CH19,overview-core-claim,"A reclamation can't take root inside conditions of chronic threat any more than a seed can germinate in dry rock. Six elements together produce the conditions inside which reclamation can actually proceed: physiological regulation, relational support, material adequacy, meaningful structure, access to clinical support, and meaning. None of the six is sufficient alone.",synthesis,Overview › Core Claim: the chapter's own statement of its argument,load-bearing,the chapter's core claim by definition,argued,Supported by the chapter's reasoning and the sourced claims listed beneath it; not separately cited. 3 source(s) sit beneath it in this chapter.,unreviewed,FP-S0111 | FP-S0112 | FP-S0113,,FP-CH19-X01 | FP-CH19-X02 | FP-CH19-X03 | FP-CH19-X04 | FP-CH19-X05 | FP-CH19-X06 | FP-CH19-X07 | FP-CH19-X08 | FP-CH19-X09 | FP-CH19-X10,"The ""Soil of Safety"" six-element model risks reading as a checklist that implies reclamation is unavailable to anyone without all six elements in place, which could be discouraging or, worse, exclusionary toward readers in genuinely precarious material conditions",,,note=Chapter-level claim from the Overview,Overview file,nervous-system | self-trust | access | governance-creates-space,
FP-CH19-C002,FP-CH19,draft-sentence,"Accumulated current safety widens the range, and the same material can then come up at a cost you can actually pay.",fact,cites a source the Research Map lists under Empirical Claims,supporting,a sourced sentence inside the chapter's argument; importance not yet reviewed,cited,A footnote sits on this sentence in the current draft.,unreviewed,FP-S0111,,FP-CH19-X07,,"grounds the chapter's central biological claim (""the conditions are not luxury. The conditions are biology"") in a specific, named mechanism rather than a general appeal to nervous-system science. Consistent with the polyvagal citations already established in Chapters 2, 6, and 17.",,section=What the Work Runs On; paragraph=2; section_index=2; draft_version=Draft 1.2 — Direct address conversion (second person) 2026-08-30; draft_date=2026-08-22,footnote position in the draft,soil-of-safety,FP-CH19-C005
FP-CH19-C003,FP-CH19,draft-sentence,"The soil of safety is my term, introduced in Journey from the Edge, alongside survival plasticity, the privilege of plasticity, and trauma as architecture.",unverified,footnoted sentence; type not yet assigned (the Research Map does not list it as an empirical claim),supporting,a sourced sentence inside the chapter's argument; importance not yet reviewed,cited,A footnote sits on this sentence in the current draft.,unreviewed,FP-S0112,,,,"Stephen Thompson, Journey from the Edge: From Weaponized Survival to Self-Reclamation, where the soil of safety is introduced alongside survival plasticity, the privilege of plasticity, and trauma as architecture. The term names the assembled physiological, relational, material, structural, clinical, and motivational conditions reclamation work requires in order to proceed, and which that same work draws down as it proceeds. [PUBLICATION DETAILS TO CONFIRM]",,section=What the Work Runs On; paragraph=3; section_index=2; draft_version=Draft 1.2 — Direct address conversion (second person) 2026-08-30; draft_date=2026-08-22,footnote position in the draft,survival | trauma-burnout | survival-plasticity | soil-of-safety,
FP-CH19-C004,FP-CH19,draft-sentence,"Financial scarcity, housing instability, and food insecurity each keep regulation in threat response, and regulation spent there is not available for anything else.",fact,cites a source the Research Map lists under Empirical Claims,supporting,a sourced sentence inside the chapter's argument; importance not yet reviewed,cited,A footnote sits on this sentence in the current draft.,unreviewed,FP-S0113,,FP-CH19-X07,,"validates the ""material adequacy"" element of the soil — the ACE study is the strongest available epidemiological evidence that chronic material/household instability produces measurable, cumulative, dose-dependent health costs, which supports treating material stability as a biological precondition rather than a lifestyle preference.",,"section=Six Elements, and No Single One Is Enough; paragraph=4; section_index=3; draft_version=Draft 1.2 — Direct address conversion (second person) 2026-08-30; draft_date=2026-08-22",footnote position in the draft,survival | nervous-system,FP-CH19-C006
FP-CH19-C005,FP-CH19,research-map,The nervous system continuously and pre-consciously scans for cues of safety or danger before it will allow deeper regulatory work,fact,listed under 'Empirical Claims → Sources' in the Research Map,load-bearing,the Research Map's Use or Status text calls this the chapter's central or grounding claim,mapped,"The Research Map links this claim to a source bucket, and that source is cited inline in the draft (see related claim).",unreviewed,FP-S0111,,FP-CH19-X07 | FP-CH19-X08,,"grounds the chapter's central biological claim (""the conditions are not luxury. The conditions are biology"") in a specific, named mechanism rather than a general appeal to nervous-system science. Consistent with the polyvagal citations already established in Chapters 2, 6, and 17.",,section=What the Work Runs On; paragraph=2; section_index=2; draft_version=Draft 1.2 — Direct address conversion (second person) 2026-08-30; draft_date=2026-08-22,the footnoted sentence FP-CH19-C002 cites the same source; unreviewed,nervous-system | soil-of-safety,FP-CH19-C002
FP-CH19-C006,FP-CH19,research-map,"Cumulative material/childhood adversity predicts adult health outcomes in a dose-dependent way, supporting the claim that material adequacy is biological, not incidental",fact,listed under 'Empirical Claims → Sources' in the Research Map,load-bearing,the Research Map's Use or Status text calls this the chapter's central or grounding claim,mapped,"The Research Map links this claim to a source bucket, and that source is cited inline in the draft (see related claim).",unreviewed,FP-S0113,,FP-CH19-X07 | FP-CH19-X09,,"validates the ""material adequacy"" element of the soil — the ACE study is the strongest available epidemiological evidence that chronic material/household instability produces measurable, cumulative, dose-dependent health costs, which supports treating material stability as a biological precondition rather than a lifestyle preference.",,"section=Six Elements, and No Single One Is Enough; paragraph=4; section_index=3; draft_version=Draft 1.2 — Direct address conversion (second person) 2026-08-30; draft_date=2026-08-22",the footnoted sentence FP-CH19-C004 cites the same source; unreviewed,,FP-CH19-C004
FP-CH20-C001,FP-CH20,overview-core-claim,"Choice does not return through insight. It returns through repeated experience of choosing, inside conditions the body can tolerate. The reader rebuilds the choosing muscle through a small-to-medium-to-large progression, the same way mastery experience builds self-efficacy: each completed choice becomes evidence the nervous system uses to evaluate the next one.",synthesis,Overview › Core Claim: the chapter's own statement of its argument,load-bearing,the chapter's core claim by definition,argued,Supported by the chapter's reasoning and the sourced claims listed beneath it; not separately cited. 1 source(s) sit beneath it in this chapter.,unreviewed,FP-S0114,,FP-CH20-X01 | FP-CH20-X02 | FP-CH20-X03 | FP-CH20-X04 | FP-CH20-X05 | FP-CH20-X06 | FP-CH20-X07,"Self-efficacy theory describes belief in one's capability to execute a task, which is a narrower claim than the chapter's broader concept of ""choice"" as reclaimed agency — Bandura's model doesn't itself address trauma-specific barriers to choosing (e.g., dissociation, override patterns from Ch15/17/18)",,,note=Chapter-level claim from the Overview,Overview file,choice | nervous-system,
FP-CH20-C002,FP-CH20,draft-sentence,"Of the four sources of your confidence in your own capability, the direct memory of having succeeded before outranks the other three, beating encouragement, observation of another person's success, and whatever emotional state you are in.",fact,cites a source the Research Map lists under Empirical Claims,supporting,a sourced sentence inside the chapter's argument; importance not yet reviewed,cited,A footnote sits on this sentence in the current draft.,unreviewed,FP-S0114,,,,"validates the chapter's entire small-to-medium-to-large choice architecture. Bandura's finding that mastery experience is the single strongest of the four sources of self-efficacy — stronger than encouragement, observation, or emotional state — is precisely the mechanism the chapter describes without naming it: small choices accumulate into the ""capacity for larger choices later.""",,"section=The Decisions Already Made on Autopilot; paragraph=7; section_index=3; draft_version=Draft 1.3 — Plain-language recheck, concrete grounding added, 2026-09-01; draft_date=2026-08-22",footnote position in the draft,,FP-CH20-C003
FP-CH20-C003,FP-CH20,research-map,"Choice/agency is rebuilt through repeated mastery experience (successful small actions), not through insight, and accumulated small successes predict willingness to attempt larger ones",fact,listed under 'Empirical Claims → Sources' in the Research Map,load-bearing,the Research Map's Use or Status text calls this the chapter's central or grounding claim,mapped,"The Research Map links this claim to a source bucket, and that source is cited inline in the draft (see related claim).",unreviewed,FP-S0114,,,,"validates the chapter's entire small-to-medium-to-large choice architecture. Bandura's finding that mastery experience is the single strongest of the four sources of self-efficacy — stronger than encouragement, observation, or emotional state — is precisely the mechanism the chapter describes without naming it: small choices accumulate into the ""capacity for larger choices later.""",,"section=The Decisions Already Made on Autopilot; paragraph=7; section_index=3; draft_version=Draft 1.3 — Plain-language recheck, concrete grounding added, 2026-09-01; draft_date=2026-08-22",the footnoted sentence FP-CH20-C002 cites the same source; unreviewed,choice,FP-CH20-C002
FP-CH21-C001,FP-CH21,overview-core-claim,"Self-trust is the felt certainty that a person will honor their own signal, even when the signal is inconvenient, unwelcome, or expensive. It is distinct from confidence (certainty of success) and self-esteem (a sense of being acceptable). Self-trust gets built the same way it gets damaged: through repetition, not insight. A reader accumulates it by honoring small signals, registering that they did not abandon the signal, and letting the body add the evidence to the file.",synthesis,Overview › Core Claim: the chapter's own statement of its argument,load-bearing,the chapter's core claim by definition,argued,Supported by the chapter's reasoning and the sourced claims listed beneath it; not separately cited. 3 source(s) sit beneath it in this chapter.,unreviewed,FP-S0115 | FP-S0116 | FP-S0117,,FP-CH21-X01 | FP-CH21-X02 | FP-CH21-X03 | FP-CH21-X04 | FP-CH21-X05 | FP-CH21-X06 | FP-CH21-X07 | FP-CH21-X08,"Framing self-trust as the ""spine"" that Parts IV, V, and VI depend on risks implying that governance, discernment, and contribution are unavailable to a reader who has not yet achieved durable self-trust — which could read as gatekeeping given how slow and nonlinear the chapter itself says the work is",,,note=Chapter-level claim from the Overview,Overview file,self-trust | intellectual-humility | community-trust,
FP-CH21-C002,FP-CH21,draft-sentence,"A person living inside survival adaptations cannot answer that second question, because they have spent years overriding their own preferences, choices, and signals, and the overriding was intelligent inside the conditions that required it.",unverified,footnoted sentence; type not yet assigned (the Research Map does not list it as an empirical claim),supporting,a sourced sentence inside the chapter's argument; importance not yet reviewed,cited,A footnote sits on this sentence in the current draft.,unreviewed,FP-S0115,,FP-CH21-X03 | FP-CH21-X04,,"Research building on Martin Seligman's original learned helplessness paradigm has since identified the reverse process, learned controllability, in which repeated experiences of effective action retrain a system that has generalized helplessness. See ""Editorial: From Learned Helplessness to Learned Controllability,"" Frontiers in Behavioral Neuroscience (2025). Cross-referenced from Chapter 15. The chapter's account of self-trust as something rebuilt through repeated honored signals mirrors this shift from helplessness to controllability at the level of lived experience.",,"section=A Person Reads the Same Record Twice; paragraph=3; section_index=2; draft_version=Draft 1.3 — Plain-language recheck, one concrete grounding added 2026-09-01; draft_date=2026-08-23",footnote position in the draft,survival,
FP-CH21-C003,FP-CH21,draft-sentence,"On one occasion, under no pressure, this person did not abandon their own signal.",unverified,footnoted sentence; type not yet assigned (the Research Map does not list it as an empirical claim),supporting,a sourced sentence inside the chapter's argument; importance not yet reviewed,cited,A footnote sits on this sentence in the current draft.,unreviewed,FP-S0116,,,,"Albert Bandura, ""Self-Efficacy: Toward a Unifying Theory of Behavioral Change,"" Psychological Review 84, no. 2 (1977): 191-215. Cross-referenced from Chapter 20. Mastery experience, the accumulated memory of having acted effectively before, is Bandura's strongest predictor of a person's willingness to act again under uncertainty, which is the mechanism this chapter describes as a record of honored signals a person accumulates.",,"section=Each Rung Proves Something Different About the Person; paragraph=1; section_index=5; draft_version=Draft 1.3 — Plain-language recheck, one concrete grounding added 2026-09-01; draft_date=2026-08-23",footnote position in the draft,,
FP-CH21-C004,FP-CH21,research-map,"Self-trust is rebuilt through repeated experience of honoring one's own signal, analogous to the reversal of learned helplessness into learned controllability",fact,listed under 'Empirical Claims → Sources' in the Research Map,load-bearing,the Research Map's Use or Status text calls this the chapter's central or grounding claim,mapped,The Research Map links this claim to a source bucket; the source is not cited inline in the current draft.,unreviewed,FP-S0117,,FP-CH21-X06,,"validates the chapter's core claim that self-trust ""does not arrive whole"" but ""accumulates through honored signals across months and years"" — this is a direct, non-technical description of the learned-helplessness-to-learned-controllability shift, closing the loop the book opened in Chapter 15's theft-of-agency mechanisms.",,,,self-trust | community-trust,
FP-CH21-C005,FP-CH21,research-map,Accumulated successful action (mastery experience) predicts willingness to act again under uncertainty,fact,listed under 'Empirical Claims → Sources' in the Research Map,supporting,listed under Empirical Claims in the Research Map; importance not yet reviewed,mapped-cross-chapter,"The Research Map points to sources documented in CH20: (2) Bandura, self-efficacy (cross-ref CH20) Resolved to FP-S0114.",unreviewed,FP-S0114,,,,"the chapter's ""body adds the evidence to the file"" language is the same mechanism as Bandura's mastery-experience source of self-efficacy, applied here specifically to signal-trust rather than task-completion.",,,,action,
FP-CH22-C001,FP-CH22,overview-core-claim,"Reclaimed agency without structure returns to the conditions the reclamation was meant to address. Governance is the intentional organization of decisions, resources, relationships, boundaries, responsibilities, and commitments in service of the future the person has chosen, and it is what allows agency to be sustained rather than dissolving back into reactivity.",synthesis,Overview › Core Claim: the chapter's own statement of its argument,load-bearing,the chapter's core claim by definition,argued,Supported by the chapter's reasoning and the sourced claims listed beneath it; not separately cited. 2 source(s) sit beneath it in this chapter.,unreviewed,FP-S0118 | FP-S0119,,FP-CH22-X01 | FP-CH22-X02 | FP-CH22-X03 | FP-CH22-X04 | FP-CH22-X05 | FP-CH22-X06 | FP-CH22-X07 | FP-CH22-X08,Ego depletion's original experimental findings have faced significant replication challenges in the 2010s replication crisis,,,note=Chapter-level claim from the Overview,Overview file,self-trust | access | governance-creates-space,
FP-CH22-C002,FP-CH22,draft-sentence,"As demands pile up across a day, you also decide measurably worse, so the reactive choice tends to get made at the hour you have the least left to make it with.",unverified,footnoted sentence; type not yet assigned (the Research Map does not list it as an empirical claim),supporting,a sourced sentence inside the chapter's argument; importance not yet reviewed,cited,A footnote sits on this sentence in the current draft.,unreviewed,FP-S0118,,FP-CH22-X01,Ego depletion's original experimental findings have faced significant replication challenges in the 2010s replication crisis,"Roy F. Baumeister et al., ""Ego Depletion: Is the Active Self a Limited Resource?"" Journal of Personality and Social Psychology 74, no. 5 (1998): 1252-1265. Baumeister's strength model of self-control treats willpower and decision-making capacity as a finite, consumable resource that degrades with use across a day, producing measurably worse decisions as the resource depletes. Later replication challenges have refined but not eliminated the broader decision-fatigue phenomenon this chapter's ""response paralysis"" failure describes.","required a calibrating note in the citation itself rather than a chapter-text change. Adjustment made: the footnote explicitly flags that ""later replication challenges have refined but not eliminated the broader decision-fatigue phenomenon,"" so the citation doesn't overclaim a settled mechanism.",section=Where an Ungoverned Life Loses Ground; paragraph=6; section_index=5; draft_version=Draft 1.1 — Direct address conversion (second person) 2026-08-30; draft_date=2026-08-30,footnote position in the draft,choice | reactive-choosing,
FP-CH22-C003,FP-CH22,research-map,"Decision-making capacity is a finite resource that degrades across repeated use, producing ""response paralysis"" and worse decisions later in a sequence",fact,listed under 'Empirical Claims → Sources' in the Research Map,supporting,listed under Empirical Claims in the Research Map; importance not yet reviewed,mapped,The Research Map links this claim to a source bucket; the source is not cited inline in the current draft.,unreviewed,FP-S0119,,FP-CH22-X01 | FP-CH22-X02 | FP-CH22-X04 | FP-CH22-X06,Ego depletion's original experimental findings have faced significant replication challenges in the 2010s replication crisis,"validates the chapter's fifth governance failure, ""response paralysis,"" as a predictable resource-depletion phenomenon rather than a character flaw — directly supporting the chapter's larger claim that all five failures are ""structural rather than personal.""","required a calibrating note in the citation itself rather than a chapter-text change. Adjustment made: the footnote explicitly flags that ""later replication challenges have refined but not eliminated the broader decision-fatigue phenomenon,"" so the citation doesn't overclaim a settled mechanism.",,,capacity | five-stage-sequence,
FP-CH23-C001,FP-CH23,overview-core-claim,"The reader operates four roles inside the enterprise that is their life: owner, CEO, employee, and beneficiary. The roles are not four people and not a metaphor for corporate life. They are functional distinctions, each asking a different question, and a regulated person consults the right role for the right decision instead of collapsing all four into one.",synthesis,Overview › Core Claim: the chapter's own statement of its argument,load-bearing,the chapter's core claim by definition,argued,Supported by the chapter's reasoning and the sourced claims listed beneath it; not separately cited. 1 source(s) sit beneath it in this chapter.,unreviewed,FP-S0120,,FP-CH23-X01 | FP-CH23-X02 | FP-CH23-X03 | FP-CH23-X04 | FP-CH23-X05 | FP-CH23-X06 | FP-CH23-X07,"Principal-agent theory was developed to explain conflicts of interest between genuinely different parties (shareholders and managers) with different information and incentives — applying it to a single person's internal roles is a metaphorical extension, not a literal application",,,note=Chapter-level claim from the Overview,Overview file,nervous-system | human-enterprise | ceo-of-self,
FP-CH23-C002,FP-CH23,draft-sentence,"The two know different things and answer to different pressures, and handing it over costs the firm real money even when both parties want the same outcome.",fact,cites a source the Research Map lists under Empirical Claims,supporting,a sourced sentence inside the chapter's argument; importance not yet reviewed,cited,A footnote sits on this sentence in the current draft.,unreviewed,FP-S0120,,FP-CH23-X03,,"validates the structural logic underneath the entire CEO of Self concept — that delegating authority (even to oneself, across roles) creates real potential for misalignment, not just a metaphor. This grounds the chapter's claim that the four roles ""can drift"" from each other in established organizational economics rather than treating it as pure analogy.",,section=Four Functions Inside One Person; paragraph=6; section_index=3; draft_version=Draft 1.2 — Direct address conversion (second person) 2026-08-30; draft_date=2026-08-23,footnote position in the draft,,FP-CH23-C003
FP-CH23-C003,FP-CH23,research-map,"A single entity acting in multiple functional roles (owner, executor, worker, beneficiary) can experience misalignment between those roles even without external conflict, because of structural information and interest asymmetries between the roles",fact,listed under 'Empirical Claims → Sources' in the Research Map,supporting,listed under Empirical Claims in the Research Map; importance not yet reviewed,mapped,"The Research Map links this claim to a source bucket, and that source is cited inline in the draft (see related claim).",unreviewed,FP-S0120,,FP-CH23-X01 | FP-CH23-X02 | FP-CH23-X03 | FP-CH23-X04 | FP-CH23-X05 | FP-CH23-X06,"Principal-agent theory was developed to explain conflicts of interest between genuinely different parties (shareholders and managers) with different information and incentives — applying it to a single person's internal roles is a metaphorical extension, not a literal application","validates the structural logic underneath the entire CEO of Self concept — that delegating authority (even to oneself, across roles) creates real potential for misalignment, not just a metaphor. This grounds the chapter's claim that the four roles ""can drift"" from each other in established organizational economics rather than treating it as pure analogy.","the chapter already handles the risk of over-corporatizing the self directly and at length in its opening section (""A Phrase That Can Be Misread""), explicitly rejecting the reading that would treat the person as literally a corporation. The citation is used carefully in the footnote to name it as providing the ""structural relationship"" logic, not claiming literal agency-theory application. No further adjustment needed.",section=Four Functions Inside One Person; paragraph=6; section_index=3; draft_version=Draft 1.2 — Direct address conversion (second person) 2026-08-30; draft_date=2026-08-23,the footnoted sentence FP-CH23-C002 cites the same source; unreviewed,ceo-of-self,FP-CH23-C002
FP-CH24-C001,FP-CH24,overview-core-claim,"Wealth is what the perceiver experiences as sacred and abundant, not only what a bank statement records. The Human Enterprise framework names seven forms of capital, financial, time, attention, health, relational, knowledge, and reputational, that interact, convert into each other at real and often unfavorable rates, and each require distinct management practices. An enterprise that manages only the financial form fails in the other six.",synthesis,Overview › Core Claim: the chapter's own statement of its argument,load-bearing,the chapter's core claim by definition,argued,Supported by the chapter's reasoning and the sourced claims listed beneath it; not separately cited. 2 source(s) sit beneath it in this chapter.,unreviewed,FP-S0121 | FP-S0122,,FP-CH24-X01 | FP-CH24-X02 | FP-CH24-X03 | FP-CH24-X04 | FP-CH24-X05 | FP-CH24-X06 | FP-CH24-X07 | FP-CH24-X08,"Bourdieu's framework was built to explain class reproduction across a society (how privilege perpetuates itself across generations), not individual personal-finance-style management — applying it to one person's governance practice changes its purpose substantially",,,note=Chapter-level claim from the Overview,Overview file,human-enterprise | personal-capital,
FP-CH24-C002,FP-CH24,draft-sentence,"Pierre Bourdieu established that capital operates in more forms than the economic one, that each form converts into the others at real and usually unfavorable rates, and that each requires its own strategy to build.",fact,cites a source the Research Map lists under Empirical Claims,supporting,a sourced sentence inside the chapter's argument; importance not yet reviewed,cited,A footnote sits on this sentence in the current draft.,unreviewed,FP-S0121,,FP-CH24-X03 | FP-CH24-X04 | FP-CH24-X05 | FP-CH24-X06 | FP-CH24-X07,,"validates the chapter's foundational claim that ""wealth is what the perceiver experiences as sacred and abundant"" and is not reducible to money. Bourdieu's economic/cultural/social distinction, and his account of unfavorable conversion rates between capital forms, directly supports the chapter's ""How the Forms Interact"" section on lossy conversions between capitals.",,section=The Inventory With One Line On It; paragraph=4; section_index=2; draft_version=Draft 1.6 — Corrected epigraph attribution to Lord Chesterfield 2026-09-02; draft_date=2026-08-23,footnote position in the draft,personal-capital,FP-CH24-C004
FP-CH24-C003,FP-CH24,draft-sentence,"Past a certain depth of depletion that trade stops paying at all, and rebuilding takes longer and costs more than the sprint it paid for was ever worth.",unverified,footnoted sentence; type not yet assigned (the Research Map does not list it as an empirical claim),supporting,a sourced sentence inside the chapter's argument; importance not yet reviewed,cited,A footnote sits on this sentence in the current draft.,unreviewed,FP-S0122,,,,"Bruce S. McEwen, ""Protective and Damaging Effects of Stress Mediators,"" New England Journal of Medicine 338, no. 3 (1998): 171–179. McEwen's foundational allostatic-load paper establishes that the physiological systems mobilized under stress (cortisol, the sympathetic nervous system, and related mediators) are protective and adaptive in the short run, but that repeated or chronic activation without adequate recovery produces cumulative wear, allostatic load, that raises the risk of cardiovascular disease, metabolic dysfunction, and impaired immune and cognitive function. The rebuild-costs-more-than-the-sprint-paid-for claim in this chapter is the operational, single-person version of that finding: depletion past a given depth does not simply reverse when the demand ends, it requires a longer and more costly recovery than the output gained.",,section=The Seven the Enterprise Runs On; paragraph=6; section_index=3; draft_version=Draft 1.6 — Corrected epigraph attribution to Lord Chesterfield 2026-09-02; draft_date=2026-08-23,footnote position in the draft,,
FP-CH24-C004,FP-CH24,research-map,"Wealth/capital is plural — economic capital is only one form, and other forms (cultural, social, and by extension time, attention, health, reputation) function as real, manageable, convertible assets",fact,listed under 'Empirical Claims → Sources' in the Research Map,load-bearing,the Research Map's Use or Status text calls this the chapter's central or grounding claim,mapped,"The Research Map links this claim to a source bucket, and that source is cited inline in the draft (see related claim).",unreviewed,FP-S0121,,FP-CH24-X02 | FP-CH24-X03 | FP-CH24-X04 | FP-CH24-X05 | FP-CH24-X07 | FP-CH24-X08,"The chapter's seven forms (financial, time, attention, health, relational, knowledge, reputational) go well beyond Bourdieu's original three (economic, cultural, social) — the extension is the Founded Project's own, not Bourdieu's","validates the chapter's foundational claim that ""wealth is what the perceiver experiences as sacred and abundant"" and is not reducible to money. Bourdieu's economic/cultural/social distinction, and his account of unfavorable conversion rates between capital forms, directly supports the chapter's ""How the Forms Interact"" section on lossy conversions between capitals.","no adjustment needed. The chapter is honest about this extension, explicitly noting other frameworks name additional forms (creative, spiritual, civic, generational capital) and that ""the seven forms above are the operational minimum,"" not a claim that Bourdieu himself proposed exactly these seven.",section=The Seven the Enterprise Runs On; paragraph=2; section_index=3; draft_version=Draft 1.6 — Corrected epigraph attribution to Lord Chesterfield 2026-09-02; draft_date=2026-08-23,keyword match to a draft paragraph (6 shared terms); unreviewed,personal-capital | honest-accounting,FP-CH24-C002
FP-CH25-C001,FP-CH25,overview-core-claim,"A regulated enterprise knows what it owns and what it owes. Most adults cannot describe their own enterprise with comparable accuracy, financially or otherwise, and honest accounting across all seven capital forms is the foundation the governance work in the rest of Part IV depends on.",synthesis,Overview › Core Claim: the chapter's own statement of its argument,load-bearing,the chapter's core claim by definition,argued,Supported by the chapter's reasoning and the sourced claims listed beneath it; not separately cited. 1 source(s) sit beneath it in this chapter.,unreviewed,FP-S0123,,FP-CH25-X01 | FP-CH25-X02 | FP-CH25-X03 | FP-CH25-X04 | FP-CH25-X05 | FP-CH25-X06 | FP-CH25-X07 | FP-CH25-X08,"The ostrich effect research is specifically about checking-frequency behavior (how often people look at brokerage accounts or bet statuses), which is a narrower claim than the chapter's broader assertion that people ""cannot describe their own enterprise with comparable accuracy"" across all seven capital forms",,,note=Chapter-level claim from the Overview,Overview file,nervous-system | human-enterprise | personal-capital | honest-accounting | governance-creates-space,
FP-CH25-C002,FP-CH25,draft-sentence,"Karlsson, Loewenstein, and Seppi named this the ostrich effect, and their finding is precise about the cause.",fact,cites a source the Research Map lists under Empirical Claims,supporting,a sourced sentence inside the chapter's argument; importance not yet reviewed,cited,A footnote sits on this sentence in the current draft.,unreviewed,FP-S0123,,,,"validates the chapter's opening claim that ""the financial liabilities are partly known, often less accurately than the assets,"" giving that observation an empirical basis (documented avoidance behavior around negative financial information) rather than leaving it as an unsupported generalization about adults.",,section=The Account Wrong in Two Directions; paragraph=2; section_index=2; draft_version=Draft 1.2 — Voice rewrite 2026-08-23; plain-language sweep 2026-08-24; structural voice rewrite 2026-08-28; direct address conversion (second person) 2026-08-30; plain-abstraction recheck 2026-09-01; draft_date=2026-08-23,footnote position in the draft,,FP-CH25-C003
FP-CH25-C003,FP-CH25,research-map,"People systematically avoid checking or acknowledging negative financial information, producing distorted or incomplete self-knowledge of their own liabilities",fact,listed under 'Empirical Claims → Sources' in the Research Map,supporting,listed under Empirical Claims in the Research Map; importance not yet reviewed,mapped,"The Research Map links this claim to a source bucket, and that source is cited inline in the draft (see related claim).",unreviewed,FP-S0123,,FP-CH25-X04,,"validates the chapter's opening claim that ""the financial liabilities are partly known, often less accurately than the assets,"" giving that observation an empirical basis (documented avoidance behavior around negative financial information) rather than leaving it as an unsupported generalization about adults.",,section=The Account Wrong in Two Directions; paragraph=2; section_index=2; draft_version=Draft 1.2 — Voice rewrite 2026-08-23; plain-language sweep 2026-08-24; structural voice rewrite 2026-08-28; direct address conversion (second person) 2026-08-30; plain-abstraction recheck 2026-09-01; draft_date=2026-08-23,the footnoted sentence FP-CH25-C002 cites the same source; unreviewed,honest-accounting,FP-CH25-C002
FP-CH26-C001,FP-CH26,overview-core-claim,"No person should make large decisions without counsel, because a decision made entirely inside one person's own perspective reproduces that perspective's blind spots, inherited biases, and unexamined cultural training. A personal board, deliberately assembled and consulted, gives decisions a wider field to be made inside.",synthesis,Overview › Core Claim: the chapter's own statement of its argument,load-bearing,the chapter's core claim by definition,argued,Supported by the chapter's reasoning and the sourced claims listed beneath it; not separately cited. 1 source(s) sit beneath it in this chapter.,unreviewed,FP-S0124,,FP-CH26-X01 | FP-CH26-X02 | FP-CH26-X03 | FP-CH26-X04 | FP-CH26-X05 | FP-CH26-X06 | FP-CH26-X07 | FP-CH26-X08,"Kahneman's research is about organizational and professional judgment (underwriters, judges, forecasters), not personal life-advice relationships — the chapter's application to a five-role personal board (elder, technical advisor, peer challenger, cultural translator, soul friend) extends the finding into an interpersonal domain the research didn't directly study",,,note=Chapter-level claim from the Overview,Overview file,personal-board,
FP-CH26-C002,FP-CH26,draft-sentence,Independent judgment gathered from several different people reduces the unwanted variation in a decision in a way no amount of thinking alone can match.,fact,cites a source the Research Map lists under Empirical Claims,supporting,a sourced sentence inside the chapter's argument; importance not yet reviewed,cited,A footnote sits on this sentence in the current draft.,unreviewed,FP-S0124,,FP-CH26-X05,,"validates the chapter's central claim that ""a person with counsel makes decisions inside a wider field"" and that counsel can see blind spots the person structurally cannot see alone. This is precisely Kahneman's ""decision hygiene"" finding: independent judgment from a diverse set of advisors reduces noise in a way that no amount of individual reflection can replicate.",,section=The Limit of Self-Report; paragraph=4; section_index=2; draft_version=Draft 1.3 — Plain-language recheck (one abstraction seam fixed) 2026-09-01; draft_date=2026-08-30,footnote position in the draft,,FP-CH26-C003
FP-CH26-C003,FP-CH26,research-map,"Independent, diverse counsel measurably reduces the blind spots and unwanted variability of solitary judgment",fact,listed under 'Empirical Claims → Sources' in the Research Map,load-bearing,the Research Map's Use or Status text calls this the chapter's central or grounding claim,mapped,"The Research Map links this claim to a source bucket, and that source is cited inline in the draft (see related claim).",unreviewed,FP-S0124,,FP-CH26-X02 | FP-CH26-X05,"A poorly assembled board (all similar in background, all conflict-avoidant, all financially dependent on the person) could produce the appearance of diverse counsel while actually reproducing the same blind spots — homogeneity risk","validates the chapter's central claim that ""a person with counsel makes decisions inside a wider field"" and that counsel can see blind spots the person structurally cannot see alone. This is precisely Kahneman's ""decision hygiene"" finding: independent judgment from a diverse set of advisors reduces noise in a way that no amount of individual reflection can replicate.","the chapter already partially addresses this through the ""cultural translator"" role, which is explicitly designed to cross identity distance the person's other counsel doesn't have access to. No further adjustment needed, though Stephen may want to make the homogeneity risk more explicit in a future revision.",section=The Limit of Self-Report; paragraph=4; section_index=2; draft_version=Draft 1.3 — Plain-language recheck (one abstraction seam fixed) 2026-09-01; draft_date=2026-08-30,keyword match to a draft paragraph (4 shared terms); unreviewed,personal-board,FP-CH26-C002
FP-CH27-C001,FP-CH27,overview-core-claim,"Access is the capacity to interrupt the reader's life. Intimacy is the depth of the connection. The two are not the same, and they often run in opposite directions: the person with unlimited access may not be known well, and the person known most deeply may keep access at deliberate intervals precisely because the relationship does not need constant maintenance to stay strong.",synthesis,Overview › Core Claim: the chapter's own statement of its argument,load-bearing,the chapter's core claim by definition,argued,Supported by the chapter's reasoning and the sourced claims listed beneath it; not separately cited. 1 source(s) sit beneath it in this chapter.,unreviewed,FP-S0125,,FP-CH27-X01 | FP-CH27-X02 | FP-CH27-X03 | FP-CH27-X04 | FP-CH27-X05 | FP-CH27-X06 | FP-CH27-X07 | FP-CH27-X08,Dunbar's numbers are descriptive (this is roughly how relationships naturally distribute) while the chapter's access levels are prescriptive (assign relationships deliberately) — the chapter risks implying Dunbar's research validates a specific management practice it doesn't directly address,,,note=Chapter-level claim from the Overview,Overview file,capacity | access,
FP-CH27-C002,FP-CH27,draft-sentence,"Part IV has asked you to examine several allocations, and this is the one you made by default instead of on purpose.",fact,cites a source the Research Map lists under Empirical Claims,supporting,a sourced sentence inside the chapter's argument; importance not yet reviewed,cited,A footnote sits on this sentence in the current draft.,unreviewed,FP-S0125,,FP-CH27-X01 | FP-CH27-X02,Dunbar's numbers are descriptive (this is roughly how relationships naturally distribute) while the chapter's access levels are prescriptive (assign relationships deliberately) — the chapter risks implying Dunbar's research validates a specific management practice it doesn't directly address,validates the chapter's central structural claim — that relational capacity is finite and naturally organizes into layers of decreasing intimacy — which the chapter's five access levels operationalize into a deliberate decision framework rather than leaving as an unconscious default.,"the footnote already handles this distinction explicitly: ""the chapter's five access levels are a functional, decision-oriented version of Dunbar's descriptive layers."" No further adjustment needed — the citation is framed as inspiration/parallel structure, not as direct empirical validation of the prescriptive framework.",section=The Two Variables Most Adults Run as One; paragraph=4; section_index=2; draft_version=Draft 1.1 — Direct address conversion (second person) 2026-08-30; draft_date=2026-08-23,footnote position in the draft,,FP-CH27-C003
FP-CH27-C003,FP-CH27,research-map,"Relationships naturally organize into nested layers of decreasing intimacy and increasing size, and the capacity for deep relationship at any given layer is finite",fact,listed under 'Empirical Claims → Sources' in the Research Map,load-bearing,the Research Map's Use or Status text calls this the chapter's central or grounding claim,mapped,"The Research Map links this claim to a source bucket, and that source is cited inline in the draft (see related claim).",unreviewed,FP-S0125,,FP-CH27-X01 | FP-CH27-X02,Dunbar's numbers are descriptive (this is roughly how relationships naturally distribute) while the chapter's access levels are prescriptive (assign relationships deliberately) — the chapter risks implying Dunbar's research validates a specific management practice it doesn't directly address,validates the chapter's central structural claim — that relational capacity is finite and naturally organizes into layers of decreasing intimacy — which the chapter's five access levels operationalize into a deliberate decision framework rather than leaving as an unconscious default.,"the footnote already handles this distinction explicitly: ""the chapter's five access levels are a functional, decision-oriented version of Dunbar's descriptive layers."" No further adjustment needed — the citation is framed as inspiration/parallel structure, not as direct empirical validation of the prescriptive framework.",section=The Two Variables Most Adults Run as One; paragraph=4; section_index=2; draft_version=Draft 1.1 — Direct address conversion (second person) 2026-08-30; draft_date=2026-08-23,the footnoted sentence FP-CH27-C002 cites the same source; unreviewed,capacity | access,FP-CH27-C002
FP-CH28-C001,FP-CH28,overview-core-claim,"The values a reader states on a quiet afternoon are not the values that govern the reader's decisions under stress. Robust values get built deliberately, through four practices, not discovered by producing a better list.",synthesis,Overview › Core Claim: the chapter's own statement of its argument,load-bearing,the chapter's core claim by definition,argued,Supported by the chapter's reasoning and the sourced claims listed beneath it; not separately cited. 1 source(s) sit beneath it in this chapter.,unreviewed,FP-S0126,,FP-CH28-X01 | FP-CH28-X02 | FP-CH28-X03 | FP-CH28-X04 | FP-CH28-X05 | FP-CH28-X06 | FP-CH28-X07 | FP-CH28-X08,"The hot-cold empathy gap research is primarily about predicting one's own future behavior under different visceral states (hunger, pain, arousal) — the chapter extends it to values under general life stress (deadlines, overwhelm, conflict), which is a broader and less visceral category of ""hot"" state than the original research's focus",,,note=Chapter-level claim from the Overview,Overview file,values-under-stress,
FP-CH28-C002,FP-CH28,draft-sentence,George Loewenstein's work on the hot-cold empathy gap explains why you could not have run this test in advance.,fact,cites a source the Research Map lists under Empirical Claims,supporting,a sourced sentence inside the chapter's argument; importance not yet reviewed,cited,A footnote sits on this sentence in the current draft.,unreviewed,FP-S0126,,FP-CH28-X06,,"validates the chapter's core diagnostic claim — that the values a reader states ""on a quiet Sunday afternoon"" are not the values that govern decisions ""when the reader is tired, scared, rushed, overwhelmed."" This is a well-documented psychological mechanism (the hot-cold empathy gap), not merely an observation about willpower or moral inconsistency.",,section=The Test the Calm Self Cannot Run; paragraph=2; section_index=3; draft_version=Draft 1.2 — Plain-language recheck (CH01 reader test) 2026-09-01; draft_date=2026-09-01,footnote position in the draft,values-under-stress,FP-CH28-C003
FP-CH28-C003,FP-CH28,research-map,"People in a calm state systematically cannot predict how a stressed/aroused state will change their preferences and behavior, which explains the gap between stated values and operational values",fact,listed under 'Empirical Claims → Sources' in the Research Map,load-bearing,the Research Map's Use or Status text calls this the chapter's central or grounding claim,mapped,"The Research Map links this claim to a source bucket, and that source is cited inline in the draft (see related claim).",unreviewed,FP-S0126,,FP-CH28-X01 | FP-CH28-X06,"The hot-cold empathy gap research is primarily about predicting one's own future behavior under different visceral states (hunger, pain, arousal) — the chapter extends it to values under general life stress (deadlines, overwhelm, conflict), which is a broader and less visceral category of ""hot"" state than the original research's focus","validates the chapter's core diagnostic claim — that the values a reader states ""on a quiet Sunday afternoon"" are not the values that govern decisions ""when the reader is tired, scared, rushed, overwhelmed."" This is a well-documented psychological mechanism (the hot-cold empathy gap), not merely an observation about willpower or moral inconsistency.","no adjustment needed. The underlying mechanism (cold-state prediction failing to anticipate hot-state behavior) generalizes reasonably to stress broadly, and the chapter's claim is about the general phenomenon rather than a specific visceral trigger. The extension is consistent with how the concept has been applied in subsequent literature beyond Loewenstein's original medical-decision context.",section=The Test the Calm Self Cannot Run; paragraph=2; section_index=3; draft_version=Draft 1.2 — Plain-language recheck (CH01 reader test) 2026-09-01; draft_date=2026-09-01,keyword match to a draft paragraph (9 shared terms); unreviewed,values-under-stress,FP-CH28-C002
FP-CH29-C001,FP-CH29,overview-core-claim,"Functioning institutions make decisions through documented processes, and the reader has been operating without any of it because the cultural template never offered personal bylaws as a category worth building. The decision memo and the personal bylaw are that missing documentation practice at personal scale, and both produce compounding returns once installed.",synthesis,Overview › Core Claim: the chapter's own statement of its argument,load-bearing,the chapter's core claim by definition,argued,Supported by the chapter's reasoning and the sourced claims listed beneath it; not separately cited. 1 source(s) sit beneath it in this chapter.,unreviewed,FP-S0127,,FP-CH29-X01 | FP-CH29-X02 | FP-CH29-X03 | FP-CH29-X04 | FP-CH29-X05 | FP-CH29-X06 | FP-CH29-X07 | FP-CH29-X08,"This is a business-practice citation (documented organizational behavior), not peer-reviewed research — it is validating precedent, not empirical proof that the practice improves decision quality in a measurable, generalizable way",,,note=Chapter-level claim from the Overview,Overview file,bylaws | institutions-power-repair,
FP-CH29-C002,FP-CH29,draft-sentence,A decision memo is a document you write for your own use.,fact,cites a source the Research Map lists under Empirical Claims,supporting,a sourced sentence inside the chapter's argument; importance not yet reviewed,cited,A footnote sits on this sentence in the current draft.,unreviewed,FP-S0127,,FP-CH29-X05,,"validates the chapter's structural claim that ""the memo forces the reader to articulate what the decision actually is, which is often unclear before the writing."" This is a well-documented organizational practice with a specific, quotable rationale (bullet points can hide weak thinking; full narrative prose cannot) that maps directly onto the chapter's decision-memo elements.",,section=Writing the Decision Through Before Making It; paragraph=1; section_index=3; draft_version=Draft 1.1 — Direct address conversion (second person) 2026-08-30; draft_date=2026-08-30,footnote position in the draft,bylaws,FP-CH29-C003
FP-CH29-C003,FP-CH29,research-map,Writing a full narrative account of a decision (rather than bullet points or unstructured deliberation) produces clearer thinking and exposes weak reasoning that would otherwise stay hidden,fact,listed under 'Empirical Claims → Sources' in the Research Map,supporting,listed under Empirical Claims in the Research Map; importance not yet reviewed,mapped,"The Research Map links this claim to a source bucket, and that source is cited inline in the draft (see related claim).",unreviewed,FP-S0127,,FP-CH29-X03 | FP-CH29-X05,,"validates the chapter's structural claim that ""the memo forces the reader to articulate what the decision actually is, which is often unclear before the writing."" This is a well-documented organizational practice with a specific, quotable rationale (bullet points can hide weak thinking; full narrative prose cannot) that maps directly onto the chapter's decision-memo elements.",,section=Writing the Decision Through Before Making It; paragraph=1; section_index=3; draft_version=Draft 1.1 — Direct address conversion (second person) 2026-08-30; draft_date=2026-08-30,the footnoted sentence FP-CH29-C002 cites the same source; unreviewed,,FP-CH29-C002
FP-CH30-C001,FP-CH30,overview-core-claim,"A structure that worked under earlier conditions can fail under new ones without the reader having done anything wrong. When that happens, the reader has two options: hold the structure and watch the enterprise fail, or restructure deliberately while resources, agency, and counsel are still available. Deliberate reorganization is governance. Explosion is not.",synthesis,Overview › Core Claim: the chapter's own statement of its argument,load-bearing,the chapter's core claim by definition,argued,Supported by the chapter's reasoning and the sourced claims listed beneath it; not separately cited. 1 source(s) sit beneath it in this chapter.,unreviewed,FP-S0128,,FP-CH30-X01 | FP-CH30-X02 | FP-CH30-X03 | FP-CH30-X04 | FP-CH30-X05 | FP-CH30-X06 | FP-CH30-X07 | FP-CH30-X08,"Kotter's model was built for large organizations with many stakeholders (companies, institutions) — applying it to a single person's life reorganization (a marriage ending, a career change) changes the unit of analysis substantially, since a person doesn't need to build ""a guiding coalition"" the way a company does",,,note=Chapter-level claim from the Overview,Overview file,human-enterprise | personal-board | collapse-reorganization | governance-creates-space,
FP-CH30-C002,FP-CH30,draft-sentence,"Integration takes longer than execution did, and Kotter's work on organizational change found that transformations fail predictably when leaders declare victory too early or fail to anchor the change in ongoing practice.",fact,cites a source the Research Map lists under Empirical Claims,supporting,a sourced sentence inside the chapter's argument; importance not yet reviewed,cited,A footnote sits on this sentence in the current draft.,unreviewed,FP-S0128,,,,"validates the chapter's five-stage reorganization sequence (assessment, design, sequencing, execution, integration) as consistent with the best-documented model of how deliberate transformation actually succeeds or fails at organizational scale. Kotter's finding that change efforts fail when leaders declare victory too early, without anchoring the change, directly supports the chapter's claim that ""the integration takes longer than the execution itself.""",,"section=You Restructure in Stages Because the Enterprise Has to Keep Running; paragraph=6; section_index=4; draft_version=Draft 1.2 — Plain-language recheck, escape paragraph concrete grounding 2026-09-01; draft_date=2026-09-01",footnote position in the draft,,FP-CH30-C003
FP-CH30-C003,FP-CH30,research-map,"Deliberate, staged organizational transformation follows a predictable sequence, and skipping stages (especially failing to anchor the change once executed) produces predictable transformation failure",fact,listed under 'Empirical Claims → Sources' in the Research Map,load-bearing,the Research Map's Use or Status text calls this the chapter's central or grounding claim,mapped,"The Research Map links this claim to a source bucket, and that source is cited inline in the draft (see related claim).",unreviewed,FP-S0128,,FP-CH30-X04,,"validates the chapter's five-stage reorganization sequence (assessment, design, sequencing, execution, integration) as consistent with the best-documented model of how deliberate transformation actually succeeds or fails at organizational scale. Kotter's finding that change efforts fail when leaders declare victory too early, without anchoring the change, directly supports the chapter's claim that ""the integration takes longer than the execution itself.""",,"section=You Restructure in Stages Because the Enterprise Has to Keep Running; paragraph=6; section_index=4; draft_version=Draft 1.2 — Plain-language recheck, escape paragraph concrete grounding 2026-09-01; draft_date=2026-09-01",keyword match to a draft paragraph (5 shared terms); unreviewed,five-stage-sequence,FP-CH30-C002
FP-CH31-C001,FP-CH31,overview-core-claim,"None of Part IV's individual components is sufficient alone. Integrated, they produce a Human Enterprise that sustains reclaimed agency across years, deploys it deliberately, protects it from extraction, and eventually offers it into family, community, and civic life as contribution. The integrated enterprise can absorb job loss, medical diagnosis, family crisis, and unexpected opportunity in ways the reader's previous, ungoverned arrangement could not.",synthesis,Overview › Core Claim: the chapter's own statement of its argument,load-bearing,the chapter's core claim by definition,argued,Supported by the chapter's reasoning and the sourced claims listed beneath it; not separately cited. 1 source(s) sit beneath it in this chapter.,unreviewed,FP-S0129,,FP-CH31-X01 | FP-CH31-X02 | FP-CH31-X03 | FP-CH31-X04 | FP-CH31-X05 | FP-CH31-X06 | FP-CH31-X07,"The chapter's own examples describe the enterprise absorbing shocks without catastrophic damage (""hard, not catastrophe""), which is closer to Taleb's ""robust"" category (resists stress, stays the same) than his ""antifragile"" category (improves because of stress) — the citation may be reaching for a stronger claim than the chapter's actual examples support",,,note=Chapter-level claim from the Overview,Overview file,self-trust | human-enterprise | civic-agency | contribution-without-self-erasure | family-stewardship | community-trust | extraction | root-and-branch,
FP-CH31-C002,FP-CH31,draft-sentence,The robust resists stress and comes through unchanged. The antifragile improves because of the stress.,fact,cites a source the Research Map lists under Empirical Claims,supporting,a sourced sentence inside the chapter's argument; importance not yet reviewed,cited,A footnote sits on this sentence in the current draft.,unreviewed,FP-S0129,,FP-CH31-X01,"The chapter's own examples describe the enterprise absorbing shocks without catastrophic damage (""hard, not catastrophe""), which is closer to Taleb's ""robust"" category (resists stress, stays the same) than his ""antifragile"" category (improves because of stress) — the citation may be reaching for a stronger claim than the chapter's actual examples support","validates the chapter's closing claim about what ""the integrated enterprise can do that no component can do alone"" — the chapter's examples (job loss, diagnosis, family crisis, opportunity) are all framed as stress the structure absorbs, which is precisely Taleb's antifragile category (distinct from merely fragile or merely robust systems).","this is a genuine tension worth flagging for Stephen rather than silently smoothing over. No text change made this pass — the chapter's examples (job loss ""is hard, not catastrophe"") do read as robustness rather than the stronger antifragile claim (actively improving from the shock). The footnote hedges by cross-referencing CH30's reorganization chapter, where the enterprise can ""sometimes grow stronger through"" stress, which is a closer match to true antifragility. Stephen may want to decide whether Part IV is claiming robustness (survives shocks intact) or antifragility (gets stronger from shocks) — they are different claims, and the manuscript currently gestures at both without fully committing to either.",section=A Hard Year Costs Less When Every Component Is Running; paragraph=6; section_index=5; draft_version=Draft 1.2 — Word-choice fix (durable/durability) 2026-09-01; draft_date=2026-08-30,footnote position in the draft,security-adaptability,FP-CH31-C003
FP-CH31-C003,FP-CH31,research-map,"A well-structured system doesn't merely resist shocks (job loss, diagnosis, family crisis) but can be built to be strengthened by them, rather than simply surviving them",fact,listed under 'Empirical Claims → Sources' in the Research Map,supporting,listed under Empirical Claims in the Research Map; importance not yet reviewed,mapped,"The Research Map links this claim to a source bucket, and that source is cited inline in the draft (see related claim).",unreviewed,FP-S0129,,,,"validates the chapter's closing claim about what ""the integrated enterprise can do that no component can do alone"" — the chapter's examples (job loss, diagnosis, family crisis, opportunity) are all framed as stress the structure absorbs, which is precisely Taleb's antifragile category (distinct from merely fragile or merely robust systems).",,section=A Hard Year Costs Less When Every Component Is Running; paragraph=6; section_index=5; draft_version=Draft 1.2 — Word-choice fix (durable/durability) 2026-09-01; draft_date=2026-08-30,the footnoted sentence FP-CH31-C002 cites the same source; unreviewed,family-stewardship,FP-CH31-C002
FP-CH32-C001,FP-CH32,overview-core-claim,"A theory of Dynamic Balance can be misread as a theory in which every position deserves to be balanced against every other position. That misreading is wrong. Facts are not balanced against assertions, evidence is not balanced against opinion, and documented reality is not balanced against motivated narrative. Truth comes before balance, and balance operates only among positions that have already cleared the truth bar.",synthesis,Overview › Core Claim: the chapter's own statement of its argument,load-bearing,the chapter's core claim by definition,argued,Supported by the chapter's reasoning and the sourced claims listed beneath it; not separately cited. 1 source(s) sit beneath it in this chapter.,unreviewed,FP-S0130,,FP-CH32-X01 | FP-CH32-X02 | FP-CH32-X03 | FP-CH32-X04 | FP-CH32-X05 | FP-CH32-X06 | FP-CH32-X07,"""Trust the consensus"" can be misused by institutions or actors claiming false consensus, or by dismissing legitimate minority scientific positions that later proved correct (continental drift, H. pylori and ulcers)",,,note=Chapter-level claim from the Overview,Overview file,dynamic-balance | truth-before-balance,
FP-CH32-C002,FP-CH32,draft-sentence,"Science is a collective, self-correcting enterprise, verified through peer vetting across a community, which is what makes a consensus a more reliable guide than any single study or any political actor's account of one.",fact,cites a source the Research Map lists under Empirical Claims,supporting,a sourced sentence inside the chapter's argument; importance not yet reviewed,cited,A footnote sits on this sentence in the current draft.,unreviewed,FP-S0130,,,,"validates the chapter's careful two-sided claim about consensus — that the reader should defer to it ""in domains where deference is warranted"" while remaining willing to question it ""supported by the same disciplined methods that produced the consensus."" Oreskes's argument for consensus-as-collective-verification, not consensus-as-authority, is exactly this balance.",,section=The Test a Claim Has to Pass; paragraph=3; section_index=3; draft_version=Draft 1.4 — Plain-language recheck (contested-middle paragraph grounded) 2026-09-01; draft_date=2026-08-31,footnote position in the draft,individual-community | human-enterprise | community-trust,FP-CH32-C003
FP-CH32-C003,FP-CH32,research-map,"Scientific consensus is trustworthy not because scientists are infallible but because science is a collective, self-correcting enterprise verified by peer vetting — making consensus a more reliable guide than individual studies or political rhetoric",fact,listed under 'Empirical Claims → Sources' in the Research Map,supporting,listed under Empirical Claims in the Research Map; importance not yet reviewed,mapped,"The Research Map links this claim to a source bucket, and that source is cited inline in the draft (see related claim).",unreviewed,FP-S0130,,FP-CH32-X02,"The chapter's list of ""documented historical events"" and ""established scientific consensus"" that fall outside legitimate debate (Holocaust, evolution, climate change, vaccines/autism, germ theory) mixes categories of certainty that differ somewhat in their evidentiary structure (historical/testimonial evidence vs. replicated experimental science)","validates the chapter's careful two-sided claim about consensus — that the reader should defer to it ""in domains where deference is warranted"" while remaining willing to question it ""supported by the same disciplined methods that produced the consensus."" Oreskes's argument for consensus-as-collective-verification, not consensus-as-authority, is exactly this balance.","worth noting for Stephen, not a required change. The chapter's underlying principle, that documented reality is not balanced against denial or motivated alternative theories, holds across both categories even though the evidentiary methods differ. No adjustment made.",section=The Test a Claim Has to Pass; paragraph=3; section_index=3; draft_version=Draft 1.4 — Plain-language recheck (contested-middle paragraph grounded) 2026-09-01; draft_date=2026-08-31,keyword match to a draft paragraph (13 shared terms); unreviewed,individual-community | human-enterprise | rhetoric-manipulation,FP-CH32-C002
FP-CH33-C001,FP-CH33,overview-core-claim,"While the reader raised children, paid down a mortgage, built a career, and cared for aging parents, an entire economic sector was constructed around them, one that produces nothing but the capture of human attention at scale, monetized through advertising, data collection, and influence operations. The reader has been paying with attention for at least fifteen years without keeping the books on what the attention is worth.",synthesis,Overview › Core Claim: the chapter's own statement of its argument,load-bearing,the chapter's core claim by definition,argued,Supported by the chapter's reasoning and the sourced claims listed beneath it; not separately cited. 2 source(s) sit beneath it in this chapter.,unreviewed,FP-S0131 | FP-S0132,,FP-CH33-X01 | FP-CH33-X02 | FP-CH33-X03 | FP-CH33-X04 | FP-CH33-X05 | FP-CH33-X06 | FP-CH33-X07 | FP-CH33-X08,"Describing platform engagement mechanics as identical to ""gambling addiction"" is a strong clinical claim — not every engaged user meets diagnostic criteria for behavioral addiction, and conflating heavy use with addiction risks overstating the clinical picture",,,note=Chapter-level claim from the Overview,Overview file,family-stewardship,
FP-CH33-C002,FP-CH33,draft-sentence,"The platform delivers something you find worth the visit, at intervals you cannot predict, and an unpredictable reward keeps a person checking longer, and keeps it up longer, than a reward that arrives on schedule.",unverified,footnoted sentence; type not yet assigned (the Research Map does not list it as an empirical claim),supporting,a sourced sentence inside the chapter's argument; importance not yet reviewed,cited,A footnote sits on this sentence in the current draft.,unreviewed,FP-S0131,,,,"B.F. Skinner and Charles Ferster's research on schedules of reinforcement established that variable-ratio schedules, where reward arrives after an unpredictable number of responses, produce the highest response rate and the strongest resistance to extinction of any reinforcement schedule tested. Skinner himself drew the direct comparison to gambling: a slot machine's unpredictable payout is the same mechanism engineered into a different device. The chapter's claim that intermittent reward is ""the same mechanism that produces gambling addiction"" is not a loose analogy but a description of the identical underlying schedule.",,section=The Engineers Are Paid to Keep You Scrolling; paragraph=2; section_index=3; draft_version=Draft 2.0 — Direct address conversion (second person) 2026-08-30; draft_date=2026-08-30,footnote position in the draft,,
FP-CH33-C003,FP-CH33,research-map,"Unpredictable, intermittent reward produces stronger, more persistent engagement than predictable reward, and is the same mechanism that drives gambling behavior",fact,listed under 'Empirical Claims → Sources' in the Research Map,load-bearing,the Research Map's Use or Status text calls this the chapter's central or grounding claim,mapped,The Research Map links this claim to a source bucket; the source is not cited inline in the current draft.,unreviewed,FP-S0132,,FP-CH33-X02 | FP-CH33-X03 | FP-CH33-X06,"The chapter's five other capture mechanisms (emotional activation, social validation, fear of missing out, friction asymmetry) are not independently cited this pass — only the first (intermittent reward) received a citation","validates the chapter's single most load-bearing mechanism claim — that ""intermittent reward"" is ""the same mechanism that produces gambling addiction,"" not a loose metaphor. This is precise: variable-ratio schedules produce the highest response rate and strongest resistance to extinction of any reinforcement schedule studied, which is the literal engineering behind both slot machines and social platform feeds.","no additional citations added. These mechanisms are widely documented in the broader attention-economy literature (Tristan Harris, Center for Humane Technology, Zuboff's surveillance capitalism work already cross-referenced from Chapters 2 and 4) but are treated here as observational synthesis consistent with the book's established citation density, rather than requiring five separate new citations for one chapter.",section=The Engineers Are Paid to Keep You Scrolling; paragraph=2; section_index=3; draft_version=Draft 2.0 — Direct address conversion (second person) 2026-08-30; draft_date=2026-08-30,keyword match to a draft paragraph (5 shared terms); unreviewed,attention-economy,
FP-CH34-C001,FP-CH34,overview-core-claim,"Rhetoric is the operating system of public life, and a population that was never taught rhetoric cannot evaluate what public actors are doing to them. Rhetoric itself is morally neutral. What separates honest persuasion from manipulation is whether the persuader is transparent about interests and evidence, respectful of the audience's capacity to evaluate, and willing to update the conclusion when the audience produces a better argument.",synthesis,Overview › Core Claim: the chapter's own statement of its argument,load-bearing,the chapter's core claim by definition,argued,Supported by the chapter's reasoning and the sourced claims listed beneath it; not separately cited. 1 source(s) sit beneath it in this chapter.,unreviewed,FP-S0133,,FP-CH34-X01 | FP-CH34-X02 | FP-CH34-X03 | FP-CH34-X04 | FP-CH34-X05 | FP-CH34-X06 | FP-CH34-X07 | FP-CH34-X08 | FP-CH34-X09,"Rawls's public reason applies specifically to constitutional essentials and matters of basic justice in formal political debate — the chapter extends it to everyday persuasion, sales pitches, religious sermons, and personal relationship arguments, which is a broader domain than Rawls's original scope",,,note=Chapter-level claim from the Overview,Overview file,capacity | rhetoric-manipulation,
FP-CH34-C002,FP-CH34,draft-sentence,"The second skill is public reason, which means arguing in public in a way that treats the other people in the argument as able to judge it for themselves.",fact,cites a source the Research Map lists under Empirical Claims,supporting,a sourced sentence inside the chapter's argument; importance not yet reviewed,cited,A footnote sits on this sentence in the current draft.,unreviewed,FP-S0133,,FP-CH34-X01 | FP-CH34-X09,"Rawls's public reason applies specifically to constitutional essentials and matters of basic justice in formal political debate — the chapter extends it to everyday persuasion, sales pitches, religious sermons, and personal relationship arguments, which is a broader domain than Rawls's original scope","validates the chapter's entire ""What Public Reason Requires"" section as continuous with an established, serious tradition in political philosophy rather than an idiosyncratic house rule. The chapter's four premises (facts vs. opinions, disagreement as normal, opponents as reasoning beings, one's own positions as revisable) map closely onto what Rawlsian public reason asks of a citizen engaging political questions across deep disagreement.","no adjustment needed. The chapter cites Rawls specifically in the ""What Public Reason Requires"" section, which is explicitly about public/civic argument, not the earlier manipulation-categories section (appeal to emotion, appeal to identity, etc.), which draws on general persuasion/rhetoric rather than Rawls specifically. The citation is placed correctly and doesn't overextend Rawls's claim beyond its proper domain.",section=You Argue Well Only After Granting Four Premises; paragraph=1; section_index=5; draft_version=Draft 1.1 — Direct address conversion (second person) 2026-08-30; draft_date=2026-08-30,footnote position in the draft,rhetoric-manipulation,FP-CH34-C003
FP-CH34-C003,FP-CH34,research-map,"Public arguments in a pluralistic democracy should be conducted through methods that respect the audience's evaluative capacity, using shared premises rather than premises only some citizens accept",fact,listed under 'Empirical Claims → Sources' in the Research Map,load-bearing,the Research Map's Use or Status text calls this the chapter's central or grounding claim,mapped,"The Research Map links this claim to a source bucket, and that source is cited inline in the draft (see related claim).",unreviewed,FP-S0133,,FP-CH34-X02 | FP-CH34-X04 | FP-CH34-X08,"Rawls's theory has faced substantial critique (from both left and right) for assuming a level of shared ""public"" premises that may not actually exist in a deeply polarized society — critics argue there may be no truly neutral shared ground left to reason from","validates the chapter's entire ""What Public Reason Requires"" section as continuous with an established, serious tradition in political philosophy rather than an idiosyncratic house rule. The chapter's four premises (facts vs. opinions, disagreement as normal, opponents as reasoning beings, one's own positions as revisable) map closely onto what Rawlsian public reason asks of a citizen engaging political questions across deep disagreement.","worth flagging for Stephen. The chapter's own closing paragraphs acknowledge this tension directly (""the current information environment rewards almost none of these premises... the reader who practices public reason inside the current environment is doing work against the structural pressure""), which is consistent with critics' concern while still defending the practice as worthwhile. No adjustment made.",section=You Argue Well Only After Granting Four Premises; paragraph=1; section_index=5; draft_version=Draft 1.1 — Direct address conversion (second person) 2026-08-30; draft_date=2026-08-30,the footnoted sentence FP-CH34-C002 cites the same source; unreviewed,capacity,FP-CH34-C002
FP-CH35-C001,FP-CH35,overview-core-claim,"A small set of six questions, applied consistently rather than mastered as formal argument analysis, produces discernment that compounds with use. The practice does not make the reader smarter; it gives the reader's existing intelligence better access to an information environment engineered to bypass reasoning.",synthesis,Overview › Core Claim: the chapter's own statement of its argument,load-bearing,the chapter's core claim by definition,argued,Supported by the chapter's reasoning and the sourced claims listed beneath it; not separately cited. 1 source(s) sit beneath it in this chapter.,unreviewed,FP-S0134,,FP-CH35-X01 | FP-CH35-X02 | FP-CH35-X03 | FP-CH35-X04 | FP-CH35-X05 | FP-CH35-X06 | FP-CH35-X07 | FP-CH35-X08 | FP-CH35-X09,"The Stony Brook framework is designed for evaluating journalism/news specifically, in an educational setting with instructor support — the chapter's Rhetorical Points practice is self-applied to a much broader range of claims (sales pitches, family accusations, internal narratives) without instructor scaffolding",,,note=Chapter-level claim from the Overview,Overview file,access | practice-of-discernment,
FP-CH35-C002,FP-CH35,draft-sentence,"The practice consists of six questions you put to a single claim, argument, or source.",fact,cites a source the Research Map lists under Empirical Claims,supporting,a sourced sentence inside the chapter's argument; importance not yet reviewed,cited,A footnote sits on this sentence in the current draft.,unreviewed,FP-S0134,,FP-CH35-X01 | FP-CH35-X06,"The Stony Brook framework is designed for evaluating journalism/news specifically, in an educational setting with instructor support — the chapter's Rhetorical Points practice is self-applied to a much broader range of claims (sales pitches, family accusations, internal narratives) without instructor scaffolding","validates the chapter's six-question practice as consistent with an established, tested media-literacy pedagogy rather than an invented framework. The Rhetorical Points six questions (what is claimed, what evidence supports it, who benefits, what emotion is activated, what alternatives exist, what would change the reader's mind) extend the same underlying discipline into a format usable outside a classroom.","no adjustment needed. The chapter is explicit that ""the practice does not require the reader to memorize a taxonomy or to perform formal argument analysis"" and is designed for self-directed daily use — this is a deliberate simplification and broadening of the news-literacy pedagogy for personal practice, not a claim that it replicates the classroom curriculum exactly.","section=You Work Through Six Questions Before Settling a Claim; paragraph=1; section_index=3; draft_version=Draft 1.2 — Plain-language recheck (abstraction-drift fix) 2026-09-01, on top of Draft 1.1's direct-address conversion 2026-08-30; draft_date=2026-08-30",footnote position in the draft,,FP-CH35-C003
FP-CH35-C003,FP-CH35,research-map,"A small, consistently applied set of evaluative questions (distinguishing journalism from opinion, assertion from verification, evidence from inference) builds durable critical-thinking capacity for evaluating claims",fact,listed under 'Empirical Claims → Sources' in the Research Map,supporting,listed under Empirical Claims in the Research Map; importance not yet reviewed,mapped,"The Research Map links this claim to a source bucket, and that source is cited inline in the draft (see related claim).",unreviewed,FP-S0134,,FP-CH35-X01,"The Stony Brook framework is designed for evaluating journalism/news specifically, in an educational setting with instructor support — the chapter's Rhetorical Points practice is self-applied to a much broader range of claims (sales pitches, family accusations, internal narratives) without instructor scaffolding","validates the chapter's six-question practice as consistent with an established, tested media-literacy pedagogy rather than an invented framework. The Rhetorical Points six questions (what is claimed, what evidence supports it, who benefits, what emotion is activated, what alternatives exist, what would change the reader's mind) extend the same underlying discipline into a format usable outside a classroom.","no adjustment needed. The chapter is explicit that ""the practice does not require the reader to memorize a taxonomy or to perform formal argument analysis"" and is designed for self-directed daily use — this is a deliberate simplification and broadening of the news-literacy pedagogy for personal practice, not a claim that it replicates the classroom curriculum exactly.","section=You Work Through Six Questions Before Settling a Claim; paragraph=1; section_index=3; draft_version=Draft 1.2 — Plain-language recheck (abstraction-drift fix) 2026-09-01, on top of Draft 1.1's direct-address conversion 2026-08-30; draft_date=2026-08-30",the footnoted sentence FP-CH35-C002 cites the same source; unreviewed,capacity,FP-CH35-C002
FP-CH36-C001,FP-CH36,overview-core-claim,"Civic life is the domain where discernment is most needed and manipulation is most sophisticated, because political actors, platforms, and media organizations all have predictable interests in what the reader believes and does. GroundedVote gives the reader the infrastructure to evaluate civic claims for herself rather than dictating what she should conclude.",synthesis,Overview › Core Claim: the chapter's own statement of its argument,load-bearing,the chapter's core claim by definition,argued,Supported by the chapter's reasoning and the sourced claims listed beneath it; not separately cited. 1 source(s) sit beneath it in this chapter.,unreviewed,FP-S0135,,FP-CH36-X01 | FP-CH36-X02 | FP-CH36-X03 | FP-CH36-X04 | FP-CH36-X05 | FP-CH36-X06 | FP-CH36-X07 | FP-CH36-X08 | FP-CH36-X09,"Some subsequent research has found the filter bubble effect is less totalizing than Pariser's original account suggested — several studies find users still encounter cross-cutting content, and that self-selection (choosing which outlets to follow) may matter more than algorithmic filtering alone",,,note=Chapter-level claim from the Overview,Overview file,rhetoric-manipulation | practice-of-discernment | civic-agency,
FP-CH36-C002,FP-CH36,draft-sentence,"The ranking systems now select what reaches you individually, sorting for what keeps you scrolling rather than for what is accurate, and they hand two neighbors following the same story two different versions of it.",fact,cites a source the Research Map lists under Empirical Claims,supporting,a sourced sentence inside the chapter's argument; importance not yet reviewed,cited,A footnote sits on this sentence in the current draft.,unreviewed,FP-S0135,,,,"validates the chapter's claim that ""the previous generation... received roughly the same set of facts and disagreed about how to interpret them"" while ""the current environment has none of those features at scale."" Pariser's research is the foundational documentation of exactly this shift, from a shared informational environment to personalized, fragmented ones.",,"section=Platforms and Campaigns Rebuilt the Information Supply Within One Generation; paragraph=2; section_index=3; draft_version=Draft 1.2 — Plain-language recheck, one abstraction-drift fix 2026-09-01; draft_date=2026-08-30",footnote position in the draft,reactive-choosing,FP-CH36-C003
FP-CH36-C003,FP-CH36,research-map,"Algorithmic personalization produces a unique informational universe per user that withholds challenging information in favor of belief-confirming content, eroding the shared factual ground previous generations had through broadcast media",fact,listed under 'Empirical Claims → Sources' in the Research Map,load-bearing,the Research Map's Use or Status text calls this the chapter's central or grounding claim,mapped,"The Research Map links this claim to a source bucket, and that source is cited inline in the draft (see related claim).",unreviewed,FP-S0135,,FP-CH36-X01,"Some subsequent research has found the filter bubble effect is less totalizing than Pariser's original account suggested — several studies find users still encounter cross-cutting content, and that self-selection (choosing which outlets to follow) may matter more than algorithmic filtering alone","validates the chapter's claim that ""the previous generation... received roughly the same set of facts and disagreed about how to interpret them"" while ""the current environment has none of those features at scale."" Pariser's research is the foundational documentation of exactly this shift, from a shared informational environment to personalized, fragmented ones.","worth a light touch, not a required change. The chapter's claim is about the current environment providing ""almost no shared factual ground,"" which is compatible with a more moderate reading of the filter-bubble literature (some cross-cutting exposure exists, but a meaningfully shared baseline of facts has eroded). No adjustment made; the citation supports the general phenomenon without needing to claim total informational isolation.","section=Platforms and Campaigns Rebuilt the Information Supply Within One Generation; paragraph=2; section_index=3; draft_version=Draft 1.2 — Plain-language recheck, one abstraction-drift fix 2026-09-01; draft_date=2026-08-30",the footnoted sentence FP-CH36-C002 cites the same source; unreviewed,reactive-choosing,FP-CH36-C002
FP-CH37-C001,FP-CH37,overview-core-claim,"Large language models, photorealistic image and video generation, voice cloning, and personalized recommendation systems have broken the assumptions the reader's previous discernment practices depended on. The reader can no longer trust that a text was written by a thoughtful human, that a photo or video documents a real event, that a familiar voice belongs to the person it sounds like, or that an information stream is organic rather than algorithmically shaped. The architecture the book has already built, agency, governance, discernment, community, is the correct response to these conditions, not a separate skill set.",synthesis,Overview › Core Claim: the chapter's own statement of its argument,load-bearing,the chapter's core claim by definition,argued,Supported by the chapter's reasoning and the sourced claims listed beneath it; not separately cited. 1 source(s) sit beneath it in this chapter.,unreviewed,FP-S0136,,FP-CH37-X01 | FP-CH37-X02 | FP-CH37-X03 | FP-CH37-X04 | FP-CH37-X05 | FP-CH37-X06 | FP-CH37-X07,"The liar's dividend research and deepfake-defense case law is primarily documented in legal/courtroom contexts (Guy Reffitt's Jan. 6 case, Tesla/Musk litigation) — the chapter applies the concept more broadly to everyday personal and civic information consumption, which is a reasonable but not identical extension",,,note=Chapter-level claim from the Overview,Overview file,reactive-choosing | practice-of-discernment | ai-synthetic-reality | community-trust | governance-creates-space,
FP-CH37-C002,FP-CH37,draft-sentence,"Bot networks, coordinated inauthentic accounts, and paid amplification operations manufacture agreement at a scale that used to be unaffordable, so you have to ask whether one of them built the agreement in front of you.",fact,cites a source the Research Map lists under Empirical Claims,supporting,a sourced sentence inside the chapter's argument; importance not yet reviewed,cited,A footnote sits on this sentence in the current draft.,unreviewed,FP-S0136,,FP-CH37-X05,,"validates the chapter's specific, somewhat counterintuitive claim that the reader ""cannot rely on the volume of agreement around a claim as evidence"" — the liar's dividend concept explains the second-order damage of deepfakes (eroding trust in authentic media) that goes beyond the first-order damage (people believing fake content), which the chapter's ""What the Reader Cannot Do Anymore"" section is built around.",,section=Five Signals Stopped Being Evidence; paragraph=5; section_index=4; draft_version=Draft 1.2 — Plain-language recheck (CH01 reader test) 2026-09-01; draft_date=2026-08-30,footnote position in the draft,,FP-CH37-C003
FP-CH37-C003,FP-CH37,research-map,"The existence of convincing synthetic media (deepfakes) doesn't just create false content — it also erodes trust in genuine content, because bad-faith actors can now plausibly dismiss real evidence as fabricated",fact,listed under 'Empirical Claims → Sources' in the Research Map,supporting,listed under Empirical Claims in the Research Map; importance not yet reviewed,mapped,"The Research Map links this claim to a source bucket, and that source is cited inline in the draft (see related claim).",unreviewed,FP-S0136,,FP-CH37-X05 | FP-CH37-X06,,"validates the chapter's specific, somewhat counterintuitive claim that the reader ""cannot rely on the volume of agreement around a claim as evidence"" — the liar's dividend concept explains the second-order damage of deepfakes (eroding trust in authentic media) that goes beyond the first-order damage (people believing fake content), which the chapter's ""What the Reader Cannot Do Anymore"" section is built around.",,section=Five Signals Stopped Being Evidence; paragraph=5; section_index=4; draft_version=Draft 1.2 — Plain-language recheck (CH01 reader test) 2026-09-01; draft_date=2026-08-30,the footnoted sentence FP-CH37-C002 cites the same source; unreviewed,ai-synthetic-reality | community-trust,FP-CH37-C002
FP-CH38-C001,FP-CH38,overview-core-claim,Discernment without humility collapses into certainty. Intellectual humility is the practice that prevents the collapse.,synthesis,Overview › Core Claim: the chapter's own statement of its argument,load-bearing,the chapter's core claim by definition,argued,Supported by the chapter's reasoning and the sourced claims listed beneath it; not separately cited. 1 source(s) sit beneath it in this chapter.,unreviewed,FP-S0137,,FP-CH38-X01 | FP-CH38-X02 | FP-CH38-X03 | FP-CH38-X04 | FP-CH38-X05 | FP-CH38-X06 | FP-CH38-X07,"Intellectual humility research is correlational in most of its current form — it shows humble people reason better, but doesn't fully establish that practicing humility causes better reasoning versus humble people simply being disposed to both traits together",,,note=Chapter-level claim from the Overview,Overview file,collapse-reorganization | practice-of-discernment | intellectual-humility,
FP-CH38-C002,FP-CH38,draft-sentence,And how certain you feel about a question says at least as much about you as it says about whether the answer is right.,fact,cites a source the Research Map lists under Empirical Claims,supporting,a sourced sentence inside the chapter's argument; importance not yet reviewed,cited,A footnote sits on this sentence in the current draft.,unreviewed,FP-S0137,,,,"validates both the chapter's definition of intellectual humility and its most important practical claim — that humility isn't merely a virtue but measurably improves the quality of the reasoner's judgment (better distinguishing strong from weak arguments), which supports the chapter's framing of humility as protecting rather than softening discernment.",,section=Intellectual Humility Is the Same Standard Applied to Your Own Positions; paragraph=1; section_index=3; draft_version=Draft 1.1 — Direct address conversion (second person) 2026-08-30; draft_date=2026-08-24,footnote position in the draft,,FP-CH38-C003
FP-CH38-C003,FP-CH38,research-map,"Intellectual humility (recognizing one's own beliefs may be fallible and staying attentive to the limits of one's evidence) is measurable, and intellectually humble people are empirically better at distinguishing strong arguments from weak ones",fact,listed under 'Empirical Claims → Sources' in the Research Map,load-bearing,the Research Map's Use or Status text calls this the chapter's central or grounding claim,mapped,"The Research Map links this claim to a source bucket, and that source is cited inline in the draft (see related claim).",unreviewed,FP-S0137,,FP-CH38-X01 | FP-CH38-X05,"Intellectual humility research is correlational in most of its current form — it shows humble people reason better, but doesn't fully establish that practicing humility causes better reasoning versus humble people simply being disposed to both traits together","validates both the chapter's definition of intellectual humility and its most important practical claim — that humility isn't merely a virtue but measurably improves the quality of the reasoner's judgment (better distinguishing strong from weak arguments), which supports the chapter's framing of humility as protecting rather than softening discernment.","worth a light touch, not a required change. The chapter frames its four practices (regular review, cultivating disagreement, saying ""I do not know,"" acknowledging error) as things a reader can deliberately practice and build, which is consistent with Leary's own suggestion that intellectual humility ""could be encouraged and taught"" — but the causal claim (that practicing these behaviors will build the trait, not just correlate with it) is somewhat ahead of the strongest current evidence. No adjustment made; this is a reasonable extension consistent with how the trait is discussed in the field.",section=Intellectual Humility Is the Same Standard Applied to Your Own Positions; paragraph=1; section_index=3; draft_version=Draft 1.1 — Direct address conversion (second person) 2026-08-30; draft_date=2026-08-24,the footnoted sentence FP-CH38-C002 cites the same source; unreviewed,intellectual-humility,FP-CH38-C002
FP-CH39-C001,FP-CH39,overview-core-claim,"Contribution is the offering of protected agency, not the erasure of it. The cultural template the reader inherited (the good parent, clinician, worker, citizen, friend, adult child, and adult of color who gives until empty) produces contributors who collapse, withdraw, or burn out, with damage to the very contributions they hoped to make. Sustainable contribution requires the contributor's self to remain intact, because a self that erases itself erases the contribution along with it.",synthesis,Overview › Core Claim: the chapter's own statement of its argument,load-bearing,the chapter's core claim by definition,argued,Supported by the chapter's reasoning and the sourced claims listed beneath it; not separately cited. 1 source(s) sit beneath it in this chapter.,unreviewed,FP-S0138,,FP-CH39-X01 | FP-CH39-X02 | FP-CH39-X03 | FP-CH39-X04 | FP-CH39-X05 | FP-CH39-X06,"Figley's research is grounded primarily in professional caregivers (therapists, nurses) treating traumatized populations — the chapter extends the concept to everyday family and community contribution (parenting, friendship, civic work), which is a broader domain than the original clinical population",,,note=Chapter-level claim from the Overview,Overview file,trauma-burnout | collapse-reorganization | contribution-without-self-erasure | family-stewardship,
FP-CH39-C002,FP-CH39,draft-sentence,"You stop registering what you would prefer to do, eat, wear, say, or choose, because you have suppressed those preferences for so long in service of others that they no longer register as anything.",fact,cites a source the Research Map lists under Empirical Claims,supporting,a sourced sentence inside the chapter's argument; importance not yet reviewed,cited,A footnote sits on this sentence in the current draft.,unreviewed,FP-S0138,,FP-CH39-X04,,"validates the chapter's five self-erasure signatures as a recognized clinical trajectory rather than an impressionistic list. Figley's distinction between compassion fatigue and ordinary burnout (the former being more serious and harder to remedy) supports the chapter's claim that self-erasure in contribution is a real, specific failure mode, not just generic overwork.",,section=Self-Erasure Follows a Recognizable Pattern; paragraph=2; section_index=3; draft_version=Draft 1.2 — Plain-language recheck (CH01 reader test) 2026-09-01; draft_date=2026-08-30,footnote position in the draft,,FP-CH39-C003
FP-CH39-C003,FP-CH39,research-map,"Sustained giving/caregiving exposure produces a distinct, more serious depletion pattern than ordinary burnout, with recognizable psychological signatures (loss of preferences, absent refusal, dissolved identity, buried resentment, eventual collapse)",fact,listed under 'Empirical Claims → Sources' in the Research Map,load-bearing,the Research Map's Use or Status text calls this the chapter's central or grounding claim,mapped,"The Research Map links this claim to a source bucket, and that source is cited inline in the draft (see related claim).",unreviewed,FP-S0138,,FP-CH39-X02 | FP-CH39-X03 | FP-CH39-X04 | FP-CH39-X05,"The chapter's five signatures are presented as a linear-seeming progression (loss of preferences → absent refusal → dissolved identity → buried resentment → collapse), but real self-erasure patterns may not follow this exact sequence for every reader","validates the chapter's five self-erasure signatures as a recognized clinical trajectory rather than an impressionistic list. Figley's distinction between compassion fatigue and ordinary burnout (the former being more serious and harder to remedy) supports the chapter's claim that self-erasure in contribution is a real, specific failure mode, not just generic overwork.","no adjustment needed. The chapter doesn't explicitly claim a strict sequence — it names five recognizable signatures that ""often"" arrive together, consistent with how compassion fatigue is described in the broader literature as a syndrome rather than a fixed linear stage model.",section=Self-Erasure Follows a Recognizable Pattern; paragraph=2; section_index=3; draft_version=Draft 1.2 — Plain-language recheck (CH01 reader test) 2026-09-01; draft_date=2026-08-30,the footnoted sentence FP-CH39-C002 cites the same source; unreviewed,identity-openness | trauma-burnout | collapse-reorganization,FP-CH39-C002
FP-CH40-C001,FP-CH40,overview-core-claim,"The reader is not the owner of the family but its temporary steward: accountable to the past that produced what the reader inherited and to the future that will receive what the reader passes on. Stewardship, applied through the Human Enterprise architecture (values, decision bylaws, access framework, capital management, discernment), lets the reader offer real contribution to partner, children, aging parents, siblings, and extended and chosen family without repeating the self-erasure patterns the previous chapter named.",synthesis,Overview › Core Claim: the chapter's own statement of its argument,load-bearing,the chapter's core claim by definition,argued,Supported by the chapter's reasoning and the sourced claims listed beneath it; not separately cited. 1 source(s) sit beneath it in this chapter.,unreviewed,FP-S0139,,FP-CH40-X01 | FP-CH40-X02 | FP-CH40-X03 | FP-CH40-X04 | FP-CH40-X05,"Bowen's theory is a specific clinical family-systems framework with its own technical apparatus (differentiation, triangles, emotional cutoff) — the chapter borrows only the transmission concept and doesn't engage the rest of Bowen's theory, which could read as selective application",,,note=Chapter-level claim from the Overview,Overview file,human-enterprise | personal-capital | access | values-under-stress | bylaws | practice-of-discernment | contribution-without-self-erasure | family-stewardship,
FP-CH40-C002,FP-CH40,draft-sentence,"You also steward the family's transmitted values, including the ones you keep and the ones you have decided to change, along with the family's accumulated resources: financial resources, relational capital, and cultural inheritance.",fact,cites a source the Research Map lists under Empirical Claims,supporting,a sourced sentence inside the chapter's argument; importance not yet reviewed,cited,A footnote sits on this sentence in the current draft.,unreviewed,FP-S0139,,FP-CH40-X01 | FP-CH40-X03 | FP-CH40-X04,"Bowen's theory is a specific clinical family-systems framework with its own technical apparatus (differentiation, triangles, emotional cutoff) — the chapter borrows only the transmission concept and doesn't engage the rest of Bowen's theory, which could read as selective application","validates the chapter's central ""steward, not owner"" framing. Bowen's concept that differentiation of self is transmitted across generations through both explicit and unconscious channels supports the chapter's claim that the reader ""inherited"" values and patterns and is actively ""transmitting"" them, rather than simply choosing them fresh.","no adjustment needed. The chapter's stewardship framing doesn't claim to be a full application of Bowen theory — the footnote cites the transmission process specifically as validating one claim (that patterns pass across generations through more than conscious choice), not as an endorsement of the entire Bowen framework.","section=You Are a Steward, Not an Owner; paragraph=2; section_index=3; draft_version=Draft 1.3 — Plain-language recheck (one abstraction fix) 2026-09-01; draft_date=2026-08-31",footnote position in the draft,personal-capital | values-under-stress | family-stewardship | legacy,FP-CH40-C003
FP-CH40-C003,FP-CH40,research-map,"Family values, patterns, and levels of differentiation pass across generations through both conscious teaching and unconscious emotional transmission, and a person's influence over what continues is real but bounded",fact,listed under 'Empirical Claims → Sources' in the Research Map,load-bearing,the Research Map's Use or Status text calls this the chapter's central or grounding claim,mapped,"The Research Map links this claim to a source bucket, and that source is cited inline in the draft (see related claim).",unreviewed,FP-S0139,,FP-CH40-X01 | FP-CH40-X03 | FP-CH40-X04,"Bowen's theory is a specific clinical family-systems framework with its own technical apparatus (differentiation, triangles, emotional cutoff) — the chapter borrows only the transmission concept and doesn't engage the rest of Bowen's theory, which could read as selective application","validates the chapter's central ""steward, not owner"" framing. Bowen's concept that differentiation of self is transmitted across generations through both explicit and unconscious channels supports the chapter's claim that the reader ""inherited"" values and patterns and is actively ""transmitting"" them, rather than simply choosing them fresh.","no adjustment needed. The chapter's stewardship framing doesn't claim to be a full application of Bowen theory — the footnote cites the transmission process specifically as validating one claim (that patterns pass across generations through more than conscious choice), not as an endorsement of the entire Bowen framework.","section=You Are a Steward, Not an Owner; paragraph=2; section_index=3; draft_version=Draft 1.3 — Plain-language recheck (one abstraction fix) 2026-09-01; draft_date=2026-08-31",the footnoted sentence FP-CH40-C002 cites the same source; unreviewed,values-under-stress | family-stewardship,FP-CH40-C002
FP-CH41-C001,FP-CH41,overview-core-claim,"Most readers now belong to several thin communities rather than a few thick ones, and thin communities cannot do the work thick ones used to do. Durable community requires five specific conditions (repeated contact, shared work, honest conflict, accountability, and meaning), trust is the load-bearing variable that accumulates slowly and depletes quickly, and collective agency, the capacity for a community to do or withstand what no individual member could alone, becomes possible only once personal agency accumulates inside a community that meets those conditions.",synthesis,Overview › Core Claim: the chapter's own statement of its argument,load-bearing,the chapter's core claim by definition,argued,Supported by the chapter's reasoning and the sourced claims listed beneath it; not separately cited. 1 source(s) sit beneath it in this chapter.,unreviewed,FP-S0140,,FP-CH41-X01 | FP-CH41-X02 | FP-CH41-X03 | FP-CH41-X04,"Putnam's data runs through the late 1990s — the chapter is making claims about the current (2026) information and community environment, a quarter-century after Putnam's most recent data, during which digital community forms Putnam could not have anticipated have proliferated",,,note=Chapter-level claim from the Overview,Overview file,capacity | individual-community | community-trust,
FP-CH41-C002,FP-CH41,draft-sentence,"The pluralism is also fragile, because you likely belong to several thin communities rather than a few thick ones, and the thin communities cannot do the work the thick ones used to do.",fact,cites a source the Research Map lists under Empirical Claims,supporting,a sourced sentence inside the chapter's argument; importance not yet reviewed,cited,A footnote sits on this sentence in the current draft.,unreviewed,FP-S0140,,FP-CH41-X01 | FP-CH41-X03 | FP-CH41-X04,"Putnam's data runs through the late 1990s — the chapter is making claims about the current (2026) information and community environment, a quarter-century after Putnam's most recent data, during which digital community forms Putnam could not have anticipated have proliferated","validates the chapter's claim that the community most readers now belong to is structurally different from the community ""the previous generation"" had — Putnam's quarter-century, roughly 500,000-interview dataset is the strongest available documentation of this shift, giving the chapter's ""thin communities vs. thick ones"" claim an empirical foundation rather than nostalgic assertion.","worth flagging for Stephen, not a required change this pass. The chapter's own text already accounts for this partially, noting the reader ""may belong to interest-based communities online that did not exist a generation ago"" and treating this as part of the pluralism rather than ignoring it. The Putnam citation supports the historical decline trend that set the conditions the chapter describes, not a claim that nothing has changed since 2000.","section=Most Communities Are Chosen Now, and Chosen Thin; paragraph=3; section_index=2; draft_version=Draft 1.4 — Plain-language recheck: grounded the 'meaning' condition's fifth example, fixing plain-abstraction drift 2026-09-01; draft_date=2026-08-30",footnote position in the draft,,FP-CH41-C003
FP-CH41-C003,FP-CH41,research-map,"American social capital (participation in organizations, informal social connectedness, interpersonal trust) has declined sharply and consistently since the 1960s-70s, leaving most people in thin rather than thick communities",fact,listed under 'Empirical Claims → Sources' in the Research Map,load-bearing,the Research Map's Use or Status text calls this the chapter's central or grounding claim,mapped,"The Research Map links this claim to a source bucket, and that source is cited inline in the draft (see related claim).",unreviewed,FP-S0140,,FP-CH41-X01 | FP-CH41-X03 | FP-CH41-X04,"Putnam's data runs through the late 1990s — the chapter is making claims about the current (2026) information and community environment, a quarter-century after Putnam's most recent data, during which digital community forms Putnam could not have anticipated have proliferated","validates the chapter's claim that the community most readers now belong to is structurally different from the community ""the previous generation"" had — Putnam's quarter-century, roughly 500,000-interview dataset is the strongest available documentation of this shift, giving the chapter's ""thin communities vs. thick ones"" claim an empirical foundation rather than nostalgic assertion.","worth flagging for Stephen, not a required change this pass. The chapter's own text already accounts for this partially, noting the reader ""may belong to interest-based communities online that did not exist a generation ago"" and treating this as part of the pluralism rather than ignoring it. The Putnam citation supports the historical decline trend that set the conditions the chapter describes, not a claim that nothing has changed since 2000.","section=Most Communities Are Chosen Now, and Chosen Thin; paragraph=3; section_index=2; draft_version=Draft 1.4 — Plain-language recheck: grounded the 'meaning' condition's fifth example, fixing plain-abstraction drift 2026-09-01; draft_date=2026-08-30",the footnoted sentence FP-CH41-C002 cites the same source; unreviewed,personal-capital | community-trust,FP-CH41-C002
FP-CH42-C001,FP-CH42,overview-core-claim,"Institutions are the durable structural infrastructure of complex society, and their common critique (broken, captured, extractive) is usually accurate but incomplete, because it rarely names what replaces a failing institution, who builds the replacement, or how repair happens in time. Institutional power operates through five mechanisms (formal authority, informal authority, resource allocation, gatekeeping, and institutional narrative), and institutional repair, harder than institutional creation, requires honest diagnosis, cultivated allies, developed alternatives, sustained pressure across years, and the willingness to accept partial outcomes as the realistic ceiling.",synthesis,Overview › Core Claim: the chapter's own statement of its argument,load-bearing,the chapter's core claim by definition,argued,Supported by the chapter's reasoning and the sourced claims listed beneath it; not separately cited. 1 source(s) sit beneath it in this chapter.,unreviewed,FP-S0141,,FP-CH42-X01 | FP-CH42-X02 | FP-CH42-X03 | FP-CH42-X04,"Fukuyama's framework was developed primarily to analyze large-scale political institutions and nation-states — the chapter applies it to the smaller-scale institutions (hospitals, schools, professional associations) an individual reader might actually contribute to",,,note=Chapter-level claim from the Overview,Overview file,institutions-power-repair | extraction,
FP-CH42-C002,FP-CH42,draft-sentence,Actors who benefit from an institution's failure can weaken it on purpose.,fact,cites a source the Research Map lists under Empirical Claims,supporting,a sourced sentence inside the chapter's argument; importance not yet reviewed,cited,A footnote sits on this sentence in the current draft.,unreviewed,FP-S0141,,FP-CH42-X02,"The chapter's five power mechanisms (formal authority, informal authority, resource allocation, gatekeeping, institutional narrative) are original synthesis for practical institutional navigation, not directly derived from Fukuyama, who focuses more on decay dynamics than on a reader's practical map of how to read institutional power","validates the chapter's list of characteristic institutional failure modes (capture, extraction, ossification, loss of legitimacy, deliberate weakening) as a recognized pattern in political science and institutional theory, giving the chapter's diagnosis structural grounding rather than treating institutional failure as simply a list of bad outcomes.",no adjustment needed. Consistent with the book's pattern of anchoring the diagnostic claim (why institutions fail) in established research while developing original operational guidance (how to read and work inside institutional power) around it.,section=An Institution Outlasts the People Who Built It; paragraph=4; section_index=3; draft_version=Draft 1.3 — Plain-language recheck (abstraction grounding fix) 2026-09-01; draft_date=2026-09-01,footnote position in the draft,institutions-power-repair,FP-CH42-C003
FP-CH42-C003,FP-CH42,research-map,"Institutions fail in characteristic, documented ways — rigidity (failing to evolve with changed conditions) and capture by powerful interests (""repatrimonialization"") — rather than randomly or purely due to individual bad actors",fact,listed under 'Empirical Claims → Sources' in the Research Map,load-bearing,the Research Map's Use or Status text calls this the chapter's central or grounding claim,mapped,"The Research Map links this claim to a source bucket, and that source is cited inline in the draft (see related claim).",unreviewed,FP-S0141,,FP-CH42-X02 | FP-CH42-X03 | FP-CH42-X04,"The chapter's five power mechanisms (formal authority, informal authority, resource allocation, gatekeeping, institutional narrative) are original synthesis for practical institutional navigation, not directly derived from Fukuyama, who focuses more on decay dynamics than on a reader's practical map of how to read institutional power","validates the chapter's list of characteristic institutional failure modes (capture, extraction, ossification, loss of legitimacy, deliberate weakening) as a recognized pattern in political science and institutional theory, giving the chapter's diagnosis structural grounding rather than treating institutional failure as simply a list of bad outcomes.",no adjustment needed. Consistent with the book's pattern of anchoring the diagnostic claim (why institutions fail) in established research while developing original operational guidance (how to read and work inside institutional power) around it.,section=An Institution Outlasts the People Who Built It; paragraph=4; section_index=3; draft_version=Draft 1.3 — Plain-language recheck (abstraction grounding fix) 2026-09-01; draft_date=2026-09-01,keyword match to a draft paragraph (6 shared terms); unreviewed,institutions-power-repair,FP-CH42-C002
FP-CH43-C001,FP-CH43,overview-core-claim,"Leadership is not participation with more authority attached. It asks for additional capacities the participation did not require (holding uncertainty for a group, absorbing conflict, distributing consequences unevenly, staying visible while staying honest, developing successors), and those capacities are produced by the architecture the rest of the book builds, not by ambition alone.",synthesis,Overview › Core Claim: the chapter's own statement of its argument,load-bearing,the chapter's core claim by definition,argued,Supported by the chapter's reasoning and the sourced claims listed beneath it; not separately cited. 1 source(s) sit beneath it in this chapter.,unreviewed,FP-S0142,,FP-CH43-X01 | FP-CH43-X02 | FP-CH43-X03 | FP-CH43-X04 | FP-CH43-X05 | FP-CH43-X06,"Greenleaf's servant leadership has faced critique for being difficult to operationalize and measure, and for potentially masking power imbalances behind service-oriented language (a leader can claim to be ""serving"" while still exercising unchecked authority)",,,note=Chapter-level claim from the Overview,Overview file,leadership,
FP-CH43-C002,FP-CH43,draft-sentence,"Leadership asks for capacities, responsibilities, exposure, and sustainability that participation never required.",fact,cites a source the Research Map lists under Empirical Claims,supporting,a sourced sentence inside the chapter's argument; importance not yet reviewed,cited,A footnote sits on this sentence in the current draft.,unreviewed,FP-S0142,,FP-CH43-X02,"The chapter's five leadership capacities (holding uncertainty, absorbing conflict, uneven consequences, visible consistency, developing successors) extend beyond Greenleaf's original ten servant-leader characteristics — this is the chapter's own synthesis, using Greenleaf as grounding rather than as a complete source","validates the chapter's framing of what leadership specifically asks for, particularly the emphasis on stewardship, developing others, and building community as core to legitimate leadership rather than incidental to it. This supports the chapter's claim that leadership is a service-oriented role with real costs, not merely participation with more authority attached.","no adjustment needed; consistent with how the book uses foundational theories as anchoring points for its own more specific, book-native frameworks throughout.",section=You Reach a Point Participation No Longer Covers; paragraph=2; section_index=2; draft_version=Draft 1.3 — Plain-language recheck: capacity-five grounding fix 2026-09-01; draft_date=2026-08-30,footnote position in the draft,leadership,FP-CH43-C003
FP-CH43-C003,FP-CH43,research-map,"Leadership requires distinct additional capacities beyond participation — particularly a service-first orientation, absorbing conflict, and developing successors — rather than being simply ""participation plus authority""",fact,listed under 'Empirical Claims → Sources' in the Research Map,load-bearing,the Research Map's Use or Status text calls this the chapter's central or grounding claim,mapped,"The Research Map links this claim to a source bucket, and that source is cited inline in the draft (see related claim).",unreviewed,FP-S0142,,FP-CH43-X02 | FP-CH43-X03,"The chapter's five leadership capacities (holding uncertainty, absorbing conflict, uneven consequences, visible consistency, developing successors) extend beyond Greenleaf's original ten servant-leader characteristics — this is the chapter's own synthesis, using Greenleaf as grounding rather than as a complete source","validates the chapter's framing of what leadership specifically asks for, particularly the emphasis on stewardship, developing others, and building community as core to legitimate leadership rather than incidental to it. This supports the chapter's claim that leadership is a service-oriented role with real costs, not merely participation with more authority attached.","no adjustment needed; consistent with how the book uses foundational theories as anchoring points for its own more specific, book-native frameworks throughout.",section=You Reach a Point Participation No Longer Covers; paragraph=2; section_index=2; draft_version=Draft 1.3 — Plain-language recheck: capacity-five grounding fix 2026-09-01; draft_date=2026-08-30,the footnoted sentence FP-CH43-C002 cites the same source; unreviewed,leadership,FP-CH43-C002
FP-CH44-C001,FP-CH44,overview-core-claim,"Legacy is not produced by intention at the end of a life; it is produced continuously, by the reader's actual behavior, whether the reader is conscious of it or not. Four categories (relational, institutional, creative or intellectual, values) can be attended to deliberately, and the practice looks different by decade: foundations in the earlier years, deployment in the middle years, transmission in the later years, conclusion in the final years.",synthesis,Overview › Core Claim: the chapter's own statement of its argument,load-bearing,the chapter's core claim by definition,argued,Supported by the chapter's reasoning and the sourced claims listed beneath it; not separately cited. 1 source(s) sit beneath it in this chapter.,unreviewed,FP-S0143,,FP-CH44-X01 | FP-CH44-X02 | FP-CH44-X03 | FP-CH44-X04,"Erikson's generativity-vs-stagnation stage is specifically tied to middle adulthood (roughly ages 40-65) — the chapter describes legacy practice across the entire adult lifespan, including ""the earlier decades"" (foundation-building) and ""the final decade or decades"" (conclusion), which extends beyond Erikson's original stage window",,,note=Chapter-level claim from the Overview,Overview file,values-under-stress | institutions-power-repair | legacy,
FP-CH44-C002,FP-CH44,draft-sentence,"Legacy is active and practiced, the orientation you take toward the time that is left, built on the recognition that the time is finite and can still produce something lasting if you work at it.",fact,cites a source the Research Map lists under Empirical Claims,supporting,a sourced sentence inside the chapter's argument; importance not yet reviewed,cited,A footnote sits on this sentence in the current draft.,unreviewed,FP-S0143,,FP-CH44-X02,"The Research Map template originally flagged McAdams (narrative identity/generativity researcher) as a candidate source alongside Erikson — this pass used only Erikson's foundational stage theory, not McAdams's later empirical extensions","validates the chapter's central claim that legacy is ""active"" and ""practiced"" rather than a passive byproduct of a life well-lived. Erikson's stage theory, with its virtue of care (nurturing and contributing without expecting immediate return), grounds the chapter's four legacy categories (relational, institutional, creative/intellectual, values) as concrete expressions of generative activity.","no adjustment made. Erikson's original framework was sufficient to ground the chapter's central claim without requiring a second citation; McAdams remains a reasonable candidate for a future, deeper citation pass if Stephen wants additional empirical grounding for the narrative-identity dimension of legacy specifically.",section=The Word Legacy Means More Than a Will or a Eulogy; paragraph=3; section_index=2; draft_version=Draft 1.3 — 'Durable' misuse fix 2026-09-01; draft_date=2026-08-30,footnote position in the draft,legacy,FP-CH44-C003
FP-CH44-C003,FP-CH44,research-map,"Middle and later adulthood carry a specific psychosocial task oriented toward creating or nurturing what outlasts the self, and the failure of this task produces disconnection and lack of purpose",fact,listed under 'Empirical Claims → Sources' in the Research Map,load-bearing,the Research Map's Use or Status text calls this the chapter's central or grounding claim,mapped,"The Research Map links this claim to a source bucket, and that source is cited inline in the draft (see related claim).",unreviewed,FP-S0143,,FP-CH44-X02,"The Research Map template originally flagged McAdams (narrative identity/generativity researcher) as a candidate source alongside Erikson — this pass used only Erikson's foundational stage theory, not McAdams's later empirical extensions","validates the chapter's central claim that legacy is ""active"" and ""practiced"" rather than a passive byproduct of a life well-lived. Erikson's stage theory, with its virtue of care (nurturing and contributing without expecting immediate return), grounds the chapter's four legacy categories (relational, institutional, creative/intellectual, values) as concrete expressions of generative activity.","no adjustment made. Erikson's original framework was sufficient to ground the chapter's central claim without requiring a second citation; McAdams remains a reasonable candidate for a future, deeper citation pass if Stephen wants additional empirical grounding for the narrative-identity dimension of legacy specifically.",section=The Word Legacy Means More Than a Will or a Eulogy; paragraph=3; section_index=2; draft_version=Draft 1.3 — 'Durable' misuse fix 2026-09-01; draft_date=2026-08-30,the footnoted sentence FP-CH44-C002 cites the same source; unreviewed,shame-dissociation,FP-CH44-C002
FP-CH45-C001,FP-CH45,overview-core-claim,"To be founded is to stand on ground the person has built, recognized, and committed to across every domain the book has walked: the body, the agency, the governance, the discernment, the contribution, the legacy. Being founded is not certainty, not completion, not exemption from the conditions the book diagnosed in Part I. It is standing on enough of one's own ground that those conditions cannot dissolve the person without a fight the person is equipped to make.",synthesis,Overview › Core Claim: the chapter's own statement of its argument,load-bearing,the chapter's core claim by definition,argued,Supported by the chapter's reasoning and the sourced claims listed beneath it; not separately cited. 2 source(s) sit beneath it in this chapter.,unreviewed,FP-S0144 | FP-S0145,,FP-CH45-X01 | FP-CH45-X02 | FP-CH45-X03 | FP-CH45-X04 | FP-CH45-X05,"This is the book's closing synthesis chapter, and grounding its central metaphor in a 2,300-year-old philosophical concept risks reading as a stretch or as retrofitting academic legitimacy onto what is fundamentally the book's own coined term",,,note=Chapter-level claim from the Overview,Overview file,practice-of-discernment | intellectual-humility | contribution-without-self-erasure | legacy | governance-creates-space,
FP-CH45-C002,FP-CH45,draft-sentence,What changes is that you are standing on enough of your own ground that those conditions cannot dissolve you without doing work you are now capable of resisting.,unverified,footnoted sentence; type not yet assigned (the Research Map does not list it as an empirical claim),supporting,a sourced sentence inside the chapter's argument; importance not yet reviewed,cited,A footnote sits on this sentence in the current draft.,unreviewed,FP-S0144,,,,"Aristotle's concept of eudaimonia, standardly translated as flourishing or living well, describes not a feeling of pleasure or contentment but an activity: the exercise of one's characteristic function well, guided by reason and virtues developed through habit and reflection over a lifetime. See Aristotle, Nicomachean Ethics, Books I and X. The chapter's definition of ""founded,"" a person standing on ground they have built and are actively maintaining rather than a fixed state of arrival, is continuous with this Aristotelian sense that flourishing is something a person does, across a life, not a condition a person simply has.",,section=Founded Names the Ground You Have Built; paragraph=3; section_index=2; draft_version=Draft 2.3 — 'philosophical floor' reworded to 'philosophical foundation' 2026-09-02; draft_date=2026-08-30,footnote position in the draft,,
FP-CH45-C003,FP-CH45,research-map,"""Founded"" as an orientation, standing on ground one has built and actively maintains, is a state of ongoing activity rather than a fixed condition of arrival, consistent with the classical philosophical understanding of human flourishing",fact,listed under 'Empirical Claims → Sources' in the Research Map,load-bearing,the Research Map's Use or Status text calls this the chapter's central or grounding claim,mapped,The Research Map links this claim to a source bucket; the source is not cited inline in the current draft.,unreviewed,FP-S0145,,FP-CH45-X03 | FP-CH45-X04 | FP-CH45-X05,,"validates the chapter's core definitional claim about what ""founded"" means — that it is ""not a posture"" but ""the texture of being,"" something practiced continuously rather than achieved once. Aristotle's eudaimonia is precisely this: an activity, not a feeling or a fixed state, which is the exact philosophical move the closing chapter makes with the word ""founded.""",,section=One Orientation Replaces Forty-Four Tools; paragraph=2; section_index=7; draft_version=Draft 2.3 — 'philosophical floor' reworded to 'philosophical foundation' 2026-09-02; draft_date=2026-08-30,keyword match to a draft paragraph (6 shared terms); unreviewed,flourishing,
