id,chapter_ids,citation,author_or_institution,title,year,urls,doi,source_type,source_type_basis,designation,evidentiary_role,role_basis,use,notes,claims_supported,claims_qualified,challenge_ids,link_status,possible_duplicates,verification_status
FP-S0001,FP-CH01,"National Institute on Retirement Security, Retirement Insecurity 2024: Americans' Views of Retirement (Washington, DC: NIRS, 2024). See also Federal Reserve, ""Are Disappearing Employer Pensions Contributing to Rising Wealth Inequality?"" FEDS Notes (February 1, 2019). The shift from defined-benefit pensions to defined-contribution 401(k) plans has transferred retirement-investment risk to individual workers; NIRS finds a typical pension carries a ~49% cost advantage over a 401(k)-style account in delivering retirement income.",National Institute on Retirement Security,Retirement Insecurity 2024: Americans' Views of Retirement,2024,https://www.nirsonline.org/wp-content/uploads/2024/02/FINAL-2024-Public-Opinion-Research.pdf,,book,"Chicago-style (City: Publisher, Year) parenthetical",secondary (synthesis),direct,cited inline in the chapter draft as a footnote,validates the chapter's claim that the implicit contract of the American job has been broken and retirement risk transferred to the worker. The 49% cost advantage of pooled pensions over individual 401(k)s (from NIRS analysis) is a specific data point worth weaving in.,"National Institute on Retirement Security, Retirement Insecurity 2024: Americans' Views of Retirement (Washington, DC: NIRS, 2024). See also Federal Reserve, ""Are Disappearing Employer Pensions Contributing to Rising Wealth Inequality?"" FEDS Notes (February 1, 2019). The shift from defined-benefit pensions to defined-contribution 401(k) plans has transferred retirement-investment risk to individual workers; NIRS finds a typical pension carries a ~49% cost advantage over a 401(k)-style account in delivering retirement income.",FP-CH01-C002 | FP-CH01-C009 | FP-CH01-C016,,,url=https://www.nirsonline.org/wp-content/uploads/2024/02/FINAL-2024-Public-Opinion-Research.pdf; status=200; final_url=https://www.nirsonline.org/wp-content/uploads/2024/02/FINAL-2024-Public-Opinion-Research.pdf; result=reachable; checked_at=2026-10-07,,unreviewed
FP-S0002,FP-CH01,"Tait D. Shanafelt et al., ""Changes in Burnout and Satisfaction With Work-Life Integration in Physicians and the General US Working Population Between 2011 and 2023,"" Mayo Clinic Proceedings 99, no. 8 (2024). See also Commonwealth Fund, ""Causes and Impacts of Burnout Among Primary Care Physicians in 10 Countries"" (2025) — U.S. PCP burnout contributes roughly $260M in excess annual health spending from turnover. WHO projects 86% of global deaths by 2050 will be from chronic illness, in a clinical system designed for episodic acute care.",Tait D. Shanafelt et al,Mayo Clinic Proceedings,2011,,,journal article,"volume, page, or journal cue",primary research or data,direct,cited inline in the chapter draft as a footnote,,"Tait D. Shanafelt et al., ""Changes in Burnout and Satisfaction With Work-Life Integration in Physicians and the General US Working Population Between 2011 and 2023,"" Mayo Clinic Proceedings 99, no. 8 (2024). See also Commonwealth Fund, ""Causes and Impacts of Burnout Among Primary Care Physicians in 10 Countries"" (2025) — U.S. PCP burnout contributes roughly $260M in excess annual health spending from turnover. WHO projects 86% of global deaths by 2050 will be from chronic illness, in a clinical system designed for episodic acute care.",FP-CH01-C003,,FP-CH01-X09,,,unreviewed
FP-S0003,FP-CH01,"RAND Corporation, State of the American Teacher Survey 2024 (Santa Monica, CA: RAND, 2024). 52% of K-12 teachers report burnout, the highest of any tracked occupation. 68% cite workload as the primary stressor. NCTQ 2025 research on teacher time documents that 88% of teachers work 41-80+ hours per week against contracts of 21-40 hours, with the gap filled by administrative tasks. Richard Ingersoll's University of Pennsylvania longitudinal research estimates teacher turnover costs U.S. districts $2.2B annually.",RAND Corporation,State of the American Teacher Survey 2024,2024,https://www.rand.org/content/dam/rand/pubs/research_reports/RRA1100/RRA1108-12/RAND_RRA1108-12.pdf,,book,"Chicago-style (City: Publisher, Year) parenthetical",secondary (synthesis),direct,cited inline in the chapter draft as a footnote,"validates the chapter's claim that teachers stay because children matter, leave because conditions burn them out, and that classrooms now manage conditions schools weren't designed for.","RAND Corporation, State of the American Teacher Survey 2024 (Santa Monica, CA: RAND, 2024). 52% of K-12 teachers report burnout, the highest of any tracked occupation. 68% cite workload as the primary stressor. NCTQ 2025 research on teacher time documents that 88% of teachers work 41-80+ hours per week against contracts of 21-40 hours, with the gap filled by administrative tasks. Richard Ingersoll's University of Pennsylvania longitudinal research estimates teacher turnover costs U.S. districts $2.2B annually.",FP-CH01-C004 | FP-CH01-C011,,FP-CH01-X09,url=https://www.rand.org/content/dam/rand/pubs/research_reports/RRA1100/RRA1108-12/RAND_RRA1108-12.pdf; status=200; final_url=https://www.rand.org/content/dam/rand/pubs/research_reports/RRA1100/RRA1108-12/RAND_RRA1108-12.pdf; result=reachable; checked_at=2026-10-07,,unreviewed
FP-S0004,FP-CH01,"Johann Hari, Stolen Focus: Why You Can't Pay Attention—And How to Think Deeply Again (New York: Crown, 2022). Documents the engineered nature of attention-economy distraction through interviews with attention researchers, ex-platform engineers, and the Center for Humane Technology. For peer-reviewed measurement of smartphone screen-time effects, see J. Christensen et al., ""Direct Measurements of Smartphone Screen-Time: Relationships With Demographics and Sleep,"" PLoS ONE 11, no. 11 (2016).",Johann Hari,Stolen Focus: Why You Can't Pay Attention—And How to Think Deeply Again,2022,,,book,"Chicago-style (City: Publisher, Year) parenthetical",secondary (synthesis),direct,cited inline in the chapter draft as a footnote,"validates ""an attentional river that runs past your face every waking minute"" and ""a content engine in the pocket that adjusts to feelings minute by minute.""","Johann Hari, Stolen Focus: Why You Can't Pay Attention—And How to Think Deeply Again (New York: Crown, 2022). Documents the engineered nature of attention-economy distraction through interviews with attention researchers, ex-platform engineers, and the Center for Humane Technology. For peer-reviewed measurement of smartphone screen-time effects, see J. Christensen et al., ""Direct Measurements of Smartphone Screen-Time: Relationships With Demographics and Sleep,"" PLoS ONE 11, no. 11 (2016).",FP-CH01-C005 | FP-CH01-C012,,,,,unreviewed
FP-S0005,FP-CH01,"Gallup, ""Confidence in U.S. Institutions Down; Average at New Low"" (2022, updated annually). Average confidence across all tracked U.S. institutions four points below the prior historic low. Pew Charitable Trusts, ""Americans' Deepening Mistrust of Institutions"" (Fall 2024) — only 22% of U.S. adults trust the federal government most of the time; trust in science, education, and the Supreme Court at record lows. For the first time on record, the U.S. ranks last among G7 nations on government trust, election honesty, judicial trust, and military trust. Pew acknowledges partisan media consumption shapes some of the decline alongside the structural institutional gap.",Gallup,,2022,https://news.gallup.com/poll/394283/confidence-institutions-down-average-new-low.aspx,,institutional report or data,institution keyword,primary research or data,direct,cited inline in the chapter draft as a footnote,"validates ""trust in hospitals, schools, courts, agencies, and the press falls year over year, and the falling is not irrational.""","Gallup, ""Confidence in U.S. Institutions Down; Average at New Low"" (2022, updated annually). Average confidence across all tracked U.S. institutions four points below the prior historic low. Pew Charitable Trusts, ""Americans' Deepening Mistrust of Institutions"" (Fall 2024) — only 22% of U.S. adults trust the federal government most of the time; trust in science, education, and the Supreme Court at record lows. For the first time on record, the U.S. ranks last among G7 nations on government trust, election honesty, judicial trust, and military trust. Pew acknowledges partisan media consumption shapes some of the decline alongside the structural institutional gap.",FP-CH01-C006 | FP-CH01-C014,,FP-CH01-X09,url=https://news.gallup.com/poll/394283/confidence-institutions-down-average-new-low.aspx; status=200; final_url=https://news.gallup.com/poll/394283/confidence-institutions-down-average-new-low.aspx; result=reachable; checked_at=2026-10-07,,unreviewed
FP-S0006,FP-CH01,"Robert D. Putnam, Bowling Alone: The Collapse and Revival of American Community, rev. ed. (New York: Simon & Schuster, 2020; orig. 2000). The canonical statement that civic, social, associational, and political participation in the U.S. began declining in the 1960s-70s and accelerated through the 1980s-90s. The 20th-anniversary edition confirms that social media has not replaced in-person civic life. See also Robert D. Putnam and Shaylyn Romney Garrett, The Upswing: How America Came Together a Century Ago and How We Can Do It Again (New York: Simon & Schuster, 2020).",Robert D. Putnam,Bowling Alone: The Collapse and Revival of American Community,2020,https://www.journalofdemocracy.org/articles/bowling-alone-americas-declining-social-capital/,,book,"Chicago-style (City: Publisher, Year) parenthetical",primary (the work being cited),direct,cited inline in the chapter draft as a footnote,"validates ""the social fabric does not tear in one loud moment; it frays in ten thousand quiet ones."" ---","Robert D. Putnam, Bowling Alone: The Collapse and Revival of American Community, rev. ed. (New York: Simon & Schuster, 2020; orig. 2000). The canonical statement that civic, social, associational, and political participation in the U.S. began declining in the 1960s-70s and accelerated through the 1980s-90s. The 20th-anniversary edition confirms that social media has not replaced in-person civic life. See also Robert D. Putnam and Shaylyn Romney Garrett, The Upswing: How America Came Together a Century Ago and How We Can Do It Again (New York: Simon & Schuster, 2020).",FP-CH01-C007 | FP-CH01-C015 | FP-CH02-C007,,FP-CH01-X09,url=https://www.journalofdemocracy.org/articles/bowling-alone-americas-declining-social-capital/; status=200; final_url=https://www.journalofdemocracy.org/articles/bowling-alone-americas-declining-social-capital/; result=reachable; checked_at=2026-10-07,,unreviewed
FP-S0007,FP-CH01,"McKinsey Global Institute, AI: Work Partnerships Between People, Agents, and Robots (2024). 32% of companies expect AI-driven workforce reduction within the year; ~57% of current work theoretically automatable; ~14% of the global workforce may need career change by 2030. See also International Monetary Fund, ""Gen-AI: Artificial Intelligence and the Future of Work"" (2024) — ~40% of global jobs face meaningful AI exposure, rising to 60% in high-income countries. World Economic Forum, Future of Jobs Report 2025, projects 170M new jobs by 2030 and 92M displaced, net +78M with massive sectoral churn.",McKinsey Global Institute,"AI: Work Partnerships Between People, Agents, and Robots",2024,https://www.mckinsey.com/mgi/our-research/agents-robots-and-us-skill-partnerships-in-the-age-of-ai,,institutional report or data,institution keyword,primary research or data,direct,cited inline in the chapter draft as a footnote,validates the chapter's closing claim that AI will reorganize labor markets on a timeline institutions are not ready for.,"McKinsey Global Institute, AI: Work Partnerships Between People, Agents, and Robots (2024). 32% of companies expect AI-driven workforce reduction within the year; ~57% of current work theoretically automatable; ~14% of the global workforce may need career change by 2030. See also International Monetary Fund, ""Gen-AI: Artificial Intelligence and the Future of Work"" (2024) — ~40% of global jobs face meaningful AI exposure, rising to 60% in high-income countries. World Economic Forum, Future of Jobs Report 2025, projects 170M new jobs by 2030 and 92M displaced, net +78M with massive sectoral churn.",FP-CH01-C008 | FP-CH01-C013,,FP-CH01-X09,url=https://www.mckinsey.com/mgi/our-research/agents-robots-and-us-skill-partnerships-in-the-age-of-ai; final_url=https://www.mckinsey.com/mgi/our-research/agents-robots-and-us-skill-partnerships-in-the-age-of-ai; result=unreachable: TimeoutError; checked_at=2026-10-07,,unreviewed
FP-S0008,FP-CH01,"Federal Reserve FEDS Notes (2019). ""Are Disappearing Employer Pensions Contributing to Rising Wealth Inequality?"" (https://www.federalreserve.gov/econres/notes/feds-notes/are-disappearing-employer-pensions-contributing-to-rising-wealth-inequality-20190201.html). Empirical analysis of the pension-to-401(k) shift and its wealth-distribution effects.",Federal Reserve FEDS Notes,Federal Reserve FEDS Notes (2019).,2019,https://www.federalreserve.gov/econres/notes/feds-notes/are-disappearing-employer-pensions-contributing-to-rising-wealth-inequality-20190201.html,,government or intergovernmental report,URL domain,primary research or data,corroborating,listed as a validating source in the Research Map; not cited inline,validates the chapter's claim that the implicit contract of the American job has been broken and retirement risk transferred to the worker. The 49% cost advantage of pooled pensions over individual 401(k)s (from NIRS analysis) is a specific data point worth weaving in.,,FP-CH01-C009 | FP-CH01-C016,,FP-CH01-X09,url=https://www.federalreserve.gov/econres/notes/feds-notes/are-disappearing-employer-pensions-contributing-to-rising-wealth-inequality-20190201.html; status=200; final_url=https://www.federalreserve.gov/econres/notes/feds-notes/are-disappearing-employer-pensions-contributing-to-rising-wealth-inequality-20190201.html; result=reachable; checked_at=2026-10-07,,unreviewed
FP-S0009,FP-CH01,"Pew Charitable Trusts (2025). ""Workers Without Access to Retirement Benefits Struggle to Build Wealth"" (https://www.pew.org/en/research-and-analysis/issue-briefs/2025/06/workers-without-access-to-retirement-benefits-struggle-to-build-wealth).",Pew Charitable Trusts,Pew Charitable Trusts (2025).,2025,https://www.pew.org/en/research-and-analysis/issue-briefs/2025/06/workers-without-access-to-retirement-benefits-struggle-to-build-wealth,,institutional report or data,institution keyword,primary research or data,corroborating,listed as a validating source in the Research Map; not cited inline,validates the chapter's claim that the implicit contract of the American job has been broken and retirement risk transferred to the worker. The 49% cost advantage of pooled pensions over individual 401(k)s (from NIRS analysis) is a specific data point worth weaving in.,,FP-CH01-C009 | FP-CH01-C016,,,url=https://www.pew.org/en/research-and-analysis/issue-briefs/2025/06/workers-without-access-to-retirement-benefits-struggle-to-build-wealth; status=200; final_url=https://www.pew.org/en/research-and-analysis/issue-briefs/2025/06/workers-without-access-to-retirement-benefits-struggle-to-build-wealth; result=reachable; checked_at=2026-10-07,,unreviewed
FP-S0010,FP-CH01,"St. Louis Fed (2025). ""Pension or 401(k)? Retirement Plan Trends in the U.S. Workplace"" (https://www.stlouisfed.org/on-the-economy/2025/mar/pension-401k-retirement-plan-trends-us-workplace).",St. Louis Fed,St. Louis Fed (2025).,2025,https://www.stlouisfed.org/on-the-economy/2025/mar/pension-401k-retirement-plan-trends-us-workplace,,book,"italic title with year (matched in the annotation, not the citation)",secondary (synthesis),corroborating,listed as a validating source in the Research Map; not cited inline,validates the chapter's claim that the implicit contract of the American job has been broken and retirement risk transferred to the worker. The 49% cost advantage of pooled pensions over individual 401(k)s (from NIRS analysis) is a specific data point worth weaving in.,,FP-CH01-C009 | FP-CH01-C016,,,url=https://www.stlouisfed.org/on-the-economy/2025/mar/pension-401k-retirement-plan-trends-us-workplace; status=200; final_url=https://www.stlouisfed.org/on-the-economy/2025/mar/pension-401k-retirement-plan-trends-us-workplace; result=reachable; checked_at=2026-10-07,,unreviewed
FP-S0011,FP-CH01,"Shanafelt et al. (2024). ""Changes in Burnout and Satisfaction With Work-Life Integration in Physicians and the General US Working Population Between 2011 and 2023"" (https://www.mayoclinicproceedings.org/article/S0025-6196(24)00668-2/fulltext), Mayo Clinic Proceedings. Multi-year longitudinal tracking of physician burnout.",Shanafelt et al.,Shanafelt et al. (2024).,2024,https://www.mayoclinicproceedings.org/article/S0025-6196(24)00668-2/fulltext,,journal article,"volume, page, or journal cue (matched in the annotation, not the citation)",primary research or data,corroborating,listed as a validating source in the Research Map; not cited inline,"validates ""chronic disease is baseline"" and ""clinicians leaving the profession in numbers that should be a national emergency.""",,FP-CH01-C010,,FP-CH01-X09,url=https://www.mayoclinicproceedings.org/article/S0025-6196(24)00668-2/fulltext; status=403; final_url=https://www.mayoclinicproceedings.org/article/S0025-6196(24)00668-2/fulltext; result=blocked; checked_at=2026-10-07,,unreviewed
FP-S0012,FP-CH01,"Commonwealth Fund (2025). ""Causes and Impacts of Burnout Among Primary Care Physicians in 10 Countries"" (https://www.commonwealthfund.org/publications/surveys/2025/nov/causes-impacts-burnout-primary-care-physicians-10-countries). U.S. primary care burnout produces ~$260M in excess annual health spending from clinician turnover; fewer than half of U.S. PCPs are satisfied with their work.",Commonwealth Fund,Commonwealth Fund (2025).,2025,https://www.commonwealthfund.org/publications/surveys/2025/nov/causes-impacts-burnout-primary-care-physicians-10-countries,,institutional report or data,institution keyword,primary research or data,corroborating,listed as a validating source in the Research Map; not cited inline,"validates ""chronic disease is baseline"" and ""clinicians leaving the profession in numbers that should be a national emergency.""",,FP-CH01-C010,,FP-CH01-X09,url=https://www.commonwealthfund.org/publications/surveys/2025/nov/causes-impacts-burnout-primary-care-physicians-10-countries; status=200; final_url=https://www.commonwealthfund.org/publications/surveys/2025/nov/causes-impacts-burnout-primary-care-physicians-10-countries; result=reachable; checked_at=2026-10-07,,unreviewed
FP-S0013,FP-CH01,"Rotenstein et al. (2018). ""Prevalence of Burnout Among Physicians: A Systematic Review"" (https://pmc.ncbi.nlm.nih.gov/articles/PMC6233645/), JAMA. Meta-analysis showing burnout rates among physicians ranging from 4.7% to 90.1% depending on measurement.",Rotenstein et al.,Rotenstein et al. (2018).,2018,https://pmc.ncbi.nlm.nih.gov/articles/PMC6233645/,,peer-reviewed article,URL domain is a journal or index,primary research or data,corroborating,listed as a validating source in the Research Map; not cited inline,"validates ""chronic disease is baseline"" and ""clinicians leaving the profession in numbers that should be a national emergency.""",,FP-CH01-C010,,,url=https://pmc.ncbi.nlm.nih.gov/articles/PMC6233645/; status=200; final_url=https://pmc.ncbi.nlm.nih.gov/articles/PMC6233645/; result=reachable; checked_at=2026-10-07,,unreviewed
FP-S0014,FP-CH01,CDC chronic disease data and WHO projections. WHO projects 86% of global deaths by 2050 will be from chronic illness; the U.S. clinical system was designed for episodic acute illness.,CDC chronic disease data and WHO projections,CDC chronic disease data and WHO projections.,2050,,,institutional report or data,institution keyword,primary research or data,corroborating,listed as a validating source in the Research Map; not cited inline,"validates ""chronic disease is baseline"" and ""clinicians leaving the profession in numbers that should be a national emergency.""",,FP-CH01-C010,,,,,unreviewed
FP-S0015,FP-CH01,"NCTQ (2025). Teacher time research: 92% of teachers have 21-40 hour contracts; 88% actually work 41-80+ hours per week, mostly on administrative tasks.",NCTQ,NCTQ (2025).,2025,,,institutional report or data,institution keyword,primary research or data,corroborating,listed as a validating source in the Research Map; not cited inline,"validates the chapter's claim that teachers stay because children matter, leave because conditions burn them out, and that classrooms now manage conditions schools weren't designed for.",,FP-CH01-C011,,FP-CH01-X09,,,unreviewed
FP-S0016,FP-CH01,"Ingersoll, R. (University of Pennsylvania). Foundational longitudinal research on teacher attrition. Teacher turnover costs U.S. districts ~$2.2B annually.",Ingersoll,"Ingersoll, R. (University of Pennsylvania).",,,,institutional report or data,"institution keyword (matched in the annotation, not the citation)",primary research or data,corroborating,listed as a validating source in the Research Map; not cited inline,"validates the chapter's claim that teachers stay because children matter, leave because conditions burn them out, and that classrooms now manage conditions schools weren't designed for.",,FP-CH01-C011,,FP-CH01-X09,,,unreviewed
FP-S0017,FP-CH01,Center for Humane Technology. Wikipedia overview (https://en.wikipedia.org/wiki/Center_for_Humane_Technology). Tristan Harris's organization documenting extractive attention-economy design. Their advocacy drove Apple Screen Time and Google Digital Wellbeing.,Center for Humane Technology,Center for Humane Technology.,,https://en.wikipedia.org/wiki/Center_for_Humane_Technology,,encyclopedia (tertiary),names Wikipedia,secondary or tertiary,corroborating,listed as a validating source in the Research Map; not cited inline,"validates ""an attentional river that runs past your face every waking minute"" and ""a content engine in the pocket that adjusts to feelings minute by minute.""",,FP-CH01-C012 | FP-CH02-C006,,,url=https://en.wikipedia.org/wiki/Center_for_Humane_Technology; status=200; final_url=https://en.wikipedia.org/wiki/Center_for_Humane_Technology; result=reachable; checked_at=2026-10-07,,unreviewed
FP-S0018,FP-CH01,"Christensen et al. (2016). Direct measurement of smartphone screen-time (https://www.ncbi.nlm.nih.gov/pmc/articles/PMC5102460/), peer-reviewed. Longer screen-time → shorter sleep duration and poorer sleep efficiency.",Christensen et al.,Christensen et al. (2016).,2016,https://www.ncbi.nlm.nih.gov/pmc/articles/PMC5102460/,,peer-reviewed article,URL domain is a journal or index,primary research or data,corroborating,listed as a validating source in the Research Map; not cited inline,"validates ""an attentional river that runs past your face every waking minute"" and ""a content engine in the pocket that adjusts to feelings minute by minute.""",,FP-CH01-C012,,FP-CH01-X09,url=https://www.ncbi.nlm.nih.gov/pmc/articles/PMC5102460/; status=200; final_url=https://pmc.ncbi.nlm.nih.gov:443/articles/PMC5102460/; result=reachable; checked_at=2026-10-07,,unreviewed
FP-S0019,FP-CH01,"IMF (2024). ""Gen-AI: Artificial Intelligence and the Future of Work."" ~40% of jobs globally have meaningful AI exposure; 60% in high-income countries.",IMF,IMF (2024).,2024,,,book,"italic title with year (matched in the annotation, not the citation)",secondary (synthesis),corroborating,listed as a validating source in the Research Map; not cited inline,validates the chapter's closing claim that AI will reorganize labor markets on a timeline institutions are not ready for.,,FP-CH01-C013,,,,,unreviewed
FP-S0020,FP-CH01,"World Economic Forum. Future of Jobs Report 2025. Projects 170M new jobs by 2030, 92M displaced — net +78M globally but with massive sectoral churn.",World Economic Forum,World Economic Forum.,2025,,,book or long-form work,"italic title only (matched in the annotation, not the citation)",unclassified,corroborating,listed as a validating source in the Research Map; not cited inline,validates the chapter's closing claim that AI will reorganize labor markets on a timeline institutions are not ready for.,,FP-CH01-C013,,,,,unreviewed
FP-S0021,FP-CH01,"Pew Charitable Trusts (2024). ""Americans' Deepening Mistrust of Institutions"" (https://www.pew.org/en/trend/archive/fall-2024/americans-deepening-mistrust-of-institutions). 22% of U.S. adults trust the federal government most of the time. Trust in science, education, and the Supreme Court at record lows.",Pew Charitable Trusts,Pew Charitable Trusts (2024).,2024,https://www.pew.org/en/trend/archive/fall-2024/americans-deepening-mistrust-of-institutions,,institutional report or data,institution keyword,primary research or data,corroborating,listed as a validating source in the Research Map; not cited inline,"validates ""trust in hospitals, schools, courts, agencies, and the press falls year over year, and the falling is not irrational.""",,FP-CH01-C014,,,url=https://www.pew.org/en/trend/archive/fall-2024/americans-deepening-mistrust-of-institutions; status=200; final_url=https://www.pew.org/en/trend/archive/fall-2024/americans-deepening-mistrust-of-institutions; result=reachable; checked_at=2026-10-07,,unreviewed
FP-S0022,FP-CH01,"Gallup (2024). First time the U.S. ranks last among G7 nations in trust in national government, election honesty, judicial system, and military.",Gallup,Gallup (2024).,2024,,,institutional report or data,institution keyword,primary research or data,corroborating,listed as a validating source in the Research Map; not cited inline,"validates ""trust in hospitals, schools, courts, agencies, and the press falls year over year, and the falling is not irrational.""",,FP-CH01-C014,,FP-CH01-X09,,,unreviewed
FP-S0023,FP-CH01,"Pew (2024): ""These changes in opinion have a partisan cast, with supporters of one major political party shifting their views even as the other keeps faith."" Trust decline isn't purely a measure of institutional performance; it's also a measure of media-driven narrative consumption.",Pew,Pew (2024):,2024,,,institutional report or data,institution keyword,primary research or data,adversarial,cited in the Research Map as evidence for a counterpoint,,,,,FP-CH01-X02,,,unreviewed
FP-S0024,FP-CH02,"Stephen W. Porges, The Polyvagal Theory: Neurophysiological Foundations of Emotions, Attachment, Communication, and Self-Regulation (New York: W. W. Norton, 2011). Establishes the three-tier autonomic hierarchy of ventral vagal (social engagement / safety), sympathetic (fight-or-flight), and dorsal vagal (freeze / shutdown). The ""fawn"" response is a clinical extension widely adopted across trauma and somatic literatures. Porges also introduced the concept of neuroception, the nervous system's below-conscious scanning for cues of safety or threat.",Stephen W. Porges,"The Polyvagal Theory: Neurophysiological Foundations of Emotions, Attachment, Communication, and Self-Regulation",2011,https://www.polyvagalinstitute.org/whatispolyvagaltheory | https://www.psychologytoday.com/us/blog/the-hope-circuit/202604/polyvagal-theory-has-not-been-debunked,,book,"Chicago-style (City: Publisher, Year) parenthetical",primary (the work being cited),direct,cited inline in the chapter draft as a footnote,"validates ""fight, flight, freeze, fawn"" and ""a nervous system organized around threat has a narrower field of perceived options.""","Stephen W. Porges, The Polyvagal Theory: Neurophysiological Foundations of Emotions, Attachment, Communication, and Self-Regulation (New York: W. W. Norton, 2011). Establishes the three-tier autonomic hierarchy of ventral vagal (social engagement / safety), sympathetic (fight-or-flight), and dorsal vagal (freeze / shutdown). The ""fawn"" response is a clinical extension widely adopted across trauma and somatic literatures. Porges also introduced the concept of neuroception, the nervous system's below-conscious scanning for cues of safety or threat.",FP-CH02-C002 | FP-CH02-C004 | FP-CH02-C005 | FP-CH02-C008,,FP-CH02-X05 | FP-CH02-X06,url=https://www.polyvagalinstitute.org/whatispolyvagaltheory; status=200; final_url=https://www.polyvagalinstitute.org/whatispolyvagaltheory; result=reachable; checked_at=2026-10-07 | url=https://www.psychologytoday.com/us/blog/the-hope-circuit/202604/polyvagal-theory-has-not-been-debunked; status=200; final_url=https://www.psychologytoday.com/us/blog/the-hope-circuit/202604/polyvagal-theory-has-not-been-debunked; result=reachable; checked_at=2026-10-07,FP-S0106,unreviewed
FP-S0025,FP-CH02,"Shoshana Zuboff, The Age of Surveillance Capitalism: The Fight for a Human Future at the New Frontier of Power (New York: PublicAffairs, 2019). Defines surveillance capitalism as the unilateral claiming of private human experience as free raw material for behavioral prediction products, then for ""economies of action"" that ""tune, herd, and condition"" user behavior. Complemented by Tristan Harris and the Center for Humane Technology on the design-ethics framing of how attention-economy platforms are engineered to hijack decision-making, documented at length in The Social Dilemma (Netflix, 2020).",Shoshana Zuboff,The Age of Surveillance Capitalism: The Fight for a Human Future at the New Frontier of Power,2019,,,book,"Chicago-style (City: Publisher, Year) parenthetical",primary (the work being cited),direct,cited inline in the chapter draft as a footnote,"validates ""each ping asks for a response, and most get one"" and ""the energy spent responding looks like productive activity from outside"" and ""a life made entirely of skilled reactions does not build anything.""","Shoshana Zuboff, The Age of Surveillance Capitalism: The Fight for a Human Future at the New Frontier of Power (New York: PublicAffairs, 2019). Defines surveillance capitalism as the unilateral claiming of private human experience as free raw material for behavioral prediction products, then for ""economies of action"" that ""tune, herd, and condition"" user behavior. Complemented by Tristan Harris and the Center for Humane Technology on the design-ethics framing of how attention-economy platforms are engineered to hijack decision-making, documented at length in The Social Dilemma (Netflix, 2020).",FP-CH02-C003 | FP-CH02-C006,,FP-CH02-X06,,FP-S0039,unreviewed
FP-S0026,FP-CH02,"McEwen & Stellar 1993. Cumulative wear from chronic regulation overload. Cross-reference for the ""body stuck in survival patterns slowly loses agency under the weight of unresolved baggage"" claim.",McEwen & Stellar 1993,,1993,,,unclassified,"no rule matched; classify on review (matched in the annotation, not the citation)",unclassified,contextual,pointer to a source documented in another chapter,,,FP-CH02-C005 | FP-CH02-C008,,,,,unreviewed
FP-S0027,FP-CH02,Tristan Harris / Center for Humane Technology. Documented in CH01 sources. Harris's design-ethics framing complements Zuboff: the attention economy is engineered to hijack decision-making.,Tristan Harris / Center for Humane Technology,Tristan Harris / Center for Humane Technology.,,,,institutional report or data,institution keyword,primary research or data,contextual,pointer to a source documented in another chapter,"validates ""each ping asks for a response, and most get one"" and ""the energy spent responding looks like productive activity from outside"" and ""a life made entirely of skilled reactions does not build anything.""",,FP-CH02-C006,,FP-CH02-X06,,,unreviewed
FP-S0028,FP-CH02,"The Social Dilemma (Netflix, 2020). Documentary featuring both Zuboff and Harris.",The Social Dilemma,The Social Dilemma,2020,,,film or documentary,keyword,secondary or tertiary,corroborating,listed as a validating source in the Research Map; not cited inline,"validates ""each ping asks for a response, and most get one"" and ""the energy spent responding looks like productive activity from outside"" and ""a life made entirely of skilled reactions does not build anything.""",,FP-CH02-C006,,,,,unreviewed
FP-S0029,FP-CH02,Roy Baumeister's 1998 ego depletion finding (willpower as finite resource depleted by use) was widely cited then failed to replicate at scale in the 2010s replication crisis.,Roy Baumeister's 1998 ego depletion,Roy Baumeister's 1998 ego depletion,1998,,,unclassified,no rule matched; classify on review,unclassified,adversarial,cited in the Research Map as evidence for a counterpoint,,,,,FP-CH02-X01,,,unreviewed
FP-S0030,FP-CH02,"More recent framing (Inzlicht, Job). What looked like depletion may be a motivational shift — people perform less well on a second task because their motivation has shifted, not because a fuel tank has emptied.",More recent framing,"More recent framing (Inzlicht, Job).",,,,book or long-form work,"italic title only (matched in the annotation, not the citation)",unclassified,adversarial,cited in the Research Map as evidence for a counterpoint,,,,,FP-CH02-X01,,,unreviewed
FP-S0031,FP-CH03,"Shanto Iyengar, Yphtach Lelkes, Matthew Levendusky, Neil Malhotra, and Sean J. Westwood, ""The Origins and Consequences of Affective Polarization in the United States,"" Annual Review of Political Science 22 (2019): 129-146. Documents the dramatic rise in affective polarization (warmth toward co-partisans vs. opposing partisans) since the late 1970s. See also Lilliana Mason, Uncivil Agreement: How Politics Became Our Identity (Chicago: University of Chicago Press, 2018), which establishes that partisan-ideological sorting has increased social polarization more than it has increased policy disagreement — Americans agree more than they think but can no longer get along.",Shanto Iyengar,Annual Review of Political Science,2019,https://www.annualreviews.org/content/journals/10.1146/annurev-polisci-051117-073034,,journal article,"volume, page, or journal cue",primary research or data,direct,cited inline in the chapter draft as a footnote,,"Shanto Iyengar, Yphtach Lelkes, Matthew Levendusky, Neil Malhotra, and Sean J. Westwood, ""The Origins and Consequences of Affective Polarization in the United States,"" Annual Review of Political Science 22 (2019): 129-146. Documents the dramatic rise in affective polarization (warmth toward co-partisans vs. opposing partisans) since the late 1970s. See also Lilliana Mason, Uncivil Agreement: How Politics Became Our Identity (Chicago: University of Chicago Press, 2018), which establishes that partisan-ideological sorting has increased social polarization more than it has increased policy disagreement — Americans agree more than they think but can no longer get along.",FP-CH03-C002 | FP-CH03-C006,,FP-CH03-X07,url=https://www.annualreviews.org/content/journals/10.1146/annurev-polisci-051117-073034; status=403; final_url=https://www.annualreviews.org/content/journals/10.1146/annurev-polisci-051117-073034; result=blocked; checked_at=2026-10-07,,unreviewed
FP-S0032,FP-CH03,"Byung-Chul Han, The Burnout Society, trans. Erik Butler (Stanford: Stanford University Press, 2015). Philosophical-critical account of the achievement-society replacement of disciplinary society. Han traces how worth becomes self-driven productivity and rest becomes a recovery tool for more productivity. See also Jenny Odell, How to Do Nothing: Resisting the Attention Economy (New York: Melville House, 2019), for the trade-book treatment of the same critique with a practical resistance frame.",Byung-Chul Han,The Burnout Society,2015,,,book,"Chicago-style (City: Publisher, Year) parenthetical",secondary (synthesis),direct,cited inline in the chapter draft as a footnote,,"Byung-Chul Han, The Burnout Society, trans. Erik Butler (Stanford: Stanford University Press, 2015). Philosophical-critical account of the achievement-society replacement of disciplinary society. Han traces how worth becomes self-driven productivity and rest becomes a recovery tool for more productivity. See also Jenny Odell, How to Do Nothing: Resisting the Attention Economy (New York: Melville House, 2019), for the trade-book treatment of the same critique with a practical resistance frame.",FP-CH03-C004 | FP-CH03-C007 | FP-CH05-C005,,,,FP-S0048,unreviewed
FP-S0033,FP-CH03,"Jan-Willem van Prooijen, The Psychology of Conspiracy Theories (London: Routledge, 2018). Synthesizes the cognitive and affective conditions that make conspiratorial explanation appealing, especially under perceived threat, loss of control, and high uncertainty. The pattern the chapter names, a suspicion that stops answering a particular claim and starts answering all of them, is the well-documented ""conspiracy mentality"" trait described in van Prooijen's research.",Jan-Willem van Prooijen,The Psychology of Conspiracy Theories,2018,,,book,"Chicago-style (City: Publisher, Year) parenthetical",secondary (synthesis),direct,cited inline in the chapter draft as a footnote,,"Jan-Willem van Prooijen, The Psychology of Conspiracy Theories (London: Routledge, 2018). Synthesizes the cognitive and affective conditions that make conspiratorial explanation appealing, especially under perceived threat, loss of control, and high uncertainty. The pattern the chapter names, a suspicion that stops answering a particular claim and starts answering all of them, is the well-documented ""conspiracy mentality"" trait described in van Prooijen's research.",FP-CH03-C003 | FP-CH03-C008,,FP-CH03-X07,,,unreviewed
FP-S0034,FP-CH03,"Porges Polyvagal Theory (cited in CH02), McEwen allostatic load (cited in CH06). Cumulative neuroscience evidence that prolonged sympathetic activation collapses the cortical capacity for nuance, comparison, and uncertainty tolerance.",Porges Polyvagal Theory,Polyvagal Theory,,,,book or long-form work,"italic title only (matched in the annotation, not the citation)",primary (the work being cited),corroborating,listed as a validating source in the Research Map; not cited inline,,,FP-CH03-C005,,FP-CH03-X04 | FP-CH03-X07,,,unreviewed
FP-S0035,FP-CH03,Lilliana Mason (2018). Uncivil Agreement: How Politics Became Our Identity (University of Chicago Press). Documents that partisan-ideological sorting has increased social polarization more than it has increased policy disagreement. Americans agree more than they think but cannot get along.,Lilliana Mason,Lilliana Mason (2018).,2018,,,book,"italic title with year (matched in the annotation, not the citation)",secondary (synthesis),corroborating,listed as a validating source in the Research Map; not cited inline,,,FP-CH03-C006,,FP-CH03-X07,,,unreviewed
FP-S0036,FP-CH03,Jenny Odell (2019). How to Do Nothing: Resisting the Attention Economy (Melville House). Trade-book treatment of the same critique.,Jenny Odell,Jenny Odell (2019).,2019,,,book,"publisher or city-year cue beside an italic title (matched in the annotation, not the citation)",secondary (synthesis),corroborating,listed as a validating source in the Research Map; not cited inline,,,FP-CH03-C007,,FP-CH03-X07,,,unreviewed
FP-S0037,FP-CH04,"Consumer Financial Protection Bureau, research on overdraft, NSF fees, payday lending, and consumer credit. consumerfinance.gov/data-research (https://www.consumerfinance.gov/data-research/). CFPB has documented median overdraft fees over $30 on transactions averaging under $25, with the burden falling disproportionately on consumers least able to bear it. The 2022 No Surprises Act formally acknowledged the pattern of patients receiving medical bills months after care for prices never disclosed at the point of service.",Consumer Financial Protection Bureau,,2022,https://www.consumerfinance.gov/data-research/,,government or intergovernmental report,URL domain,primary research or data,direct,cited inline in the chapter draft as a footnote,,"Consumer Financial Protection Bureau, research on overdraft, NSF fees, payday lending, and consumer credit. consumerfinance.gov/data-research. CFPB has documented median overdraft fees over $30 on transactions averaging under $25, with the burden falling disproportionately on consumers least able to bear it. The 2022 No Surprises Act formally acknowledged the pattern of patients receiving medical bills months after care for prices never disclosed at the point of service.",FP-CH04-C002 | FP-CH04-C009,,,url=https://www.consumerfinance.gov/data-research/; status=200; final_url=https://www.consumerfinance.gov/data-research/; result=reachable; checked_at=2026-10-07,,unreviewed
FP-S0038,FP-CH04,"Pamela Herd and Donald P. Moynihan, Administrative Burden: Policymaking by Other Means (New York: Russell Sage Foundation, 2018). The canonical synthesis. Documents how learning costs, compliance costs, and psychological costs of dealing with state and corporate systems function as a regressive tax on time, falling hardest on the people with the least margin to absorb it.",Pamela Herd and Donald P. Moynihan,Administrative Burden: Policymaking by Other Means,2018,,,book,"Chicago-style (City: Publisher, Year) parenthetical",secondary (synthesis),direct,cited inline in the chapter draft as a footnote,,"Pamela Herd and Donald P. Moynihan, Administrative Burden: Policymaking by Other Means (New York: Russell Sage Foundation, 2018). The canonical synthesis. Documents how learning costs, compliance costs, and psychological costs of dealing with state and corporate systems function as a regressive tax on time, falling hardest on the people with the least margin to absorb it.",FP-CH04-C003 | FP-CH04-C010,,FP-CH04-X07,,,unreviewed
FP-S0039,FP-CH04,"Shoshana Zuboff, The Age of Surveillance Capitalism: The Fight for a Human Future at the New Frontier of Power (New York: PublicAffairs, 2019). Documents the extraction of private human experience as behavioral data, the prediction markets that traffic in that data, and the ""economies of action"" that close the loop by feeding behavioral nudges back into the user's environment. See also Johann Hari, Stolen Focus (Crown, 2022), for the trade-book treatment.",Shoshana Zuboff,The Age of Surveillance Capitalism: The Fight for a Human Future at the New Frontier of Power,2019,,,book,"Chicago-style (City: Publisher, Year) parenthetical",primary (the work being cited),direct,cited inline in the chapter draft as a footnote,,"Shoshana Zuboff, The Age of Surveillance Capitalism: The Fight for a Human Future at the New Frontier of Power (New York: PublicAffairs, 2019). Documents the extraction of private human experience as behavioral data, the prediction markets that traffic in that data, and the ""economies of action"" that close the loop by feeding behavioral nudges back into the user's environment. See also Johann Hari, Stolen Focus (Crown, 2022), for the trade-book treatment.",FP-CH04-C004 | FP-CH04-C008 | FP-CH04-C011 | FP-CH04-C015,,FP-CH04-X07,,FP-S0025,unreviewed
FP-S0040,FP-CH04 | FP-CH06,"Bruce S. McEwen and Eliot Stellar, ""Stress and the Individual: Mechanisms Leading to Disease,"" Archives of Internal Medicine 153, no. 18 (1993): 2093-2101 — the original allostatic load formulation. Chronic activation wears the body down along predictable lines: cardiovascular, metabolic, immune, and cognitive. See also the physician burnout and chronic disease epidemic literature documented in CH01.",Bruce S. McEwen and Eliot Stellar,Archives of Internal Medicine,1993,https://www.ncbi.nlm.nih.gov/pmc/articles/PMC3771475/,,journal article,"volume, page, or journal cue",primary (the work being cited),direct,cited inline in the chapter draft as a footnote,"validates ""regulation cannot keep pace with demand"" and ""one variable absorbs the entire load while others go offline."" Heart rate variability decline as AL increases gives a clean measurable marker.","Bruce S. McEwen and Eliot Stellar, ""Stress and the Individual: Mechanisms Leading to Disease,"" Archives of Internal Medicine 153, no. 18 (1993): 2093-2101 — the original allostatic load formulation. Chronic activation wears the body down along predictable lines: cardiovascular, metabolic, immune, and cognitive. See also the physician burnout and chronic disease epidemic literature documented in CH01.",FP-CH04-C005 | FP-CH04-C012 | FP-CH06-C002 | FP-CH06-C009 | FP-CH06-C013 | FP-CH06-C015 | FP-CH06-C016,,FP-CH04-X07,url=https://www.ncbi.nlm.nih.gov/pmc/articles/PMC3771475/; status=200; final_url=https://pmc.ncbi.nlm.nih.gov:443/articles/PMC3771475/; result=reachable; checked_at=2026-10-07,,unreviewed
FP-S0041,FP-CH04 | FP-CH11,"Vivek H. Murthy, U.S. Surgeon General, Our Epidemic of Loneliness and Isolation: The U.S. Surgeon General's Advisory on the Healing Effects of Social Connection and Community (Washington, DC: HHS, 2023). Documents loneliness as a public health crisis with cardiovascular, cognitive, and immune effects comparable to smoking 15 cigarettes a day. The Advisory frames isolation as a structural condition shaped by built environment, work patterns, and platform design — not a personal failing.",Vivek H. Murthy,Our Epidemic of Loneliness and Isolation: The U.S. Surgeon General's Advisory on the Healing Effects of Social Connection and Community,2023,,,book,"Chicago-style (City: Publisher, Year) parenthetical",secondary (synthesis),direct,cited inline in the chapter draft as a footnote,,"Vivek H. Murthy, U.S. Surgeon General, Our Epidemic of Loneliness and Isolation: The U.S. Surgeon General's Advisory on the Healing Effects of Social Connection and Community (Washington, DC: HHS, 2023). Documents loneliness as a public health crisis with cardiovascular, cognitive, and immune effects comparable to smoking 15 cigarettes a day. The Advisory frames isolation as a structural condition shaped by built environment, work patterns, and platform design — not a personal failing.",FP-CH04-C006 | FP-CH11-C003 | FP-CH11-C006,,FP-CH04-X07,,FP-S0044,unreviewed
FP-S0042,FP-CH04,"Omri Ben-Shahar and Carl E. Schneider, More Than You Wanted to Know: The Failure of Mandated Disclosure (Princeton: Princeton University Press, 2014). Documents that mandated consumer disclosure (terms of service, EULAs, fine print) routinely fails to inform consumers because the cognitive cost of comprehension exceeds available attention. Disclosure becomes a fig leaf, not a protection. The chapter's ""complexity is the moat"" claim is the popular framing of this established finding.",Omri Ben-Shahar and Carl E. Schneider,More Than You Wanted to Know: The Failure of Mandated Disclosure,2014,,,book,"Chicago-style (City: Publisher, Year) parenthetical",secondary (synthesis),direct,cited inline in the chapter draft as a footnote,,"Omri Ben-Shahar and Carl E. Schneider, More Than You Wanted to Know: The Failure of Mandated Disclosure (Princeton: Princeton University Press, 2014). Documents that mandated consumer disclosure (terms of service, EULAs, fine print) routinely fails to inform consumers because the cognitive cost of comprehension exceeds available attention. Disclosure becomes a fig leaf, not a protection. The chapter's ""complexity is the moat"" claim is the popular framing of this established finding.",FP-CH04-C007 | FP-CH04-C014,,FP-CH04-X07,,,unreviewed
FP-S0043,FP-CH04,No Surprises Act (2022) context. Documented pattern of patients receiving bills months after care for prices never disclosed.,No Surprises Act,No Surprises Act (2022) context.,2022,,,book,"italic title with year (matched in the annotation, not the citation)",secondary (synthesis),corroborating,listed as a validating source in the Research Map; not cited inline,,,FP-CH04-C009,,,,,unreviewed
FP-S0044,FP-CH04,"U.S. Surgeon General Vivek H. Murthy (2023). Our Epidemic of Loneliness and Isolation: The U.S. Surgeon General's Advisory (HHS). Documents loneliness as a public health crisis with cardiovascular, cognitive, and immune effects comparable to smoking 15 cigarettes a day.",U.S. Surgeon General Vivek H. Murthy,U.S. Surgeon General Vivek H. Murthy (2023).,2023,,,institutional report or data,institution keyword,primary research or data,corroborating,listed as a validating source in the Research Map; not cited inline,,,FP-CH04-C013,,FP-CH04-X07,,FP-S0041,unreviewed
FP-S0045,FP-CH05,"Carl Cederström and André Spicer, The Wellness Syndrome (Cambridge: Polity Press, 2015). Empirically critical examination of how the wellness, optimization, and self-improvement industries monetize self-perfection protocols whose ongoing failure drives repeat purchase. See also Byung-Chul Han, The Burnout Society (Stanford UP, 2015), for the philosophical statement of self-exploitation as the achievement society's defining pathology.",Carl Cederström and André Spicer,The Wellness Syndrome,2015,,,book,"Chicago-style (City: Publisher, Year) parenthetical",secondary (synthesis),direct,cited inline in the chapter draft as a footnote,,"Carl Cederström and André Spicer, The Wellness Syndrome (Cambridge: Polity Press, 2015). Empirically critical examination of how the wellness, optimization, and self-improvement industries monetize self-perfection protocols whose ongoing failure drives repeat purchase. See also Byung-Chul Han, The Burnout Society (Stanford UP, 2015), for the philosophical statement of self-exploitation as the achievement society's defining pathology.",FP-CH05-C002 | FP-CH05-C005 | FP-CH05-C007,,FP-CH05-X06,,,unreviewed
FP-S0046,FP-CH05,"Michael Marmot, The Health Gap: The Challenge of an Unequal World (London: Bloomsbury, 2015). Canonical synthesis of social determinants of health research. Documents that socioeconomic position, environment, and policy account for the majority of population health outcomes — far more than individual behavioral choices. See also the World Health Organization Commission on Social Determinants of Health, Closing the Gap in a Generation (Geneva: WHO, 2008), which established the international framework for social-determinants policy work. The asthma-and-freeway scenario the chapter describes is the prototypical clinical illustration in social-determinants pedagogy.",Michael Marmot,The Health Gap: The Challenge of an Unequal World,2015,,,book,"Chicago-style (City: Publisher, Year) parenthetical",secondary (synthesis),direct,cited inline in the chapter draft as a footnote,"validates the ""inhaler and the freeway"" clinical example. The asthma patient on the freeway is the canonical illustration in social-determinants pedagogy.","Michael Marmot, The Health Gap: The Challenge of an Unequal World (London: Bloomsbury, 2015). Canonical synthesis of social determinants of health research. Documents that socioeconomic position, environment, and policy account for the majority of population health outcomes — far more than individual behavioral choices. See also the World Health Organization Commission on Social Determinants of Health, Closing the Gap in a Generation (Geneva: WHO, 2008), which established the international framework for social-determinants policy work. The asthma-and-freeway scenario the chapter describes is the prototypical clinical illustration in social-determinants pedagogy.",FP-CH05-C003 | FP-CH05-C006,,FP-CH05-X06,,,unreviewed
FP-S0047,FP-CH05,"Anne Helen Petersen, Can't Even: How Millennials Became the Burnout Generation (New York: Houghton Mifflin Harcourt, 2020). Trade-journalistic account of how productivity advice and wellness culture have accelerated rather than relieved generational burnout. Petersen documents the structural conditions (housing precarity, gig labor, debt loads, parenting intensification) that the personal-optimization industry cannot reach and therefore cannot fix. See also Christina Maslach and Michael P. Leiter, ""Finding Solutions to the Problem of Burnout,"" Consulting Psychology Journal: Practice and Research 69, no. 2 (2017): 143-152, which makes the parallel case in clinical-psychology terms: burnout is structural and individual interventions alone cannot fix it.",Anne Helen Petersen,Can't Even: How Millennials Became the Burnout Generation,2020,,,book,"Chicago-style (City: Publisher, Year) parenthetical",primary (the work being cited),direct,cited inline in the chapter draft as a footnote,,"Anne Helen Petersen, Can't Even: How Millennials Became the Burnout Generation (New York: Houghton Mifflin Harcourt, 2020). Trade-journalistic account of how productivity advice and wellness culture have accelerated rather than relieved generational burnout. Petersen documents the structural conditions (housing precarity, gig labor, debt loads, parenting intensification) that the personal-optimization industry cannot reach and therefore cannot fix. See also Christina Maslach and Michael P. Leiter, ""Finding Solutions to the Problem of Burnout,"" Consulting Psychology Journal: Practice and Research 69, no. 2 (2017): 143-152, which makes the parallel case in clinical-psychology terms: burnout is structural and individual interventions alone cannot fix it.",FP-CH05-C004 | FP-CH05-C007,,FP-CH05-X06,,,unreviewed
FP-S0048,FP-CH05,Byung-Chul Han (2015). The Burnout Society (Stanford UP). Cross-reference from CH03. Self-exploitation as the achievement society's signature pathology.,Byung-Chul Han,Byung-Chul Han (2015).,2015,,,book,"italic title with year (matched in the annotation, not the citation)",secondary (synthesis),contextual,pointer to a source documented in another chapter,,,FP-CH05-C005,,,,FP-S0032,unreviewed
FP-S0049,FP-CH05,"WHO Commission on Social Determinants of Health (2008). Closing the Gap in a Generation. Establishes that ""social injustice is killing people on a grand scale"" — the inhaler-and-freeway scenario the chapter describes is the prototypical social-determinants case.",WHO Commission on Social Determinants of Health,WHO Commission on Social Determinants of Health (2008).,2008,,,book,"italic title with year (matched in the annotation, not the citation)",secondary (synthesis),corroborating,listed as a validating source in the Research Map; not cited inline,"validates the ""inhaler and the freeway"" clinical example. The asthma patient on the freeway is the canonical illustration in social-determinants pedagogy.",,FP-CH05-C006,,FP-CH05-X06,,,unreviewed
FP-S0050,FP-CH05,"Maslach (CH06 sources). Burnout is an organizational/structural condition, not a personal failing. Individual interventions (more sleep, more exercise, more discipline) cannot fix structurally-produced burnout.",Maslach,,,,,unclassified,"no rule matched; classify on review (matched in the annotation, not the citation)",unclassified,corroborating,listed as a validating source in the Research Map; not cited inline,,,FP-CH05-C008,,FP-CH05-X06,,,unreviewed
FP-S0051,FP-CH05,"Baumeister's ego depletion framework's failed replication (noted in CH02 counterpoints) is relevant context. The chapter's claim that ""you cannot out-discipline a feed built by teams of engineers"" is consistent with the replication crisis finding that willpower behaves more like motivation than like a finite fuel tank.",Baumeister's ego depletion framework's failed replication,,,,,unclassified,"no rule matched; classify on review (matched in the annotation, not the citation)",unclassified,corroborating,listed as a validating source in the Research Map; not cited inline,,,FP-CH05-C009,,,,,unreviewed
FP-S0052,FP-CH06,"Peter Sterling, ""Principles of Allostasis: Optimal Design, Predictive Regulation, Pathophysiology, and Rational Therapeutics,"" in Allostasis, Homeostasis, and the Costs of Physiological Adaptation, ed. Jay Schulkin (Cambridge: Cambridge University Press, 2004). See also Peter Sterling, ""Allostasis: A Model of Predictive Regulation,"" Physiology & Behavior 106, no. 1 (2012): 5–15; and Peter Sterling, ""Predictive Regulation and Human Design,"" eLife 7 (2018): e36133.",Peter Sterling,"Allostasis, Homeostasis, and the Costs of Physiological Adaptation",2004,https://retina.anatomy.upenn.edu/pdfiles/6277.pdf | https://www.researchgate.net/publication/51229788_Allostasis_A_Model_of_Predictive_Regulation | https://elifesciences.org/articles/36133 | https://www.meandqi.com/knowledge-base/concepts/ba-gang-eight-principles | https://en.akupunkturatkm.com/post/understanding-the-8-principles-of-diagnosis-in-tcm,,book,"Chicago-style (City: Publisher, Year) parenthetical",primary (the work being cited),direct,cited inline in the chapter draft as a footnote,"validates the chapter's claim that ""equilibrium is a process, not a state"" and that the body anticipates rather than just reacts. Strengthens the move from static-balance metaphor to dynamic-regulation framing.","Peter Sterling, ""Principles of Allostasis: Optimal Design, Predictive Regulation, Pathophysiology, and Rational Therapeutics,"" in Allostasis, Homeostasis, and the Costs of Physiological Adaptation, ed. Jay Schulkin (Cambridge: Cambridge University Press, 2004). See also Peter Sterling, ""Allostasis: A Model of Predictive Regulation,"" Physiology & Behavior 106, no. 1 (2012): 5–15; and Peter Sterling, ""Predictive Regulation and Human Design,"" eLife 7 (2018): e36133.",FP-CH06-C003 | FP-CH06-C013 | FP-CH06-C014 | FP-CH06-C016,,,url=https://retina.anatomy.upenn.edu/pdfiles/6277.pdf; final_url=https://retina.anatomy.upenn.edu/pdfiles/6277.pdf; result=unreachable: URLError; checked_at=2026-10-07 | url=https://www.researchgate.net/publication/51229788_Allostasis_A_Model_of_Predictive_Regulation; status=403; final_url=https://www.researchgate.net/publication/51229788_Allostasis_A_Model_of_Predictive_Regulation; result=blocked; checked_at=2026-10-07 | url=https://elifesciences.org/articles/36133; status=200; final_url=https://elifesciences.org/articles/36133; result=reachable; checked_at=2026-10-07 | url=https://www.meandqi.com/knowledge-base/concepts/ba-gang-eight-principles; status=200; final_url=https://www.meandqi.com/knowledge-base/concepts/ba-gang-eight-principles; result=reachable; checked_at=2026-10-07 | url=https://en.akupunkturatkm.com/post/understanding-the-8-principles-of-diagnosis-in-tcm; status=404; final_url=https://en.akupunkturatkm.com/post/understanding-the-8-principles-of-diagnosis-in-tcm; result=error; checked_at=2026-10-07,,unreviewed
FP-S0053,FP-CH06,"Nigel Wiseman and Andrew Ellis, Fundamentals of Chinese Medicine (Brookline, MA: Paradigm Publications, 1996). The Ba Gang (""Eight Principles"") diagnostic framework is foundational across the modern Chinese medicine curriculum. For a peer-reviewed clinical application demonstrating yin/yang pattern differentiation in modern practice, see Lai-Bao Zhong et al., ""Patterns of Traditional Chinese Medicine Diagnosis in Thermal Laser Acupuncture Treatment of Knee Osteoarthritis,"" Evidence-Based Complementary and Alternative Medicine (2013): 1–6.",Nigel Wiseman and Andrew Ellis,Fundamentals of Chinese Medicine,1996,https://agelessherbs.com/yin-yang-theory/,,book,"Chicago-style (City: Publisher, Year) parenthetical",secondary (synthesis),direct,cited inline in the chapter draft as a footnote,validates the chapter's reliance on Stephen's DACM training as authoritative source for the yin/yang clinical framing. The Ba Gang framework is exactly the diagnostic taxonomy the chapter references.,"Nigel Wiseman and Andrew Ellis, Fundamentals of Chinese Medicine (Brookline, MA: Paradigm Publications, 1996). The Ba Gang (""Eight Principles"") diagnostic framework is foundational across the modern Chinese medicine curriculum. For a peer-reviewed clinical application demonstrating yin/yang pattern differentiation in modern practice, see Lai-Bao Zhong et al., ""Patterns of Traditional Chinese Medicine Diagnosis in Thermal Laser Acupuncture Treatment of Knee Osteoarthritis,"" Evidence-Based Complementary and Alternative Medicine (2013): 1–6.",FP-CH06-C004 | FP-CH06-C016,,,url=https://agelessherbs.com/yin-yang-theory/; status=200; final_url=https://agelessherbs.com/yin-yang-theory/; result=reachable; checked_at=2026-10-07,,unreviewed
FP-S0054,FP-CH06,"Lao Tzu, Tao Te Ching, chapter 40, trans. D. C. Lau (London: Penguin Classics, 1963). The two-sentence chapter: ""Turning back is how the way moves; weakness is the means the way employs. The myriad creatures in the world are born from Something, and Something from Nothing.""",Lao Tzu,Tao Te Ching,1963,https://www.egreenway.com/taoism/ttclz40.htm,,book,"Chicago-style (City: Publisher, Year) parenthetical",primary (the work being cited),direct,cited inline in the chapter draft as a footnote,"validates ""each extreme contains the seed of its opposite"" as not Stephen's invention but a 2,500-year-old observation from the source tradition. Adds gravity to the section's central teaching.","Lao Tzu, Tao Te Ching, chapter 40, trans. D. C. Lau (London: Penguin Classics, 1963). The two-sentence chapter: ""Turning back is how the way moves; weakness is the means the way employs. The myriad creatures in the world are born from Something, and Something from Nothing.""",FP-CH06-C005 | FP-CH06-C017,,,url=https://www.egreenway.com/taoism/ttclz40.htm; status=200; final_url=https://www.egreenway.com/taoism/ttclz40.htm; result=reachable; checked_at=2026-10-07,,unreviewed
FP-S0055,FP-CH06,"Christian Davenport, Hank Johnston, and Carol Mueller, eds., Repression and Mobilization (Minneapolis: University of Minnesota Press, 2005). For more recent peer-reviewed work on the inverted-U relationship between repression and protest, see Elena Leuschner and Sebastian Hellmeier, ""State Concessions and Protest Mobilization in Authoritarian Regimes,"" Comparative Political Studies 57, no. 3 (2024). The chapter's argument that reversal can take generations is consistent with the literature's finding that very-high repression suppresses visible mobilization in the short term while the underlying conditions for reversal continue to accumulate.",Christian Davenport,Repression and Mobilization,2005,https://www.upress.umn.edu/9780816644261/repression-and-mobilization/,,book,"Chicago-style (City: Publisher, Year) parenthetical",secondary (synthesis),direct,cited inline in the chapter draft as a footnote,"validates ""a culture pushed to maximum order generates the seeds of disorder"" and ""a political system that maximizes one party's power without check produces the conditions for the opposing reaction."" Caveat: the inverted-U finding (see Counterpoints) means very-low and very-high repression both produce LOW mobilization; the seeds-of-opposite pattern is strongest in the middle range, not at the absolute extreme.","Christian Davenport, Hank Johnston, and Carol Mueller, eds., Repression and Mobilization (Minneapolis: University of Minnesota Press, 2005). For more recent peer-reviewed work on the inverted-U relationship between repression and protest, see Elena Leuschner and Sebastian Hellmeier, ""State Concessions and Protest Mobilization in Authoritarian Regimes,"" Comparative Political Studies 57, no. 3 (2024). The chapter's argument that reversal can take generations is consistent with the literature's finding that very-high repression suppresses visible mobilization in the short term while the underlying conditions for reversal continue to accumulate.",FP-CH06-C011 | FP-CH06-C021,,,url=https://www.upress.umn.edu/9780816644261/repression-and-mobilization/; status=200; final_url=https://www.upress.umn.edu/9780816644261/repression-and-mobilization/; result=reachable; checked_at=2026-10-07,,unreviewed
FP-S0056,FP-CH06,"Hyman P. Minsky, Stabilizing an Unstable Economy (New Haven: Yale University Press, 1986). The Financial Instability Hypothesis traces how stable conditions produce the leverage and risk-taking that yield the Minsky moment of collapse. For an empirical historical application to the Asian Tiger crisis, see Eladio Febrero, ""'Stability Breeds Instability?' A Minskian Analysis of the Crisis of the Asian Tigers in the 1990s,"" Investigaciones de Historia Económica 10, no. 2 (2014): 86–96.",Hyman P. Minsky,Stabilizing an Unstable Economy,1986,https://cms.nucleusnetwork.com/urban-beat/minskys-financial-instability-hypothesis-explained-1767647689,,book,"Chicago-style (City: Publisher, Year) parenthetical",primary (the work being cited),direct,cited inline in the chapter draft as a footnote,"validates the chapter's claim that ""a market pushed to maximum growth generates the seeds of contraction inside the growth."" Minsky names the mechanism: stability → complacency → leverage → fragility → collapse. Exact match for the seeds-of-opposite framing in financial systems.","Hyman P. Minsky, Stabilizing an Unstable Economy (New Haven: Yale University Press, 1986). The Financial Instability Hypothesis traces how stable conditions produce the leverage and risk-taking that yield the Minsky moment of collapse. For an empirical historical application to the Asian Tiger crisis, see Eladio Febrero, ""'Stability Breeds Instability?' A Minskian Analysis of the Crisis of the Asian Tigers in the 1990s,"" Investigaciones de Historia Económica 10, no. 2 (2014): 86–96.",FP-CH06-C006 | FP-CH06-C018,,,url=https://cms.nucleusnetwork.com/urban-beat/minskys-financial-instability-hypothesis-explained-1767647689; final_url=https://cms.nucleusnetwork.com/urban-beat/minskys-financial-instability-hypothesis-explained-1767647689; result=unreachable: URLError; checked_at=2026-10-07,,unreviewed
FP-S0057,FP-CH06,"Murray Bowen, Family Therapy in Clinical Practice (New York: Jason Aronson, 1978). The canonical statement of Bowen Family Systems Theory, including differentiation of self, emotional fusion, and the pursuer-distancer pattern. For a contemporary clinical application, see ""Bowen's Theory: Case Study Review in the Light of Differentiation of Self,"" International Journal of Research and Innovation in Social Science 7, no. 7 (2023).",Murray Bowen,Family Therapy in Clinical Practice,1978,https://www.psychologytoday.com/us/blog/your-emotional-meter/202311/understanding-bowen-family-systems-theory,,book,"Chicago-style (City: Publisher, Year) parenthetical",primary (the work being cited),direct,cited inline in the chapter draft as a footnote,"validates ""a relationship pushed to maximum closeness generates the seeds of distance inside the closeness."" Bowen names the precise mechanism: fusion generates the reactive pursuit-and-distance pattern that, in time, produces the very distance the closeness was meant to prevent.","Murray Bowen, Family Therapy in Clinical Practice (New York: Jason Aronson, 1978). The canonical statement of Bowen Family Systems Theory, including differentiation of self, emotional fusion, and the pursuer-distancer pattern. For a contemporary clinical application, see ""Bowen's Theory: Case Study Review in the Light of Differentiation of Self,"" International Journal of Research and Innovation in Social Science 7, no. 7 (2023).",FP-CH06-C007 | FP-CH06-C020,,,url=https://www.psychologytoday.com/us/blog/your-emotional-meter/202311/understanding-bowen-family-systems-theory; status=200; final_url=https://www.psychologytoday.com/us/blog/your-emotional-meter/202311/understanding-bowen-family-systems-theory; result=reachable; checked_at=2026-10-07,,unreviewed
FP-S0058,FP-CH06,"Christina Maslach, ""Job Burnout,"" Current Directions in Psychological Science 12, no. 5 (2003): 189–192. The three-dimension burnout model: emotional exhaustion, depersonalization, and reduced personal accomplishment. See also Christina Maslach and Michael P. Leiter, ""Finding Solutions to the Problem of Burnout,"" Consulting Psychology Journal: Practice and Research 69, no. 2 (2017): 143–152, for the reframing of burnout as an organizational rather than individual problem.",Christina Maslach,Current Directions in Psychological Science,2003,https://journals.sagepub.com/doi/abs/10.1111/1467-8721.01258 | https://www.apa.org/members/content/burnout-research | https://www.ncbi.nlm.nih.gov/pmc/articles/PMC9082414/,,journal article,"volume, page, or journal cue",primary (the work being cited),direct,cited inline in the chapter draft as a footnote,"validates ""person pushed to maximum hustle generates the seeds of collapse."" Maslach's three-stage progression is itself a seeds-of-opposite sequence: maximum effort → exhaustion → cynicism → loss of accomplishment.","Christina Maslach, ""Job Burnout,"" Current Directions in Psychological Science 12, no. 5 (2003): 189–192. The three-dimension burnout model: emotional exhaustion, depersonalization, and reduced personal accomplishment. See also Christina Maslach and Michael P. Leiter, ""Finding Solutions to the Problem of Burnout,"" Consulting Psychology Journal: Practice and Research 69, no. 2 (2017): 143–152, for the reframing of burnout as an organizational rather than individual problem.",FP-CH06-C008 | FP-CH06-C019,,,url=https://journals.sagepub.com/doi/abs/10.1111/1467-8721.01258; status=403; final_url=https://journals.sagepub.com/doi/abs/10.1111/1467-8721.01258; result=blocked; checked_at=2026-10-07 | url=https://www.apa.org/members/content/burnout-research; status=200; final_url=https://www.apa.org/members/content/burnout-research; result=reachable; checked_at=2026-10-07 | url=https://www.ncbi.nlm.nih.gov/pmc/articles/PMC9082414/; status=200; final_url=https://pmc.ncbi.nlm.nih.gov:443/articles/PMC9082414/; result=reachable; checked_at=2026-10-07,,unreviewed
FP-S0059,FP-CH06,"Tudor O. Bompa and Carlo A. Buzzichelli, Periodization: Theory and Methodology of Training, 6th ed. (Champaign, IL: Human Kinetics, 2018). The standard text on periodization in elite sport training. For peer-reviewed work on stress, recovery, and burnout in elite young athletes, see Insa Nixdorf et al., ""The Impact of Stress, Recovery, and Coping on Burnout Symptoms of Young Elite Table-Tennis Players: A Prospective Multilevel Study,"" Frontiers in Psychology 13 (2022).",Tudor O. Bompa and Carlo A. Buzzichelli,Periodization: Theory and Methodology of Training,2018,,,book,"Chicago-style (City: Publisher, Year) parenthetical",secondary (synthesis),direct,cited inline in the chapter draft as a footnote,,"Tudor O. Bompa and Carlo A. Buzzichelli, Periodization: Theory and Methodology of Training, 6th ed. (Champaign, IL: Human Kinetics, 2018). The standard text on periodization in elite sport training. For peer-reviewed work on stress, recovery, and burnout in elite young athletes, see Insa Nixdorf et al., ""The Impact of Stress, Recovery, and Coping on Burnout Symptoms of Young Elite Table-Tennis Players: A Prospective Multilevel Study,"" Frontiers in Psychology 13 (2022).",FP-CH06-C010,,,,,unreviewed
FP-S0060,FP-CH06,"Wikipedia / clinical reviews — hyponatremia and hypernatremia. Standard clinical reference for sodium imbalance. Hyponatremia (excess water relative to sodium) below ~125 mEq/L produces cerebral edema, seizures, death. Hypernatremia (excess sodium) produces cellular dehydration, neurological collapse, death. Both extremes kill on the same axis the chapter names.",Wikipedia / clinical reviews — hyponatremia and hypernatremia,Wikipedia / clinical reviews — hyponatremia and hypernatremia.,,,,encyclopedia (tertiary),names Wikipedia,secondary or tertiary,corroborating,listed as a validating source in the Research Map; not cited inline,validates the opening salt/water example as not metaphor but clinical reality.,,FP-CH06-C012,,,,,unreviewed
FP-S0061,FP-CH06,Allostatic load biomarkers of chronic stress and impact on health and cognition (https://www.sciencedirect.com/science/article/abs/pii/S0149763409001481) — peer-reviewed in Neuroscience and Biobehavioral Reviews. Maps the cascade: stress → SAM axis catecholamines → HPA axis glucocorticoids → cumulative load → disease.,Allostatic load biomarkers of chronic stress and impact on health and cognition,[Allostatic load biomarkers of chronic stress and impact on health and cognition](https://www.sciencedirect.com/science/article/abs/pii/S0149763409001481),,https://www.sciencedirect.com/science/article/abs/pii/S0149763409001481,,peer-reviewed article,URL domain is a journal or index,primary research or data,corroborating,listed as a validating source in the Research Map; not cited inline,"validates ""regulation cannot keep pace with demand"" and ""one variable absorbs the entire load while others go offline."" Heart rate variability decline as AL increases gives a clean measurable marker.",,FP-CH06-C013 | FP-CH06-C015,,FP-CH06-X01,url=https://www.sciencedirect.com/science/article/abs/pii/S0149763409001481; status=403; final_url=https://www.sciencedirect.com/science/article/abs/pii/S0149763409001481; result=blocked; checked_at=2026-10-07,,unreviewed
FP-S0062,FP-CH06,"Adverse childhood experiences, allostasis, allostatic load (https://www.pacesconnection.com/fileSendAction/fcType/0/fcOid/423235373905059800/filePointer/423235373931506913/fodoid/423235373931506909/Bruce%20MC.pdf) — McEwen direct. Connects chronic stress with cumulative damage.",Adverse childhood experiences,"[Adverse childhood experiences, allostasis, allostatic load](https://www.pacesconnection.com/fileSendAction/fcType/0/fcOid/423235373905059800/filePointer/423235373931506913/fodoid/423235373931506909/Bruce%20MC.pdf)",,https://www.pacesconnection.com/fileSendAction/fcType/0/fcOid/423235373905059800/filePointer/423235373931506913/fodoid/423235373931506909/Bruce%20MC.pdf,,book or long-form work,"italic title only (matched in the annotation, not the citation)",primary (the work being cited),corroborating,listed as a validating source in the Research Map; not cited inline,"validates ""regulation cannot keep pace with demand"" and ""one variable absorbs the entire load while others go offline."" Heart rate variability decline as AL increases gives a clean measurable marker.",,FP-CH06-C013 | FP-CH06-C015,,,url=https://www.pacesconnection.com/fileSendAction/fcType/0/fcOid/423235373905059800/filePointer/423235373931506913/fodoid/423235373931506909/Bruce%20MC.pdf; status=200; final_url=https://pacesconnection.com/landing-page; result=reachable; checked_at=2026-10-07,,unreviewed
FP-S0063,FP-CH06,"Allostatic load, a measure of cumulative physiological stress, impairs brain structure (https://www.frontiersin.org/journals/aging-neuroscience/articles/10.3389/fnagi.2025.1508677/full) — 2025 Frontiers in Aging Neuroscience. Recent confirmation of brain-structure damage from cumulative AL.",Allostatic load,"[Allostatic load, a measure of cumulative physiological stress, impairs brain structure](https://www.frontiersin.org/journals/aging-neuroscience/articles/10.3389/fnagi.2025.1508677/full)",2025,https://www.frontiersin.org/journals/aging-neuroscience/articles/10.3389/fnagi.2025.1508677/full,,peer-reviewed article,URL domain is a journal or index,primary research or data,corroborating,listed as a validating source in the Research Map; not cited inline,"validates ""regulation cannot keep pace with demand"" and ""one variable absorbs the entire load while others go offline."" Heart rate variability decline as AL increases gives a clean measurable marker.",,FP-CH06-C013 | FP-CH06-C015,,FP-CH06-X01,url=https://www.frontiersin.org/journals/aging-neuroscience/articles/10.3389/fnagi.2025.1508677/full; status=200; final_url=https://www.frontiersin.org/journals/aging-neuroscience/articles/10.3389/fnagi.2025.1508677/full; result=reachable; checked_at=2026-10-07,,unreviewed
FP-S0064,FP-CH06,"Impact of Allostatic Load on Chronic Hepatitis B and C: A Narrative Review (https://www.ncbi.nlm.nih.gov/pmc/articles/PMC12519038/) — NCBI peer-reviewed, applies AL to specific chronic disease.",Impact of Allostatic Load on Chronic Hepatitis B and C: A Narrative Review,[Impact of Allostatic Load on Chronic Hepatitis B and C: A Narrative Review](https://www.ncbi.nlm.nih.gov/pmc/articles/PMC12519038/),,https://www.ncbi.nlm.nih.gov/pmc/articles/PMC12519038/,,peer-reviewed article,URL domain is a journal or index,primary research or data,corroborating,listed as a validating source in the Research Map; not cited inline,"validates ""regulation cannot keep pace with demand"" and ""one variable absorbs the entire load while others go offline."" Heart rate variability decline as AL increases gives a clean measurable marker.",,FP-CH06-C013 | FP-CH06-C015,,FP-CH06-X01,url=https://www.ncbi.nlm.nih.gov/pmc/articles/PMC12519038/; status=200; final_url=https://pmc.ncbi.nlm.nih.gov:443/articles/PMC12519038/; result=reachable; checked_at=2026-10-07,,unreviewed
FP-S0065,FP-CH06,"Chapter 40 commentary (https://www.centertao.org/essays/tao-te-ching/dc-lau/chapter-40-commentary/). Unpacks the reversal teaching: ""Nothing expands forever without eventually contracting."" Direct philosophical foundation for the chapter's seeds-of-opposite claim.",Chapter 40 commentary,[Chapter 40 commentary](https://www.centertao.org/essays/tao-te-ching/dc-lau/chapter-40-commentary/).,,https://www.centertao.org/essays/tao-te-ching/dc-lau/chapter-40-commentary/,,institutional report or data,"institution keyword (matched in the annotation, not the citation)",primary research or data,corroborating,listed as a validating source in the Research Map; not cited inline,"validates ""each extreme contains the seed of its opposite"" as not Stephen's invention but a 2,500-year-old observation from the source tradition. Adds gravity to the section's central teaching.",,FP-CH06-C017,,,url=https://www.centertao.org/essays/tao-te-ching/dc-lau/chapter-40-commentary/; status=200; final_url=https://www.centertao.org/essays/tao-te-ching/dc-lau/chapter-40-commentary/; result=reachable; checked_at=2026-10-07,,unreviewed
FP-S0066,FP-CH06,"""Stability breeds instability?"" A Minskian analysis of the crisis of the Asian Tigers in the 1990s (https://www.elsevier.es/en-revista-investigaciones-historia-economica-economic-328-articulo-stability-breeds-instability-a-minskian-S1698698914000046) — peer-reviewed in Investigaciones de Historia Económica. Empirical application to a specific historical case.","""Stability breeds instability?"" A Minskian analysis of the crisis of the Asian Tigers in the 1990s","[""Stability breeds instability?"" A Minskian analysis of the crisis of the Asian Tigers in the 1990s](https://www.elsevier.es/en-revista-investigaciones-historia-economica-economic-328-articulo-stability-breeds-instability-a-minskian-S1698698914000046)",,https://www.elsevier.es/en-revista-investigaciones-historia-economica-economic-328-articulo-stability-breeds-instability-a-minskian-S1698698914000046,,book or long-form work,"italic title only (matched in the annotation, not the citation)",unclassified,corroborating,listed as a validating source in the Research Map; not cited inline,"validates the chapter's claim that ""a market pushed to maximum growth generates the seeds of contraction inside the growth."" Minsky names the mechanism: stability → complacency → leverage → fragility → collapse. Exact match for the seeds-of-opposite framing in financial systems.",,FP-CH06-C018,,FP-CH06-X06,url=https://www.elsevier.es/en-revista-investigaciones-historia-economica-economic-328-articulo-stability-breeds-instability-a-minskian-S1698698914000046; status=200; final_url=https://www.elsevier.es/es-revista-investigaciones-historia-economica-economic-328-articulo-stability-breeds-instability-a-minskian-S1698698914000046; result=reachable; checked_at=2026-10-07,,unreviewed
FP-S0067,FP-CH06,"Maslach (2017) — Finding Solutions to the Problem of Burnout (https://www.anesthesiallc.com/images/eAlertsSource/Finding-solutions-to-burnout-Maslach-CPJ-2017-3.pdf). Reframes burnout as an organizational/structural condition, not a personal failing. Critical for the chapter's argument that the pull toward absolutes is structural, not individual weakness.",Maslach,[Maslach (2017) — Finding Solutions to the Problem of Burnout](https://www.anesthesiallc.com/images/eAlertsSource/Finding-solutions-to-burnout-Maslach-CPJ-2017-3.pdf).,2017,https://www.anesthesiallc.com/images/eAlertsSource/Finding-solutions-to-burnout-Maslach-CPJ-2017-3.pdf,,book,"italic title with year (matched in the annotation, not the citation)",primary (the work being cited),corroborating,listed as a validating source in the Research Map; not cited inline,"validates ""person pushed to maximum hustle generates the seeds of collapse."" Maslach's three-stage progression is itself a seeds-of-opposite sequence: maximum effort → exhaustion → cynicism → loss of accomplishment.",,FP-CH06-C019,,,url=https://www.anesthesiallc.com/images/eAlertsSource/Finding-solutions-to-burnout-Maslach-CPJ-2017-3.pdf; status=200; final_url=https://www.anesthesiallc.com/images/eAlertsSource/Finding-solutions-to-burnout-Maslach-CPJ-2017-3.pdf; result=reachable; checked_at=2026-10-07,,unreviewed
FP-S0068,FP-CH06,"The Pursuer-Distancer Dynamic (https://anniewright.com/the-pursuer-distancer-dynamic-how-to-stop-the/). Specific clinical treatment of the pattern. ""As one member increases the distance, the other pursues; the greater the tension or anxiety in the system, the greater the movement of distancing and pursuit.""",The Pursuer-Distancer Dynamic,[The Pursuer-Distancer Dynamic](https://anniewright.com/the-pursuer-distancer-dynamic-how-to-stop-the/).,,https://anniewright.com/the-pursuer-distancer-dynamic-how-to-stop-the/,,book or long-form work,"italic title only (matched in the annotation, not the citation)",unclassified,corroborating,listed as a validating source in the Research Map; not cited inline,"validates ""a relationship pushed to maximum closeness generates the seeds of distance inside the closeness."" Bowen names the precise mechanism: fusion generates the reactive pursuit-and-distance pattern that, in time, produces the very distance the closeness was meant to prevent.",,FP-CH06-C020,,,url=https://anniewright.com/the-pursuer-distancer-dynamic-how-to-stop-the/; status=200; final_url=https://anniewright.com/anxious-avoidant-cycle/; result=reachable; checked_at=2026-10-07,,unreviewed
FP-S0069,FP-CH06,Bowen's Theory: Case Study Review (https://rsisinternational.org/journals/ijriss/articles/bowens-theory-case-study-review-in-the-light-of-differentiation-of-self/) — peer-reviewed International Journal of Research and Innovation in Social Science. Empirical case application of differentiation theory.,Bowen's Theory: Case Study Review,[Bowen's Theory: Case Study Review](https://rsisinternational.org/journals/ijriss/articles/bowens-theory-case-study-review-in-the-light-of-differentiation-of-self/),,https://rsisinternational.org/journals/ijriss/articles/bowens-theory-case-study-review-in-the-light-of-differentiation-of-self/,,journal article,"volume, page, or journal cue",primary (the work being cited),corroborating,listed as a validating source in the Research Map; not cited inline,"validates ""a relationship pushed to maximum closeness generates the seeds of distance inside the closeness."" Bowen names the precise mechanism: fusion generates the reactive pursuit-and-distance pattern that, in time, produces the very distance the closeness was meant to prevent.",,FP-CH06-C020,,FP-CH06-X07,url=https://rsisinternational.org/journals/ijriss/articles/bowens-theory-case-study-review-in-the-light-of-differentiation-of-self/; status=200; final_url=https://rsisinternational.org/journals/ijriss/articles/bowens-theory-case-study-review-in-the-light-of-differentiation-of-self/; result=reachable; checked_at=2026-10-07,,unreviewed
FP-S0070,FP-CH06,"State Concessions and Protest Mobilization in Authoritarian Regimes (https://journals.sagepub.com/doi/10.1177/00104140231169022) — Leuschner & Hellmeier, 2024, in Comparative Political Studies. Documents the concession-repression dilemma: both responses can trigger future mobilization.",State Concessions and Protest Mobilization in Authoritarian Regimes,[State Concessions and Protest Mobilization in Authoritarian Regimes](https://journals.sagepub.com/doi/10.1177/00104140231169022),2024,https://journals.sagepub.com/doi/10.1177/00104140231169022,,peer-reviewed article,URL domain is a journal or index,primary research or data,corroborating,listed as a validating source in the Research Map; not cited inline,"validates ""a culture pushed to maximum order generates the seeds of disorder"" and ""a political system that maximizes one party's power without check produces the conditions for the opposing reaction."" Caveat: the inverted-U finding (see Counterpoints) means very-low and very-high repression both produce LOW mobilization; the seeds-of-opposite pattern is strongest in the middle range, not at the absolute extreme.",,FP-CH06-C021,FP-CH06-C021,FP-CH06-X03,url=https://journals.sagepub.com/doi/10.1177/00104140231169022; status=403; final_url=https://journals.sagepub.com/doi/10.1177/00104140231169022; result=blocked; checked_at=2026-10-07,,unreviewed
FP-S0071,FP-CH06,"From ""the effect of repression"" toward ""the response to repression"" (https://pmc.ncbi.nlm.nih.gov/articles/PMC6146312/) — NCBI peer-reviewed framework piece. Empirical synthesis of how repression escalates rather than suppresses opposition under certain conditions.","From ""the effect of repression"" toward ""the response to repression""","[From ""the effect of repression"" toward ""the response to repression""](https://pmc.ncbi.nlm.nih.gov/articles/PMC6146312/)",,https://pmc.ncbi.nlm.nih.gov/articles/PMC6146312/,,peer-reviewed article,URL domain is a journal or index,primary research or data,corroborating,listed as a validating source in the Research Map; not cited inline,"validates ""a culture pushed to maximum order generates the seeds of disorder"" and ""a political system that maximizes one party's power without check produces the conditions for the opposing reaction."" Caveat: the inverted-U finding (see Counterpoints) means very-low and very-high repression both produce LOW mobilization; the seeds-of-opposite pattern is strongest in the middle range, not at the absolute extreme.",,FP-CH06-C021,,,url=https://pmc.ncbi.nlm.nih.gov/articles/PMC6146312/; status=200; final_url=https://pmc.ncbi.nlm.nih.gov/articles/PMC6146312/; result=reachable; checked_at=2026-10-07,,unreviewed
FP-S0072,FP-CH06,"The causes, content and consequences of repression (https://www.tandfonline.com/doi/full/10.1080/14742837.2022.2067140) — Social Movement Studies. Analytical framework for repression's downstream effects.",The causes,"[The causes, content and consequences of repression](https://www.tandfonline.com/doi/full/10.1080/14742837.2022.2067140)",,https://www.tandfonline.com/doi/full/10.1080/14742837.2022.2067140,,peer-reviewed article,URL domain is a journal or index,primary research or data,corroborating,listed as a validating source in the Research Map; not cited inline,"validates ""a culture pushed to maximum order generates the seeds of disorder"" and ""a political system that maximizes one party's power without check produces the conditions for the opposing reaction."" Caveat: the inverted-U finding (see Counterpoints) means very-low and very-high repression both produce LOW mobilization; the seeds-of-opposite pattern is strongest in the middle range, not at the absolute extreme.",,FP-CH06-C021,,,url=https://www.tandfonline.com/doi/full/10.1080/14742837.2022.2067140; status=403; final_url=https://www.tandfonline.com/doi/full/10.1080/14742837.2022.2067140; result=blocked; checked_at=2026-10-07,,unreviewed
FP-S0073,FP-CH06,"Monoculture and the Irish Potato Famine — UC Berkeley Evolution 101 (https://evolution.berkeley.edu/the-relevance-of-evolution/agriculture/monoculture-and-the-irish-potato-famine-cases-of-missing-genetic-variation/). Authoritative academic source. Establishes the ""lumper"" potato as genetically identical clones across Ireland, vulnerable to Phytophthora infestans, and the cascade to ~1 million dead and ~1 million emigrating.",Monoculture and the Irish Potato Famine — UC Berkeley Evolution 101,[Monoculture and the Irish Potato Famine — UC Berkeley Evolution 101](https://evolution.berkeley.edu/the-relevance-of-evolution/agriculture/monoculture-and-the-irish-potato-famine-cases-of-missing-genetic-variation/).,,https://evolution.berkeley.edu/the-relevance-of-evolution/agriculture/monoculture-and-the-irish-potato-famine-cases-of-missing-genetic-variation/,,book or long-form work,"italic title only (matched in the annotation, not the citation)",unclassified,corroborating,listed as a validating source in the Research Map; not cited inline,"powerful illustrative example for ""monoculture vs polyculture agricultural data"" claim in the original Research Map. Demonstrates seeds-of-opposite at the species/agricultural level: maximum efficiency in seed selection produced maximum vulnerability to one pathogen. ---",,FP-CH06-C022,,,url=https://evolution.berkeley.edu/the-relevance-of-evolution/agriculture/monoculture-and-the-irish-potato-famine-cases-of-missing-genetic-variation/; status=200; final_url=https://evolution.berkeley.edu/the-relevance-of-evolution/agriculture/monoculture-and-the-irish-potato-famine-cases-of-missing-genetic-variation/; result=reachable; checked_at=2026-10-07,,unreviewed
FP-S0074,FP-CH06,Great Famine (Ireland) — Wikipedia (https://en.wikipedia.org/wiki/Great_Famine_(Ireland)) for historical scope and mortality figures.,Great Famine,[Great Famine (Ireland) — Wikipedia](https://en.wikipedia.org/wiki/Great_Famine_(Ireland)),,https://en.wikipedia.org/wiki/Great_Famine_(Ireland),,encyclopedia (tertiary),names Wikipedia,secondary or tertiary,corroborating,listed as a validating source in the Research Map; not cited inline,"powerful illustrative example for ""monoculture vs polyculture agricultural data"" claim in the original Research Map. Demonstrates seeds-of-opposite at the species/agricultural level: maximum efficiency in seed selection produced maximum vulnerability to one pathogen. ---",,FP-CH06-C022,,,url=https://en.wikipedia.org/wiki/Great_Famine_(Ireland); status=200; final_url=https://en.wikipedia.org/wiki/Great_Famine_(Ireland); result=reachable; checked_at=2026-10-07,,unreviewed
FP-S0075,FP-CH06,"Allostatic Load Measurement: A Systematic Review of Reviews (https://pmc.ncbi.nlm.nih.gov/articles/PMC9779615/) — NCBI 2022. ""The allostatic load construct lacks construct validity as its measurement varies widely across studies."" Different studies select different biomarkers and scoring methods.",Allostatic Load Measurement: A Systematic Review of Reviews,[Allostatic Load Measurement: A Systematic Review of Reviews](https://pmc.ncbi.nlm.nih.gov/articles/PMC9779615/),2022,https://pmc.ncbi.nlm.nih.gov/articles/PMC9779615/,,peer-reviewed article,URL domain is a journal or index,primary research or data,adversarial,cited in the Research Map as evidence for a counterpoint,,,,FP-CH06-C013 | FP-CH06-C015,FP-CH06-X01,url=https://pmc.ncbi.nlm.nih.gov/articles/PMC9779615/; status=200; final_url=https://pmc.ncbi.nlm.nih.gov/articles/PMC9779615/; result=reachable; checked_at=2026-10-07,,unreviewed
FP-S0076,FP-CH06,Towards a consensus definition of allostatic load (https://www.sciencedirect.com/science/article/pii/S0306453023000951) — multi-cohort meta-analysis. Acknowledges definitional inconsistency and proposes a standardized five-biomarker panel.,Towards a consensus definition of allostatic load,[Towards a consensus definition of allostatic load](https://www.sciencedirect.com/science/article/pii/S0306453023000951),,https://www.sciencedirect.com/science/article/pii/S0306453023000951,,peer-reviewed article,URL domain is a journal or index,primary research or data,adversarial,cited in the Research Map as evidence for a counterpoint,,,,FP-CH06-C013 | FP-CH06-C015,FP-CH06-X01,url=https://www.sciencedirect.com/science/article/pii/S0306453023000951; status=403; final_url=https://www.sciencedirect.com/science/article/pii/S0306453023000951; result=blocked; checked_at=2026-10-07,,unreviewed
FP-S0077,FP-CH06,"Allostatic Load as a Complex Clinical Construct (https://www.ncbi.nlm.nih.gov/pmc/articles/PMC5300684/) — flags that the construct is ""comprised of a complex causal network of bioallostatic systems"" too dense for conventional statistical modeling.",Allostatic Load as a Complex Clinical Construct,[Allostatic Load as a Complex Clinical Construct](https://www.ncbi.nlm.nih.gov/pmc/articles/PMC5300684/),,https://www.ncbi.nlm.nih.gov/pmc/articles/PMC5300684/,,peer-reviewed article,URL domain is a journal or index,primary research or data,adversarial,cited in the Research Map as evidence for a counterpoint,,,,FP-CH06-C013 | FP-CH06-C015,FP-CH06-X01,url=https://www.ncbi.nlm.nih.gov/pmc/articles/PMC5300684/; status=200; final_url=https://pmc.ncbi.nlm.nih.gov:443/articles/PMC5300684/; result=reachable; checked_at=2026-10-07,,unreviewed
FP-S0078,FP-CH06,The Power of Periodization (https://relentlesspt.com/the-power-of-periodization-maximizing-performance-and-preventing-burnout/). Periodization alternates training stress with structured recovery; elite athletes can sustain near-maximum output across years using this model.,The Power of Periodization,[The Power of Periodization](https://relentlesspt.com/the-power-of-periodization-maximizing-performance-and-preventing-burnout/).,,https://relentlesspt.com/the-power-of-periodization-maximizing-performance-and-preventing-burnout/,,book or long-form work,"italic title only (matched in the annotation, not the citation)",unclassified,adversarial,cited in the Research Map as evidence for a counterpoint,,,,FP-CH06-C002 | FP-CH06-C008 | FP-CH06-C010,FP-CH06-X02,url=https://relentlesspt.com/the-power-of-periodization-maximizing-performance-and-preventing-burnout/; status=200; final_url=https://relentlesspt.com/the-power-of-periodization-maximizing-performance-and-preventing-burnout/; result=reachable; checked_at=2026-10-07,,unreviewed
FP-S0079,FP-CH06,Periodization Models for Elite Athletes (https://www.traintoadapt.co.uk/traintoadapt-tips/advanced-periodization-models-for-elite-athletic-development/). Macro/meso/micro cycles let athletes hit maximum performance windows without collapse.,Periodization Models for Elite Athletes,[Periodization Models for Elite Athletes](https://www.traintoadapt.co.uk/traintoadapt-tips/advanced-periodization-models-for-elite-athletic-development/).,,https://www.traintoadapt.co.uk/traintoadapt-tips/advanced-periodization-models-for-elite-athletic-development/,,book or long-form work,"italic title only (matched in the annotation, not the citation)",unclassified,adversarial,cited in the Research Map as evidence for a counterpoint,,,,FP-CH06-C002 | FP-CH06-C008 | FP-CH06-C010,FP-CH06-X02,url=https://www.traintoadapt.co.uk/traintoadapt-tips/advanced-periodization-models-for-elite-athletic-development/; status=200; final_url=https://www.traintoadapt.co.uk/traintoadapt-tips/advanced-periodization-models-for-elite-athletic-development/; result=reachable; checked_at=2026-10-07,,unreviewed
FP-S0080,FP-CH06,"The impact of stress, recovery and coping on burnout symptoms of young elite table-tennis players (https://www.ncbi.nlm.nih.gov/pmc/articles/PMC9773134/) — peer-reviewed prospective multilevel study. Recovery quality moderates burnout risk in elite athletes.",The impact of stress,"[The impact of stress, recovery and coping on burnout symptoms of young elite table-tennis players](https://www.ncbi.nlm.nih.gov/pmc/articles/PMC9773134/)",,https://www.ncbi.nlm.nih.gov/pmc/articles/PMC9773134/,,peer-reviewed article,URL domain is a journal or index,primary research or data,adversarial,cited in the Research Map as evidence for a counterpoint,,,,FP-CH06-C002 | FP-CH06-C008 | FP-CH06-C010,FP-CH06-X02,url=https://www.ncbi.nlm.nih.gov/pmc/articles/PMC9773134/; status=200; final_url=https://pmc.ncbi.nlm.nih.gov:443/articles/PMC9773134/; result=reachable; checked_at=2026-10-07,,unreviewed
FP-S0081,FP-CH06,"Sterling's allostasis framework (sources above) explicitly argues that homeostasis as taught (constancy, error-correction) is wrong for many real physiological systems. The body's setpoints SHIFT predictively. Blood pressure doesn't stay at 120/80 because of negative feedback; it's pre-set higher when the brain anticipates demand.",Sterling's allostasis framework,Sterling's allostasis framework,,,,book or long-form work,"italic title only (matched in the annotation, not the citation)",primary (the work being cited),adversarial,cited in the Research Map as evidence for a counterpoint,,,,FP-CH06-C003,FP-CH06-X04,,,unreviewed
FP-S0082,FP-CH06,"Modern scholars of comparative philosophy (e.g., Robin Wang, Yinyang: The Way of Heaven and Earth in Chinese Thought and Culture, Cambridge UP, 2012) have raised concerns that popular Western framing of yin/yang collapses a far more sophisticated philosophical tradition into a binary opposition or gender essentialism (yin=feminine, yang=masculine, etc.).",Modern scholars of comparative philosophy,Modern scholars of comparative philosophy,2012,,,unclassified,no rule matched; classify on review,unclassified,adversarial,cited in the Research Map as evidence for a counterpoint,,,,,FP-CH06-X05,,,unreviewed
FP-S0083,FP-CH06,"Many highly specialized biological systems (mitochondria, the immune system) are essentially monocultural at their level of function and remain stable across vast time scales. The chapter's ""monoculture is fragile"" claim is true for AGRICULTURE but oversimplified for biology generally.",Many highly specialized biological systems,Many highly specialized biological systems,,,,book or long-form work,"italic title only (matched in the annotation, not the citation)",unclassified,adversarial,cited in the Research Map as evidence for a counterpoint,,,,FP-CH06-C018,FP-CH06-X06,,,unreviewed
FP-S0084,FP-CH07,"Maxwell T. Boykoff and Jules M. Boykoff, ""Balance as Bias: Global Warming and the US Prestige Press,"" Global Environmental Change 14, no. 2 (2004): 125–136. Documents how the journalistic norm of ""balanced"" coverage, which gives roughly equal weight to both sides of a question, systematically distorts public understanding when the two sides are not evidentially equal. The mechanism generalizes beyond climate coverage: treating unequal poles as equal is not neutrality, it is a distortion that favors the weaker-supported pole.",Maxwell T. Boykoff and Jules M. Boykoff,Global Environmental Change,2004,,,journal article,"volume, page, or journal cue",primary (the work being cited),direct,cited inline in the chapter draft as a footnote,,"Maxwell T. Boykoff and Jules M. Boykoff, ""Balance as Bias: Global Warming and the US Prestige Press,"" Global Environmental Change 14, no. 2 (2004): 125–136. Documents how the journalistic norm of ""balanced"" coverage, which gives roughly equal weight to both sides of a question, systematically distorts public understanding when the two sides are not evidentially equal. The mechanism generalizes beyond climate coverage: treating unequal poles as equal is not neutrality, it is a distortion that favors the weaker-supported pole.",FP-CH07-C003 | FP-CH07-C005,,,,,unreviewed
FP-S0085,FP-CH07,"The full-activation-then-full-recovery pattern described here rests on the same autonomic hierarchy cited in Chapter 2. See Stephen W. Porges, The Polyvagal Theory: Neurophysiological Foundations of Emotions, Attachment, Communication, and Self-Regulation (New York: W. W. Norton, 2011). A regulated nervous system is defined by the completeness and the timing of its shifts between sympathetic mobilization and ventral-vagal recovery, not by a muted middle setting.",The full-activation-then-full-recovery pattern described here rests on the same autonomic hierarchy cited in Chapter 2,"The Polyvagal Theory: Neurophysiological Foundations of Emotions, Attachment, Communication, and Self-Regulation",2011,,,book,"Chicago-style (City: Publisher, Year) parenthetical (matched in the annotation, not the citation)",primary (the work being cited),direct,cited inline in the chapter draft as a footnote,,"The full-activation-then-full-recovery pattern described here rests on the same autonomic hierarchy cited in Chapter 2. See Stephen W. Porges, The Polyvagal Theory: Neurophysiological Foundations of Emotions, Attachment, Communication, and Self-Regulation (New York: W. W. Norton, 2011). A regulated nervous system is defined by the completeness and the timing of its shifts between sympathetic mobilization and ventral-vagal recovery, not by a muted middle setting.",FP-CH07-C002 | FP-CH07-C006,,,,,unreviewed
FP-S0086,FP-CH07,"Karl R. Popper, The Open Society and Its Enemies, vol. 1, The Spell of Plato (London: Routledge, 1945), the note on the paradox of tolerance: unlimited tolerance extended to the intolerant ends in the destruction of the tolerant and of tolerance itself. The civic cost named here is the structural version of that paradox, in which uncommitted moderation cedes ground to committed extraction.",Karl R. Popper,The Open Society and Its Enemies,1945,,,book,"Chicago-style (City: Publisher, Year) parenthetical",primary (the work being cited),direct,cited inline in the chapter draft as a footnote,,"Karl R. Popper, The Open Society and Its Enemies, vol. 1, The Spell of Plato (London: Routledge, 1945), the note on the paradox of tolerance: unlimited tolerance extended to the intolerant ends in the destruction of the tolerant and of tolerance itself. The civic cost named here is the structural version of that paradox, in which uncommitted moderation cedes ground to committed extraction.",FP-CH07-C004 | FP-CH07-C007,,,,,unreviewed
FP-S0087,FP-CH08,"Isaiah Berlin, ""Two Concepts of Liberty,"" in Four Essays on Liberty (Oxford: Oxford University Press, 1969; lecture delivered 1958). Berlin distinguishes negative liberty (freedom FROM external interference) from positive liberty (freedom TO achieve self-mastery and act on one's own will), and warns that positive liberty, historically, has been invoked to justify authoritarian intervention under the banner of ""forcing someone to be free."" The freedom this chapter describes, practiced by a person for their own life, stays clear of that danger precisely because no external authority is doing the forcing.",Isaiah Berlin,Four Essays on Liberty,1969,,,book,"Chicago-style (City: Publisher, Year) parenthetical",primary (the work being cited),direct,cited inline in the chapter draft as a footnote,,"Isaiah Berlin, ""Two Concepts of Liberty,"" in Four Essays on Liberty (Oxford: Oxford University Press, 1969; lecture delivered 1958). Berlin distinguishes negative liberty (freedom FROM external interference) from positive liberty (freedom TO achieve self-mastery and act on one's own will), and warns that positive liberty, historically, has been invoked to justify authoritarian intervention under the banner of ""forcing someone to be free."" The freedom this chapter describes, practiced by a person for their own life, stays clear of that danger precisely because no external authority is doing the forcing.",FP-CH08-C002,,FP-CH08-X01,,,unreviewed
FP-S0088,FP-CH08,"Isaiah Berlin (1958). ""Two Concepts of Liberty"" (Oxford lecture; published in Four Essays on Liberty, 1969). The canonical philosophical distinction: negative liberty (freedom FROM external interference) vs. positive liberty (freedom TO achieve self-mastery and act on one's will). Berlin's example of the addict who is negatively free but not positively free maps precisely onto the chapter's claim that ""freedom"" requires agency, discernment, and dignity beyond mere absence of legal constraint.",Isaiah Berlin,Isaiah Berlin (1958).,1958,,,book,"publisher or city-year cue beside an italic title (matched in the annotation, not the citation)",primary (the work being cited),corroborating,listed as a validating source in the Research Map; not cited inline,"validates the chapter's central move — that the inherited American story of freedom (absence of constraint) captures only negative liberty, and the chapter's fuller definition (agency + responsibility + discernment + dignity + reality) is closer to Berlin's positive liberty, integrated with responsibility as the regulating pair.",,FP-CH08-C003,,FP-CH08-X01,,,unreviewed
FP-S0089,FP-CH09,"Henri Tajfel and John C. Turner, ""An Integrative Theory of Intergroup Conflict,"" in The Social Psychology of Intergroup Relations, ed. William G. Austin and Stephen Worchel (Monterey, CA: Brooks/Cole, 1979), 33-47. The foundational statement of Social Identity Theory: social categorization, social identification, and social comparison as the psychological processes underlying group identity formation and ingroup/outgroup perception.",Henri Tajfel and John C. Turner,The Social Psychology of Intergroup Relations,1979,,,book,"Chicago-style (City: Publisher, Year) parenthetical",primary (the work being cited),direct,cited inline in the chapter draft as a footnote,"validates the chapter's claim that identity is patterned through inherited group memberships (ancestry, race, religion, etc.) and that identity operates through comparison and categorization dynamics, whether or not the person consciously participates in them.","Henri Tajfel and John C. Turner, ""An Integrative Theory of Intergroup Conflict,"" in The Social Psychology of Intergroup Relations, ed. William G. Austin and Stephen Worchel (Monterey, CA: Brooks/Cole, 1979), 33-47. The foundational statement of Social Identity Theory: social categorization, social identification, and social comparison as the psychological processes underlying group identity formation and ingroup/outgroup perception.",FP-CH09-C002 | FP-CH09-C004,,,,,unreviewed
FP-S0090,FP-CH09,"Harvey Whitehouse, research program at Oxford's Centre for the Study of Social Cohesion on identity fusion, a ""visceral feeling of oneness"" with a group, distinct from ordinary social identification, that predicts willingness to fight, sacrifice, and even die for the group or for an abstract target such as an ideology or leader. See also William B. Swann Jr. et al., ""Identity Fusion: The Interplay of Personal and Social Identities in Extreme Group Behavior,"" Journal of Personality and Social Psychology 96, no. 5 (2009): 995-1011. When personal and group identity fuse, an attack on the group registers as a personal attack, the precise mechanism underneath the identity capture this chapter names.",Harvey Whitehouse,Journal of Personality and Social Psychology,2009,,,journal article,"volume, page, or journal cue (matched in the annotation, not the citation)",primary (the work being cited),direct,cited inline in the chapter draft as a footnote,"validates the chapter's claim about ""identity capture"" — the extreme end of maximized identity without openness, where ""disagreement becomes betrayal"" and the identity becomes ""the only frame allowed to other people."" Identity fusion is the precise psychological mechanism underneath that capture.","Harvey Whitehouse, research program at Oxford's Centre for the Study of Social Cohesion on identity fusion, a ""visceral feeling of oneness"" with a group, distinct from ordinary social identification, that predicts willingness to fight, sacrifice, and even die for the group or for an abstract target such as an ideology or leader. See also William B. Swann Jr. et al., ""Identity Fusion: The Interplay of Personal and Social Identities in Extreme Group Behavior,"" Journal of Personality and Social Psychology 96, no. 5 (2009): 995-1011. When personal and group identity fuse, an attack on the group registers as a personal attack, the precise mechanism underneath the identity capture this chapter names.",FP-CH09-C003 | FP-CH09-C005,,,,,unreviewed
FP-S0091,FP-CH09,"Identity fusion leads to willingness to fight and die for the group (https://www.researchgate.net/publication/326824415_Identity_fusion_leads_to_willingness_to_fight_and_die_for_the_group_The_moderating_impact_of_being_informed_of_the_reasons_behind_other_members'_sacrifice). Peer-reviewed. Documents the specific mechanism: when group identity fuses with personal identity, an attack on the group registers as a personal attack.",Identity fusion leads to willingness to fight and die for the group,[Identity fusion leads to willingness to fight and die for the group](https://www.researchgate.net/publication/326824415_Identity_fusion_leads_to_willingness_to_fight_and_die_for_the_group_The_moderating_impact_of_being_informed_of_the_reasons_behind_other_members'_sacrifice).,,https://www.researchgate.net/publication/326824415_Identity_fusion_leads_to_willingness_to_fight_and_die_for_the_group_The_moderating_impact_of_being_informed_of_the_reasons_behind_other_members,,book or long-form work,"italic title only (matched in the annotation, not the citation)",unclassified,corroborating,listed as a validating source in the Research Map; not cited inline,"validates the chapter's claim about ""identity capture"" — the extreme end of maximized identity without openness, where ""disagreement becomes betrayal"" and the identity becomes ""the only frame allowed to other people."" Identity fusion is the precise psychological mechanism underneath that capture.",,FP-CH09-C005,,FP-CH09-X03 | FP-CH09-X06,url=https://www.researchgate.net/publication/326824415_Identity_fusion_leads_to_willingness_to_fight_and_die_for_the_group_The_moderating_impact_of_being_informed_of_the_reasons_behind_other_members; status=403; final_url=https://www.researchgate.net/publication/326824415_Identity_fusion_leads_to_willingness_to_fight_and_die_for_the_group_The_moderating_impact_of_being_informed_of_the_reasons_behind_other_members; result=blocked; checked_at=2026-10-07,,unreviewed
FP-S0092,FP-CH10,"Robert Axelrod, The Evolution of Cooperation (New York: Basic Books, 1984). Axelrod's 1980 computer tournament, using the iterated prisoner's dilemma, found that simple reciprocal strategies (never defect first, retaliate once when defected against, then forgive) outperformed purely exploitative strategies across repeated encounters. All eight top-ranking strategies were ""nice."" The finding holds specifically for repeated interaction. In one-shot encounters without a future rematch, game theory favors the fullest competitive strategy available, which is exactly the class of situation (job interview, sales call, one-time negotiation) this chapter names as requiring full competition rather than cooperation.",Robert Axelrod,The Evolution of Cooperation,1984,,,book,"Chicago-style (City: Publisher, Year) parenthetical",secondary (synthesis),direct,cited inline in the chapter draft as a footnote,"validates the chapter's core claim that competition and cooperation are not opposites in conflict but complementary mechanisms. Axelrod's research is the formal game-theoretic demonstration that reciprocal cooperation is evolutionarily stable even in a competitive system, and that pure defection (maximizing competition) loses to strategies that balance firmness with cooperation.","Robert Axelrod, The Evolution of Cooperation (New York: Basic Books, 1984). Axelrod's 1980 computer tournament, using the iterated prisoner's dilemma, found that simple reciprocal strategies (never defect first, retaliate once when defected against, then forgive) outperformed purely exploitative strategies across repeated encounters. All eight top-ranking strategies were ""nice."" The finding holds specifically for repeated interaction. In one-shot encounters without a future rematch, game theory favors the fullest competitive strategy available, which is exactly the class of situation (job interview, sales call, one-time negotiation) this chapter names as requiring full competition rather than cooperation.",FP-CH10-C002 | FP-CH10-C003 | FP-CH10-C004,,,,,unreviewed
FP-S0093,FP-CH11,"Émile Durkheim, Suicide: A Study in Sociology, trans. John A. Spaulding and George Simpson (Glencoe, IL: Free Press, 1951; orig. 1897). Durkheim identified four suicide types tied to the degree of social integration and moral regulation: egoistic (too little integration, the individual isolated from community), altruistic (too much integration, the individual consumed by the group), anomic (too little regulation, norms collapse), and fatalistic (too much regulation, the individual is crushed by external control). The chapter's four failure directions track Durkheim's egoistic, altruistic, anomic, and fatalistic categories with unusual precision.",Émile Durkheim,Suicide: A Study in Sociology,1951,,,book,"Chicago-style (City: Publisher, Year) parenthetical",primary (the work being cited),direct,cited inline in the chapter draft as a footnote,"validates the chapter's central claim with unusual precision. Durkheim's four-type framework is essentially a formal, empirically-grounded version of the chapter's ""maximum individualism"" and ""maximum collectivism"" failure modes. Egoistic suicide maps directly to the chapter's ""loneliness epidemics, eroded institutions"" claim; altruistic and fatalistic suicide map to ""conformity, suppression of dissent, loss of conscience.""","Émile Durkheim, Suicide: A Study in Sociology, trans. John A. Spaulding and George Simpson (Glencoe, IL: Free Press, 1951; orig. 1897). Durkheim identified four suicide types tied to the degree of social integration and moral regulation: egoistic (too little integration, the individual isolated from community), altruistic (too much integration, the individual consumed by the group), anomic (too little regulation, norms collapse), and fatalistic (too much regulation, the individual is crushed by external control). The chapter's four failure directions track Durkheim's egoistic, altruistic, anomic, and fatalistic categories with unusual precision.",FP-CH11-C002 | FP-CH11-C004 | FP-CH11-C005,,,,,unreviewed
FP-S0094,FP-CH12,"Jonathan Taplin, Move Fast and Break Things: How Facebook, Google, and Amazon Cornered Culture and Undermined Democracy (New York: Little, Brown, 2017). See also ""Research: Organizations That Move Fast Really Do Break Things,"" Harvard Business Review, February 2020, confirming empirically that speed-first organizational cultures produce measurably more errors and downstream costs, not merely anecdotal ones.",Jonathan Taplin,"Move Fast and Break Things: How Facebook, Google, and Amazon Cornered Culture and Undermined Democracy",2017,https://hbr.org/2020/02/research-organizations-that-move-fast-really-do-break-things,,book,"Chicago-style (City: Publisher, Year) parenthetical",secondary (synthesis),direct,cited inline in the chapter draft as a footnote,"validates the chapter's central claim that ""the innovation-only stance produces constant disruption that benefits the disruptors and exhausts everyone else"" and ""the destruction of institutional memory in service of growth metrics."" The Facebook motto change is a small but concrete illustration the chapter could use directly.","Jonathan Taplin, Move Fast and Break Things: How Facebook, Google, and Amazon Cornered Culture and Undermined Democracy (New York: Little, Brown, 2017). See also ""Research: Organizations That Move Fast Really Do Break Things,"" Harvard Business Review, February 2020, confirming empirically that speed-first organizational cultures produce measurably more errors and downstream costs, not merely anecdotal ones.",FP-CH12-C002 | FP-CH12-C003 | FP-CH12-C004 | FP-CH12-C005,,,url=https://hbr.org/2020/02/research-organizations-that-move-fast-really-do-break-things; status=200; final_url=https://hbr.org/2020/02/research-organizations-that-move-fast-really-do-break-things; result=reachable; checked_at=2026-10-07,,unreviewed
FP-S0095,FP-CH12,"Notably: Facebook itself changed its internal motto in 2014 from ""Move fast and break things"" to ""Move fast with stable infrastructure"" — an internal acknowledgment that the original approach had become unsustainable at scale.",Notably: Facebook itself changed its internal motto in 2014,Notably: Facebook itself changed its internal motto in 2014,2014,,,unclassified,no rule matched; classify on review,unclassified,corroborating,listed as a validating source in the Research Map; not cited inline,"validates the chapter's central claim that ""the innovation-only stance produces constant disruption that benefits the disruptors and exhausts everyone else"" and ""the destruction of institutional memory in service of growth metrics."" The Facebook motto change is a small but concrete illustration the chapter could use directly.",,FP-CH12-C004 | FP-CH12-C005,,,,,unreviewed
FP-S0096,FP-CH13,"American Civil Liberties Union, ""Surveillance in Post-9/11 America""; Brennan Center for Justice, ""Rolling Back the Post-9/11 Surveillance State."" See also Costs of War Project, Watson Institute for International and Public Affairs, Brown University, Surveillance Report (2023), documenting that post-9/11 mass surveillance ""intensified the criminalization of racialized 'suspect communities,'"" facilitated tracking and deportation of migrants, and produced substantial opportunity costs in housing, food, and healthcare that fell disproportionately on the communities least able to absorb them.",American Civil Liberties Union,Surveillance Report,2023,https://costsofwar.watson.brown.edu/sites/default/files/papers/Surveillance-Report-2023.pdf,,institutional report or data,institution keyword,primary research or data,direct,cited inline in the chapter draft as a footnote,"validates the chapter's central historical claim with precision — ""the country expanded surveillance, narrowed civil liberties, militarized police, accepted permanent emergency framing, and called the arrangement safer,"" and ""the arrangement made the country less safe in the long run."" The Costs of War Project source specifically supports the claim that security-maximization produced costs that FELL DISPROPORTIONATELY on the people least able to absorb them, which strengthens the chapter's broader extraction framing from Part I.","American Civil Liberties Union, ""Surveillance in Post-9/11 America""; Brennan Center for Justice, ""Rolling Back the Post-9/11 Surveillance State."" See also Costs of War Project, Watson Institute for International and Public Affairs, Brown University, Surveillance Report (2023), documenting that post-9/11 mass surveillance ""intensified the criminalization of racialized 'suspect communities,'"" facilitated tracking and deportation of migrants, and produced substantial opportunity costs in housing, food, and healthcare that fell disproportionately on the communities least able to absorb them.",FP-CH13-C002 | FP-CH13-C005 | FP-CH13-C006,,,url=https://costsofwar.watson.brown.edu/sites/default/files/papers/Surveillance-Report-2023.pdf; status=200; final_url=https://costsofwar.watson.brown.edu/sites/default/files/papers/Surveillance-Report-2023.pdf; result=reachable; checked_at=2026-10-07,,unreviewed
FP-S0097,FP-CH13,"John Mueller and Mark G. Stewart, Terror, Security, and Money: Balancing the Risks, Benefits, and Costs of Homeland Security (New York: Oxford University Press, 2011). Mueller and Stewart's cost-benefit analysis of the post-9/11 security buildup estimates total spending at roughly $1 trillion and finds that even under highly charitable assumptions about effectiveness, the spending would need to prevent an implausibly large number of major attacks per year to justify its cost. They document specific net-negative effects, including that added airport security delays are estimated to have caused several hundred additional road fatalities per year as travelers shifted from flying to driving, illustrating that a maximized security posture can produce the opposite of its stated goal.",John Mueller and Mark G. Stewart,"Terror, Security, and Money: Balancing the Risks, Benefits, and Costs of Homeland Security",2011,,,book,"Chicago-style (City: Publisher, Year) parenthetical",secondary (synthesis),direct,cited inline in the chapter draft as a footnote,,"John Mueller and Mark G. Stewart, Terror, Security, and Money: Balancing the Risks, Benefits, and Costs of Homeland Security (New York: Oxford University Press, 2011). Mueller and Stewart's cost-benefit analysis of the post-9/11 security buildup estimates total spending at roughly $1 trillion and finds that even under highly charitable assumptions about effectiveness, the spending would need to prevent an implausibly large number of major attacks per year to justify its cost. They document specific net-negative effects, including that added airport security delays are estimated to have caused several hundred additional road fatalities per year as travelers shifted from flying to driving, illustrating that a maximized security posture can produce the opposite of its stated goal.",FP-CH13-C003,,,,,unreviewed
FP-S0098,FP-CH13,"C. S. Holling, ""Resilience and Stability of Ecological Systems,"" Annual Review of Ecology and Systematics 4 (1973): 1–23. Holling's foundational resilience-theory paper distinguishes resilience (a system's capacity to absorb disturbance and reorganize) from stability (a system's tendency to return to one equilibrium), and argues that systems optimized for stability and efficiency around a known set of conditions tend to lose the redundancy and variety that would let them adapt to conditions outside that set. The forest/monoculture and diversified/single-industry-economy examples above are applications of this same distinction: a system engineered to be excellent against one known threat sheds exactly the properties, redundancy, variety, and slack, that would let it meet a different one.",C. S. Holling,Annual Review of Ecology and Systematics,1973,,,journal article,"volume, page, or journal cue",primary research or data,direct,cited inline in the chapter draft as a footnote,,"C. S. Holling, ""Resilience and Stability of Ecological Systems,"" Annual Review of Ecology and Systematics 4 (1973): 1–23. Holling's foundational resilience-theory paper distinguishes resilience (a system's capacity to absorb disturbance and reorganize) from stability (a system's tendency to return to one equilibrium), and argues that systems optimized for stability and efficiency around a known set of conditions tend to lose the redundancy and variety that would let them adapt to conditions outside that set. The forest/monoculture and diversified/single-industry-economy examples above are applications of this same distinction: a system engineered to be excellent against one known threat sheds exactly the properties, redundancy, variety, and slack, that would let it meet a different one.",FP-CH13-C004,,,,,unreviewed
FP-S0099,FP-CH14,"""Moral Relativism,"" Stanford Encyclopedia of Philosophy. The standard academic statement of the core objection: unrestricted moral relativism implies ""anything goes,"" since a relativist framework can offer no basis to judge slavery, sexist practices, or any other culturally-normalized harm as objectively wrong. See also the American Anthropological Association's 1947 statement opposing the UN Universal Declaration of Human Rights on relativist grounds, a real historical instance of institutional relativism deployed exactly the way this chapter warns against, as a frame that serves the interests of whoever benefits from the status quo it protects.","""Moral Relativism",Stanford Encyclopedia of Philosophy,1947,,,institutional report or data,"institution keyword (matched in the annotation, not the citation)",primary research or data,direct,cited inline in the chapter draft as a footnote,"validates the entire philosophical architecture of the Moral Boundary Principle. The chapter's core move (some tensions are real and deserve balance; some apparent tensions are actually one legitimate force versus a violation, and moral relativism about them is untenable) is a direct, non-technical restatement of the standard philosophical objection to relativism. This is the single most important citation opportunity in the chapter, because it shows the Moral Boundary Principle isn't an idiosyncratic invention — it's continuous with a serious, long-standing philosophical position (moral realism/universalism) against a well-documented failure mode (relativism's ""anything goes"" problem).","""Moral Relativism,"" Stanford Encyclopedia of Philosophy. The standard academic statement of the core objection: unrestricted moral relativism implies ""anything goes,"" since a relativist framework can offer no basis to judge slavery, sexist practices, or any other culturally-normalized harm as objectively wrong. See also the American Anthropological Association's 1947 statement opposing the UN Universal Declaration of Human Rights on relativist grounds, a real historical instance of institutional relativism deployed exactly the way this chapter warns against, as a frame that serves the interests of whoever benefits from the status quo it protects.",FP-CH14-C002 | FP-CH14-C003 | FP-CH14-C004,,,,,unreviewed
FP-S0100,FP-CH14,"American Anthropological Association's 1947 statement opposing the UN Universal Declaration of Human Rights on relativist grounds — a real historical instance of institutional relativism being invoked exactly the way the chapter warns against (""a frame designed to advance someone else's interests"").",American Anthropological Association's 1947 statement,American Anthropological Association's 1947 statement,1947,,,institutional report or data,institution keyword,primary research or data,corroborating,listed as a validating source in the Research Map; not cited inline,"validates the entire philosophical architecture of the Moral Boundary Principle. The chapter's core move (some tensions are real and deserve balance; some apparent tensions are actually one legitimate force versus a violation, and moral relativism about them is untenable) is a direct, non-technical restatement of the standard philosophical objection to relativism. This is the single most important citation opportunity in the chapter, because it shows the Moral Boundary Principle isn't an idiosyncratic invention — it's continuous with a serious, long-standing philosophical position (moral realism/universalism) against a well-documented failure mode (relativism's ""anything goes"" problem).",,FP-CH14-C003 | FP-CH14-C004,,FP-CH14-X01,,,unreviewed
FP-S0101,FP-CH15,"Judith Lewis Herman, Trauma and Recovery: The Aftermath of Violence—from Domestic Abuse to Political Terror (New York: Basic Books, 1992). Herman's captivity model describes how coercive control produces a personality poorly adapted to ordinary life, leaving the survivor with fundamental impairments in basic trust, autonomy, and initiative. The chapter's three mechanisms name, in plain language, the same structural pattern Herman documents clinically.",Judith Lewis Herman,Trauma and Recovery: The Aftermath of Violence—from Domestic Abuse to Political Terror,1992,,,book,"Chicago-style (City: Publisher, Year) parenthetical",primary (the work being cited),direct,cited inline in the chapter draft as a footnote,"validates the chapter's three-mechanism structure (direct override, conditional acceptance, information control) as a plain-language restatement of a well-documented clinical pattern, not an idiosyncratic claim.","Judith Lewis Herman, Trauma and Recovery: The Aftermath of Violence—from Domestic Abuse to Political Terror (New York: Basic Books, 1992). Herman's captivity model describes how coercive control produces a personality poorly adapted to ordinary life, leaving the survivor with fundamental impairments in basic trust, autonomy, and initiative. The chapter's three mechanisms name, in plain language, the same structural pattern Herman documents clinically.",FP-CH15-C002 | FP-CH15-C004,,FP-CH15-X04,,,unreviewed
FP-S0102,FP-CH15,"Martin E. P. Seligman's research on learned helplessness demonstrated that repeated exposure to uncontrollable conditions trains an organism to stop attempting to change its circumstances even after escape becomes possible. See Martin E. P. Seligman, Helplessness: On Depression, Development, and Death (San Francisco: W.H. Freeman, 1975). The chapter's claim that repeated overrides produce ""a body that stops generating preferences"" is a direct application of this finding to agency development.",Martin E. P. Seligman's research on learned helplessness demonstrated that repeated exposure to uncontrollable conditions trains an organism to stop attempting,"Helplessness: On Depression, Development, and Death",1975,,,book,"Chicago-style (City: Publisher, Year) parenthetical (matched in the annotation, not the citation)",primary (the work being cited),direct,cited inline in the chapter draft as a footnote,"grounds the chapter's specific claim that ""repeated overrides produce a body that stops generating preferences"" in the foundational learned-helplessness paradigm — an organism trained by uncontrollable conditions to stop attempting change even after escape becomes possible.","Martin E. P. Seligman's research on learned helplessness demonstrated that repeated exposure to uncontrollable conditions trains an organism to stop attempting to change its circumstances even after escape becomes possible. See Martin E. P. Seligman, Helplessness: On Depression, Development, and Death (San Francisco: W.H. Freeman, 1975). The chapter's claim that repeated overrides produce ""a body that stops generating preferences"" is a direct application of this finding to agency development.",FP-CH15-C003 | FP-CH15-C005,,FP-CH15-X04,,,unreviewed
FP-S0103,FP-CH16,"Stephen Thompson, Journey from the Edge: From Weaponized Survival to Self-Reclamation, where survival plasticity is introduced alongside the privilege of plasticity, the soil of safety, and trauma as architecture. The term names the whole-system adaptation to sustained conditions across the nervous, immune, hormonal, digestive, muscular, and cognitive systems. Neuroplasticity and allostatic load each describe one component of it. [PUBLICATION DETAILS TO CONFIRM]",Stephen Thompson,Journey from the Edge: From Weaponized Survival to Self-Reclamation,,,,book or long-form work,"italic title only (matched in the annotation, not the citation)",unclassified,direct,cited inline in the chapter draft as a footnote,,"Stephen Thompson, Journey from the Edge: From Weaponized Survival to Self-Reclamation, where survival plasticity is introduced alongside the privilege of plasticity, the soil of safety, and trauma as architecture. The term names the whole-system adaptation to sustained conditions across the nervous, immune, hormonal, digestive, muscular, and cognitive systems. Neuroplasticity and allostatic load each describe one component of it. [PUBLICATION DETAILS TO CONFIRM]",FP-CH16-C004,,FP-CH16-X04 | FP-CH16-X05,,,unreviewed
FP-S0104,FP-CH16,"Bessel van der Kolk, The Body Keeps the Score: Brain, Mind, and Body in the Healing of Trauma (New York: Viking, 2014). Drawing on more than thirty years of research and clinical practice, van der Kolk documents how traumatic experience reshapes both brain and body, disconnecting the mind's conscious account of an event from the raw sensations, emotions, and survival responses the body continues to run.",Bessel van der Kolk,"The Body Keeps the Score: Brain, Mind, and Body in the Healing of Trauma",2014,,,book,"Chicago-style (City: Publisher, Year) parenthetical",primary (the work being cited),direct,cited inline in the chapter draft as a footnote,"validates the chapter's central claim that ""the clinical literature has expanded the understanding of trauma,"" and grounds the chapter's account of the body storing unmetabolized survival response.","Bessel van der Kolk, The Body Keeps the Score: Brain, Mind, and Body in the Healing of Trauma (New York: Viking, 2014). Drawing on more than thirty years of research and clinical practice, van der Kolk documents how traumatic experience reshapes both brain and body, disconnecting the mind's conscious account of an event from the raw sensations, emotions, and survival responses the body continues to run.",FP-CH16-C002 | FP-CH16-C005,,FP-CH16-X03 | FP-CH16-X04,,,unreviewed
FP-S0105,FP-CH16,"Christina Maslach and Susan E. Jackson, the Maslach Burnout Inventory (1981), the first standardized instrument for measuring occupational burnout, conceptualizes burnout as a three-part syndrome of emotional exhaustion, depersonalization, and reduced personal accomplishment produced by prolonged exposure to chronic workplace stressors. Maslach's own framing is explicit: burnout is primarily an organizational problem rooted in workplace mismatches, not a personal or clinical failing, which is the distinction this chapter draws.",Christina Maslach and Susan E. Jackson,,1981,,,unclassified,"no rule matched; classify on review (matched in the annotation, not the citation)",unclassified,direct,cited inline in the chapter draft as a footnote,"validates the chapter's sharpest and most contestable claim — that burnout is ""structural before it is personal"" and not a matter of individual weakness or poor time management. Maslach's own framing makes this same distinction explicitly.","Christina Maslach and Susan E. Jackson, the Maslach Burnout Inventory (1981), the first standardized instrument for measuring occupational burnout, conceptualizes burnout as a three-part syndrome of emotional exhaustion, depersonalization, and reduced personal accomplishment produced by prolonged exposure to chronic workplace stressors. Maslach's own framing is explicit: burnout is primarily an organizational problem rooted in workplace mismatches, not a personal or clinical failing, which is the distinction this chapter draws.",FP-CH16-C003 | FP-CH16-C006,,FP-CH16-X01 | FP-CH16-X03 | FP-CH16-X04,,,unreviewed
FP-S0106,FP-CH17,"Stephen W. Porges, The Polyvagal Theory: Neurophysiological Foundations of Emotions, Attachment, Communication, and Self-Regulation (New York: W.W. Norton, 2011). Cross-referenced from Chapters 2 and 6. Porges's account of the sympathetic and parasympathetic branches and their regulated interplay is the clinical basis for this chapter's description of activation and recovery.",Stephen W. Porges,"The Polyvagal Theory: Neurophysiological Foundations of Emotions, Attachment, Communication, and Self-Regulation",2011,,,institutional report or data,institution keyword,primary research or data,direct,cited inline in the chapter draft as a footnote,"grounds the chapter's core physiological account (sympathetic/parasympathetic regulation, dysregulation, recovery range) in the clinical model already cross-referenced from Chapters 2 and 6, keeping the book's nervous-system language consistent across chapters.","Stephen W. Porges, The Polyvagal Theory: Neurophysiological Foundations of Emotions, Attachment, Communication, and Self-Regulation (New York: W.W. Norton, 2011). Cross-referenced from Chapters 2 and 6. Porges's account of the sympathetic and parasympathetic branches and their regulated interplay is the clinical basis for this chapter's description of activation and recovery.",FP-CH17-C002 | FP-CH17-C004,,FP-CH17-X05 | FP-CH17-X06,,FP-S0024,unreviewed
FP-S0107,FP-CH17,"Bessel A. van der Kolk and Rita Fisler, ""Dissociation and the Fragmentary Nature of Traumatic Memories: Overview and Exploratory Study,"" Journal of Traumatic Stress 8, no. 4 (1995): 505-525. Documents how traumatic material is stored as isolated sensory and somatic fragments rather than integrated narrative memory, which is why the body can run an old response the conscious mind no longer recognizes as memory at all.",Bessel A. van der Kolk and Rita Fisler,Journal of Traumatic Stress,1995,,,journal article,"volume, page, or journal cue",primary (the work being cited),direct,cited inline in the chapter draft as a footnote,"validates the chapter's specific and somewhat technical claim that the mind ""interprets the response as a preference... incorrectly"" — this is a direct restatement of the finding that trauma-related material is stored as disconnected sensory fragments rather than narrative the conscious mind can recognize as memory.","Bessel A. van der Kolk and Rita Fisler, ""Dissociation and the Fragmentary Nature of Traumatic Memories: Overview and Exploratory Study,"" Journal of Traumatic Stress 8, no. 4 (1995): 505-525. Documents how traumatic material is stored as isolated sensory and somatic fragments rather than integrated narrative memory, which is why the body can run an old response the conscious mind no longer recognizes as memory at all.",FP-CH17-C003 | FP-CH17-C005,,,,,unreviewed
FP-S0108,FP-CH18,"June Price Tangney and Ronda L. Dearing, Shame and Guilt (New York: Guilford Press, 2002). The empirical statement of the distinction this chapter rests on: shame involves a negative evaluation of the global self, while guilt involves a negative evaluation of a specific behavior. Tangney and Dearing's research programme associates shame with concealment, defensiveness, and externalized blame, and guilt with reparative action and empathy, which is why the two produce opposite behavior despite feeling adjacent from the inside. For the popular formulation the phrasing here echoes, see Brené Brown, I Thought It Was Just Me (but it isn't) (New York: Gotham Books, 2007), and Brown's summary distinction that ""shame is a focus on self, guilt is a focus on behavior.""",June Price Tangney and Ronda L. Dearing,Shame and Guilt,2002,,,book,"Chicago-style (City: Publisher, Year) parenthetical",secondary (synthesis),direct,cited inline in the chapter draft as a footnote,,"June Price Tangney and Ronda L. Dearing, Shame and Guilt (New York: Guilford Press, 2002). The empirical statement of the distinction this chapter rests on: shame involves a negative evaluation of the global self, while guilt involves a negative evaluation of a specific behavior. Tangney and Dearing's research programme associates shame with concealment, defensiveness, and externalized blame, and guilt with reparative action and empathy, which is why the two produce opposite behavior despite feeling adjacent from the inside. For the popular formulation the phrasing here echoes, see Brené Brown, I Thought It Was Just Me (but it isn't) (New York: Gotham Books, 2007), and Brown's summary distinction that ""shame is a focus on self, guilt is a focus on behavior.""",FP-CH18-C002,,,,,unreviewed
FP-S0109,FP-CH18,"Frank W. Putnam's clinical model treats dissociation as a defense against overwhelming fear that compartmentalizes painful affect and memory, producing an estrangement from the self. See Frank W. Putnam, Dissociation in Children and Adolescents: A Developmental Perspective (New York: Guilford Press, 1997). Bessel van der Kolk's parallel account describes dissociation as the splitting of an overwhelming experience into isolated sensory channels rather than an integrated narrative memory. Cross-referenced from Chapter 17.",Frank W. Putnam's clinical model treats dissociation as a defense against overwhelming fear that compartmentalizes painful affect and memory,Dissociation in Children and Adolescents: A Developmental Perspective,1997,,,book,"Chicago-style (City: Publisher, Year) parenthetical (matched in the annotation, not the citation)",primary (the work being cited),direct,cited inline in the chapter draft as a footnote,"validates the chapter's claim that dissociation is not weakness but ""the body's intelligent response to conditions that exceeded what the conscious experience could process"" — this is the clinical consensus view, not a rhetorical softening.","Frank W. Putnam's clinical model treats dissociation as a defense against overwhelming fear that compartmentalizes painful affect and memory, producing an estrangement from the self. See Frank W. Putnam, Dissociation in Children and Adolescents: A Developmental Perspective (New York: Guilford Press, 1997). Bessel van der Kolk's parallel account describes dissociation as the splitting of an overwhelming experience into isolated sensory channels rather than an integrated narrative memory. Cross-referenced from Chapter 17.",FP-CH18-C003 | FP-CH18-C005,,FP-CH18-X03,,,unreviewed
FP-S0110,FP-CH18,"*Brené Brown, I Thought It Was Just Me (2007).*",Brené Brown,"Brené Brown,",2007,,,book,italic title with year,secondary (synthesis),corroborating,listed as a validating source in the Research Map; not cited inline,"validates the chapter's central distinction almost word for word — Brown's own formulation is ""shame is a focus on self, guilt is a focus on behavior,"" which the chapter restates as ""Shame is the response to being something. Guilt is the response to having done something.""",,FP-CH18-C004,,FP-CH18-X05,,,unreviewed
FP-S0111,FP-CH19,"Stephen W. Porges, ""Neuroception: A Subconscious System for Detecting Threats and Safety,"" Zero to Three 24, no. 5 (2004): 19-24. Neuroception describes the autonomic nervous system's continuous, pre-conscious scanning for cues of safety or danger in tone of voice, facial expression, posture, and context. The chapter's claim that older material surfaces at a cost the person can pay only once accumulated safety has widened the regulatory range describes the same mechanism at the level of lived practice. Cross-referenced from Chapters 2, 6, and 17.",Stephen W. Porges,Zero to Three,2004,,,journal article,"volume, page, or journal cue",primary (the work being cited),direct,cited inline in the chapter draft as a footnote,"grounds the chapter's central biological claim (""the conditions are not luxury. The conditions are biology"") in a specific, named mechanism rather than a general appeal to nervous-system science. Consistent with the polyvagal citations already established in Chapters 2, 6, and 17.","Stephen W. Porges, ""Neuroception: A Subconscious System for Detecting Threats and Safety,"" Zero to Three 24, no. 5 (2004): 19-24. Neuroception describes the autonomic nervous system's continuous, pre-conscious scanning for cues of safety or danger in tone of voice, facial expression, posture, and context. The chapter's claim that older material surfaces at a cost the person can pay only once accumulated safety has widened the regulatory range describes the same mechanism at the level of lived practice. Cross-referenced from Chapters 2, 6, and 17.",FP-CH19-C002 | FP-CH19-C005,,FP-CH19-X07,,,unreviewed
FP-S0112,FP-CH19,"Stephen Thompson, Journey from the Edge: From Weaponized Survival to Self-Reclamation, where the soil of safety is introduced alongside survival plasticity, the privilege of plasticity, and trauma as architecture. The term names the assembled physiological, relational, material, structural, clinical, and motivational conditions reclamation work requires in order to proceed, and which that same work draws down as it proceeds. [PUBLICATION DETAILS TO CONFIRM]",Stephen Thompson,Journey from the Edge: From Weaponized Survival to Self-Reclamation,,,,book or long-form work,"italic title only (matched in the annotation, not the citation)",unclassified,direct,cited inline in the chapter draft as a footnote,,"Stephen Thompson, Journey from the Edge: From Weaponized Survival to Self-Reclamation, where the soil of safety is introduced alongside survival plasticity, the privilege of plasticity, and trauma as architecture. The term names the assembled physiological, relational, material, structural, clinical, and motivational conditions reclamation work requires in order to proceed, and which that same work draws down as it proceeds. [PUBLICATION DETAILS TO CONFIRM]",FP-CH19-C003,,,,,unreviewed
FP-S0113,FP-CH19,"Vincent J. Felitti et al., ""Relationship of Childhood Abuse and Household Dysfunction to Many of the Leading Causes of Death in Adults: The Adverse Childhood Experiences (ACE) Study,"" American Journal of Preventive Medicine 14, no. 4 (1998): 245-258. The original ACE study, conducted with over 17,000 adults, established that cumulative childhood adversity, including material and household instability, predicts adult disease risk in a dose-dependent way. It is the empirical foundation for treating material adequacy as biological, not incidental, to the body's capacity to do reclamation work.",Vincent J. Felitti et al,American Journal of Preventive Medicine,1998,,,journal article,"volume, page, or journal cue",primary (the work being cited),direct,cited inline in the chapter draft as a footnote,"validates the ""material adequacy"" element of the soil — the ACE study is the strongest available epidemiological evidence that chronic material/household instability produces measurable, cumulative, dose-dependent health costs, which supports treating material stability as a biological precondition rather than a lifestyle preference.","Vincent J. Felitti et al., ""Relationship of Childhood Abuse and Household Dysfunction to Many of the Leading Causes of Death in Adults: The Adverse Childhood Experiences (ACE) Study,"" American Journal of Preventive Medicine 14, no. 4 (1998): 245-258. The original ACE study, conducted with over 17,000 adults, established that cumulative childhood adversity, including material and household instability, predicts adult disease risk in a dose-dependent way. It is the empirical foundation for treating material adequacy as biological, not incidental, to the body's capacity to do reclamation work.",FP-CH19-C004 | FP-CH19-C006,,FP-CH19-X07,,,unreviewed
FP-S0114,FP-CH20,"Albert Bandura, ""Self-Efficacy: Toward a Unifying Theory of Behavioral Change,"" Psychological Review 84, no. 2 (1977): 191-215. Bandura identifies mastery experience, the direct memory of having succeeded at a task before, as the strongest of the four sources of self-efficacy, stronger than encouragement or observation of others. The chapter's small-to-large choice progression is a practical application of building self-efficacy through accumulated mastery experience rather than through insight or motivation alone.",Albert Bandura,Psychological Review,1977,,,journal article,"volume, page, or journal cue",primary (the work being cited),direct,cited inline in the chapter draft as a footnote,"validates the chapter's entire small-to-medium-to-large choice architecture. Bandura's finding that mastery experience is the single strongest of the four sources of self-efficacy — stronger than encouragement, observation, or emotional state — is precisely the mechanism the chapter describes without naming it: small choices accumulate into the ""capacity for larger choices later.""","Albert Bandura, ""Self-Efficacy: Toward a Unifying Theory of Behavioral Change,"" Psychological Review 84, no. 2 (1977): 191-215. Bandura identifies mastery experience, the direct memory of having succeeded at a task before, as the strongest of the four sources of self-efficacy, stronger than encouragement or observation of others. The chapter's small-to-large choice progression is a practical application of building self-efficacy through accumulated mastery experience rather than through insight or motivation alone.",FP-CH20-C002 | FP-CH20-C003 | FP-CH21-C005,,,,FP-S0116,unreviewed
FP-S0115,FP-CH21,"Research building on Martin Seligman's original learned helplessness paradigm has since identified the reverse process, learned controllability, in which repeated experiences of effective action retrain a system that has generalized helplessness. See ""Editorial: From Learned Helplessness to Learned Controllability,"" Frontiers in Behavioral Neuroscience (2025). Cross-referenced from Chapter 15. The chapter's account of self-trust as something rebuilt through repeated honored signals mirrors this shift from helplessness to controllability at the level of lived experience.",Research building on Martin Seligman's original learned helplessness paradigm has since identified the reverse process,Frontiers in Behavioral Neuroscience,2025,,,book,"italic title with year (matched in the annotation, not the citation)",primary (the work being cited),direct,cited inline in the chapter draft as a footnote,,"Research building on Martin Seligman's original learned helplessness paradigm has since identified the reverse process, learned controllability, in which repeated experiences of effective action retrain a system that has generalized helplessness. See ""Editorial: From Learned Helplessness to Learned Controllability,"" Frontiers in Behavioral Neuroscience (2025). Cross-referenced from Chapter 15. The chapter's account of self-trust as something rebuilt through repeated honored signals mirrors this shift from helplessness to controllability at the level of lived experience.",FP-CH21-C002,,,,,unreviewed
FP-S0116,FP-CH21,"Albert Bandura, ""Self-Efficacy: Toward a Unifying Theory of Behavioral Change,"" Psychological Review 84, no. 2 (1977): 191-215. Cross-referenced from Chapter 20. Mastery experience, the accumulated memory of having acted effectively before, is Bandura's strongest predictor of a person's willingness to act again under uncertainty, which is the mechanism this chapter describes as a record of honored signals a person accumulates.",Albert Bandura,Psychological Review,1977,,,journal article,"volume, page, or journal cue",primary (the work being cited),direct,cited inline in the chapter draft as a footnote,,"Albert Bandura, ""Self-Efficacy: Toward a Unifying Theory of Behavioral Change,"" Psychological Review 84, no. 2 (1977): 191-215. Cross-referenced from Chapter 20. Mastery experience, the accumulated memory of having acted effectively before, is Bandura's strongest predictor of a person's willingness to act again under uncertainty, which is the mechanism this chapter describes as a record of honored signals a person accumulates.",FP-CH21-C003,,,,FP-S0114,unreviewed
FP-S0117,FP-CH21,"*""Editorial: From Learned Helplessness to Learned Controllability,"" Frontiers in Behavioral Neuroscience (2025).* Builds on Martin Seligman's original learned-helplessness paradigm (cross-referenced from Chapter 15) by identifying the reverse process: repeated experiences of effective action retrain a system that has generalized helplessness toward expecting control again.","""Editorial: From Learned Helplessness to Learned Controllability","""Editorial: From Learned Helplessness to Learned Controllability,""",2025,,,book,italic title with year,primary (the work being cited),contextual,pointer to a source documented in another chapter,"validates the chapter's core claim that self-trust ""does not arrive whole"" but ""accumulates through honored signals across months and years"" — this is a direct, non-technical description of the learned-helplessness-to-learned-controllability shift, closing the loop the book opened in Chapter 15's theft-of-agency mechanisms.",,FP-CH21-C004,,,,,unreviewed
FP-S0118,FP-CH22,"Roy F. Baumeister et al., ""Ego Depletion: Is the Active Self a Limited Resource?"" Journal of Personality and Social Psychology 74, no. 5 (1998): 1252-1265. Baumeister's strength model of self-control treats willpower and decision-making capacity as a finite, consumable resource that degrades with use across a day, producing measurably worse decisions as the resource depletes. Later replication challenges have refined but not eliminated the broader decision-fatigue phenomenon this chapter's ""response paralysis"" failure describes.",Roy F. Baumeister et al,Journal of Personality and Social Psychology,1998,,,journal article,"volume, page, or journal cue",primary research or data,direct,cited inline in the chapter draft as a footnote,,"Roy F. Baumeister et al., ""Ego Depletion: Is the Active Self a Limited Resource?"" Journal of Personality and Social Psychology 74, no. 5 (1998): 1252-1265. Baumeister's strength model of self-control treats willpower and decision-making capacity as a finite, consumable resource that degrades with use across a day, producing measurably worse decisions as the resource depletes. Later replication challenges have refined but not eliminated the broader decision-fatigue phenomenon this chapter's ""response paralysis"" failure describes.",FP-CH22-C002,,FP-CH22-X01,,,unreviewed
FP-S0119,FP-CH22,"*Roy F. Baumeister et al., ""Ego Depletion: Is the Active Self a Limited Resource?"" Journal of Personality and Social Psychology (1998).*",Roy F. Baumeister et al.,"Roy F. Baumeister et al., ""Ego Depletion: Is the Active Self a Limited Resource?""",1998,,,journal article,"volume, page, or journal cue",primary research or data,corroborating,listed as a validating source in the Research Map; not cited inline,"validates the chapter's fifth governance failure, ""response paralysis,"" as a predictable resource-depletion phenomenon rather than a character flaw — directly supporting the chapter's larger claim that all five failures are ""structural rather than personal.""",,FP-CH22-C003,,FP-CH22-X01,,,unreviewed
FP-S0120,FP-CH23,"Michael C. Jensen and William H. Meckling, ""Theory of the Firm: Managerial Behavior, Agency Costs and Ownership Structure,"" Journal of Financial Economics 3, no. 4 (1976): 305-360. The principal-agent problem describes the conflict of interest and information asymmetry that arises whenever a principal delegates action to an agent, even when the two are formally aligned. The chapter's four-role model treats a single person as containing this same structural relationship internally, which is why the owner, CEO, employee, and beneficiary roles can drift out of alignment with each other even though they are all, literally, the same person.",Michael C. Jensen and William H. Meckling,Journal of Financial Economics,1976,,,journal article,"volume, page, or journal cue",primary research or data,direct,cited inline in the chapter draft as a footnote,"validates the structural logic underneath the entire CEO of Self concept — that delegating authority (even to oneself, across roles) creates real potential for misalignment, not just a metaphor. This grounds the chapter's claim that the four roles ""can drift"" from each other in established organizational economics rather than treating it as pure analogy.","Michael C. Jensen and William H. Meckling, ""Theory of the Firm: Managerial Behavior, Agency Costs and Ownership Structure,"" Journal of Financial Economics 3, no. 4 (1976): 305-360. The principal-agent problem describes the conflict of interest and information asymmetry that arises whenever a principal delegates action to an agent, even when the two are formally aligned. The chapter's four-role model treats a single person as containing this same structural relationship internally, which is why the owner, CEO, employee, and beneficiary roles can drift out of alignment with each other even though they are all, literally, the same person.",FP-CH23-C002 | FP-CH23-C003,,FP-CH23-X03,,,unreviewed
FP-S0121,FP-CH24,"Pierre Bourdieu, ""The Forms of Capital,"" in Handbook of Theory and Research for the Sociology of Education, ed. J.G. Richardson (New York: Greenwood, 1986). Bourdieu established that capital operates as economic, cultural, and social forms, each convertible into the others at real but unfavorable rates, and each requiring distinct accumulation strategies. The chapter's seven-form expansion (adding time, attention, health, and reputation as explicit capitals) applies Bourdieu's foundational insight, that wealth is plural and only partly financial, to the scale of a single person's daily governance rather than to class reproduction across a society.",Pierre Bourdieu,Handbook of Theory and Research for the Sociology of Education,1986,,,book,"Chicago-style (City: Publisher, Year) parenthetical (matched in the annotation, not the citation)",primary (the work being cited),direct,cited inline in the chapter draft as a footnote,"validates the chapter's foundational claim that ""wealth is what the perceiver experiences as sacred and abundant"" and is not reducible to money. Bourdieu's economic/cultural/social distinction, and his account of unfavorable conversion rates between capital forms, directly supports the chapter's ""How the Forms Interact"" section on lossy conversions between capitals.","Pierre Bourdieu, ""The Forms of Capital,"" in Handbook of Theory and Research for the Sociology of Education, ed. J.G. Richardson (New York: Greenwood, 1986). Bourdieu established that capital operates as economic, cultural, and social forms, each convertible into the others at real but unfavorable rates, and each requiring distinct accumulation strategies. The chapter's seven-form expansion (adding time, attention, health, and reputation as explicit capitals) applies Bourdieu's foundational insight, that wealth is plural and only partly financial, to the scale of a single person's daily governance rather than to class reproduction across a society.",FP-CH24-C002 | FP-CH24-C004,,FP-CH24-X07,,,unreviewed
FP-S0122,FP-CH24,"Bruce S. McEwen, ""Protective and Damaging Effects of Stress Mediators,"" New England Journal of Medicine 338, no. 3 (1998): 171–179. McEwen's foundational allostatic-load paper establishes that the physiological systems mobilized under stress (cortisol, the sympathetic nervous system, and related mediators) are protective and adaptive in the short run, but that repeated or chronic activation without adequate recovery produces cumulative wear, allostatic load, that raises the risk of cardiovascular disease, metabolic dysfunction, and impaired immune and cognitive function. The rebuild-costs-more-than-the-sprint-paid-for claim in this chapter is the operational, single-person version of that finding: depletion past a given depth does not simply reverse when the demand ends, it requires a longer and more costly recovery than the output gained.",Bruce S. McEwen,New England Journal of Medicine,1998,,,journal article,"volume, page, or journal cue",primary (the work being cited),direct,cited inline in the chapter draft as a footnote,,"Bruce S. McEwen, ""Protective and Damaging Effects of Stress Mediators,"" New England Journal of Medicine 338, no. 3 (1998): 171–179. McEwen's foundational allostatic-load paper establishes that the physiological systems mobilized under stress (cortisol, the sympathetic nervous system, and related mediators) are protective and adaptive in the short run, but that repeated or chronic activation without adequate recovery produces cumulative wear, allostatic load, that raises the risk of cardiovascular disease, metabolic dysfunction, and impaired immune and cognitive function. The rebuild-costs-more-than-the-sprint-paid-for claim in this chapter is the operational, single-person version of that finding: depletion past a given depth does not simply reverse when the demand ends, it requires a longer and more costly recovery than the output gained.",FP-CH24-C003,,,,,unreviewed
FP-S0123,FP-CH25,"Niklas Karlsson, George Loewenstein, and Duane Seppi, ""The Ostrich Effect: Selective Attention to Information,"" Journal of Risk and Uncertainty 38, no. 2 (2009): 95-115. Documents that people systematically avoid checking negative financial information to achieve short-term psychological relief, a pattern the researchers confirmed across brokerage account logins and controlled experiments. The chapter's claim that people check their accounts less often as balances worsen describes the predictable output of this avoidance pattern rather than a simple gap in financial literacy.",Niklas Karlsson,Journal of Risk and Uncertainty,2009,,,journal article,"volume, page, or journal cue",primary (the work being cited),direct,cited inline in the chapter draft as a footnote,"validates the chapter's opening claim that ""the financial liabilities are partly known, often less accurately than the assets,"" giving that observation an empirical basis (documented avoidance behavior around negative financial information) rather than leaving it as an unsupported generalization about adults.","Niklas Karlsson, George Loewenstein, and Duane Seppi, ""The Ostrich Effect: Selective Attention to Information,"" Journal of Risk and Uncertainty 38, no. 2 (2009): 95-115. Documents that people systematically avoid checking negative financial information to achieve short-term psychological relief, a pattern the researchers confirmed across brokerage account logins and controlled experiments. The chapter's claim that people check their accounts less often as balances worsen describes the predictable output of this avoidance pattern rather than a simple gap in financial literacy.",FP-CH25-C002 | FP-CH25-C003,,,,,unreviewed
FP-S0124,FP-CH26,"Daniel Kahneman, Olivier Sibony, and Cass R. Sunstein, Noise: A Flaw in Human Judgment (New York: Little, Brown Spark, 2021). Kahneman's ""decision hygiene"" research establishes that gathering independent judgment from a diverse set of advisors, rather than relying on a single perspective, measurably reduces unwanted variability and blind spots in judgment. The chapter's five-role board (elder, technical advisor, peer challenger, cultural translator, soul friend) operationalizes Kahneman's diversity requirement by naming the specific kinds of perspective a single-perspective decision-maker structurally cannot generate alone.",Daniel Kahneman,Noise: A Flaw in Human Judgment,2021,,,book,"Chicago-style (City: Publisher, Year) parenthetical",primary (the work being cited),direct,cited inline in the chapter draft as a footnote,"validates the chapter's central claim that ""a person with counsel makes decisions inside a wider field"" and that counsel can see blind spots the person structurally cannot see alone. This is precisely Kahneman's ""decision hygiene"" finding: independent judgment from a diverse set of advisors reduces noise in a way that no amount of individual reflection can replicate.","Daniel Kahneman, Olivier Sibony, and Cass R. Sunstein, Noise: A Flaw in Human Judgment (New York: Little, Brown Spark, 2021). Kahneman's ""decision hygiene"" research establishes that gathering independent judgment from a diverse set of advisors, rather than relying on a single perspective, measurably reduces unwanted variability and blind spots in judgment. The chapter's five-role board (elder, technical advisor, peer challenger, cultural translator, soul friend) operationalizes Kahneman's diversity requirement by naming the specific kinds of perspective a single-perspective decision-maker structurally cannot generate alone.",FP-CH26-C002 | FP-CH26-C003,,FP-CH26-X05,,,unreviewed
FP-S0125,FP-CH27,"Robin Dunbar's research on the cognitive and time limits of human relationships identifies nested layers of decreasing intimacy and increasing size: a support clique of roughly 5, a sympathy group of roughly 15, an affinity group of roughly 50, and an active network of roughly 150, beyond which relationships become acquaintance and then merely recognized faces. See Robin I.M. Dunbar, ""Neocortex Size as a Constraint on Group Size in Primates,"" Journal of Human Evolution 22, no. 6 (1992): 469-493, and subsequent work. The chapter's five access levels are a functional, decision-oriented version of Dunbar's descriptive layers: both start from the same finding, that emotional closeness and the number of people who can occupy it are inversely related and finite.",Robin Dunbar's research on the cognitive and time limits of human relationships identifies nested layers of decreasing intimacy and increasing size: a support c,Journal of Human Evolution,1992,,,journal article,"volume, page, or journal cue (matched in the annotation, not the citation)",primary research or data,direct,cited inline in the chapter draft as a footnote,validates the chapter's central structural claim — that relational capacity is finite and naturally organizes into layers of decreasing intimacy — which the chapter's five access levels operationalize into a deliberate decision framework rather than leaving as an unconscious default.,"Robin Dunbar's research on the cognitive and time limits of human relationships identifies nested layers of decreasing intimacy and increasing size: a support clique of roughly 5, a sympathy group of roughly 15, an affinity group of roughly 50, and an active network of roughly 150, beyond which relationships become acquaintance and then merely recognized faces. See Robin I.M. Dunbar, ""Neocortex Size as a Constraint on Group Size in Primates,"" Journal of Human Evolution 22, no. 6 (1992): 469-493, and subsequent work. The chapter's five access levels are a functional, decision-oriented version of Dunbar's descriptive layers: both start from the same finding, that emotional closeness and the number of people who can occupy it are inversely related and finite.",FP-CH27-C002 | FP-CH27-C003,,FP-CH27-X01 | FP-CH27-X02,,,unreviewed
FP-S0126,FP-CH28,"George Loewenstein, ""Hot-Cold Empathy Gaps and Medical Decision Making,"" Health Psychology 24, no. 4 (2005): S49-S56. Loewenstein's research on the hot-cold empathy gap shows that people in a calm (""cold"") state systematically underestimate how much a ""hot,"" aroused, or stressed state will change their preferences and behavior once they are actually in it. This is the mechanism behind the chapter's central claim: the values a reader states on ""a quiet Sunday afternoon"" are cold-state values, and the decision made under actual pressure is generated by a different, hot-state process that the cold-state self cannot fully predict or bind in advance.",George Loewenstein,Health Psychology,2005,,,journal article,"volume, page, or journal cue",primary (the work being cited),direct,cited inline in the chapter draft as a footnote,"validates the chapter's core diagnostic claim — that the values a reader states ""on a quiet Sunday afternoon"" are not the values that govern decisions ""when the reader is tired, scared, rushed, overwhelmed."" This is a well-documented psychological mechanism (the hot-cold empathy gap), not merely an observation about willpower or moral inconsistency.","George Loewenstein, ""Hot-Cold Empathy Gaps and Medical Decision Making,"" Health Psychology 24, no. 4 (2005): S49-S56. Loewenstein's research on the hot-cold empathy gap shows that people in a calm (""cold"") state systematically underestimate how much a ""hot,"" aroused, or stressed state will change their preferences and behavior once they are actually in it. This is the mechanism behind the chapter's central claim: the values a reader states on ""a quiet Sunday afternoon"" are cold-state values, and the decision made under actual pressure is generated by a different, hot-state process that the cold-state self cannot fully predict or bind in advance.",FP-CH28-C002 | FP-CH28-C003,,,,,unreviewed
FP-S0127,FP-CH29,"Jeff Bezos banned PowerPoint from Amazon's senior executive meetings in 2004 and required six-page narrative memos instead, on the reasoning that, in his words, ""there is no way to write a six-page narratively structured memo and not have clear thinking."" The practice forces the writer to surface the actual options, evidence, and reasoning behind a decision rather than hiding weak logic behind bullet points. The chapter's decision memo elements (question, context, options, criteria, analysis, recommendation) are a personal-scale adaptation of the same discipline.",Jeff Bezos banned PowerPoint from Amazon's senior executive meetings in 2004 and required six-page narrative memos instead,,2004,,,unclassified,"no rule matched; classify on review (matched in the annotation, not the citation)",unclassified,direct,cited inline in the chapter draft as a footnote,"validates the chapter's structural claim that ""the memo forces the reader to articulate what the decision actually is, which is often unclear before the writing."" This is a well-documented organizational practice with a specific, quotable rationale (bullet points can hide weak thinking; full narrative prose cannot) that maps directly onto the chapter's decision-memo elements.","Jeff Bezos banned PowerPoint from Amazon's senior executive meetings in 2004 and required six-page narrative memos instead, on the reasoning that, in his words, ""there is no way to write a six-page narratively structured memo and not have clear thinking."" The practice forces the writer to surface the actual options, evidence, and reasoning behind a decision rather than hiding weak logic behind bullet points. The chapter's decision memo elements (question, context, options, criteria, analysis, recommendation) are a personal-scale adaptation of the same discipline.",FP-CH29-C002 | FP-CH29-C003,,FP-CH29-X05,,,unreviewed
FP-S0128,FP-CH30,"John P. Kotter, Leading Change (Boston: Harvard Business School Press, 1996). Kotter's eight-step model (urgency, coalition, vision, communication, removing obstacles, short-term wins, consolidating gains, anchoring the change) documents that organizational transformations fail predictably when they skip stages, particularly when leaders declare victory too early or fail to anchor the change in ongoing practice. The chapter's five-stage sequence (assessment, design, sequencing, execution, integration) applies the same discipline at personal scale, with ""integration"" doing the work Kotter's ""anchoring"" does at the organizational level.",John P. Kotter,Leading Change,1996,,,book,"Chicago-style (City: Publisher, Year) parenthetical",secondary (synthesis),direct,cited inline in the chapter draft as a footnote,"validates the chapter's five-stage reorganization sequence (assessment, design, sequencing, execution, integration) as consistent with the best-documented model of how deliberate transformation actually succeeds or fails at organizational scale. Kotter's finding that change efforts fail when leaders declare victory too early, without anchoring the change, directly supports the chapter's claim that ""the integration takes longer than the execution itself.""","John P. Kotter, Leading Change (Boston: Harvard Business School Press, 1996). Kotter's eight-step model (urgency, coalition, vision, communication, removing obstacles, short-term wins, consolidating gains, anchoring the change) documents that organizational transformations fail predictably when they skip stages, particularly when leaders declare victory too early or fail to anchor the change in ongoing practice. The chapter's five-stage sequence (assessment, design, sequencing, execution, integration) applies the same discipline at personal scale, with ""integration"" doing the work Kotter's ""anchoring"" does at the organizational level.",FP-CH30-C002 | FP-CH30-C003,,,,,unreviewed
FP-S0129,FP-CH31,"Nassim Nicholas Taleb, Antifragile: Things That Gain from Disorder (New York: Random House, 2012). Taleb distinguishes the fragile (breaks under stress), the robust (resists stress and stays the same), and the antifragile (improves because of stress). The integrated enterprise this chapter describes is explicitly built toward the antifragile category: the job loss, the diagnosis, the family crisis, and the opportunity are all treated as stress the structure is designed to absorb and, in the reorganization chapter's terms, sometimes grow stronger through, rather than merely survive.",Nassim Nicholas Taleb,Antifragile: Things That Gain from Disorder,2012,,,book,"Chicago-style (City: Publisher, Year) parenthetical",secondary (synthesis),direct,cited inline in the chapter draft as a footnote,"validates the chapter's closing claim about what ""the integrated enterprise can do that no component can do alone"" — the chapter's examples (job loss, diagnosis, family crisis, opportunity) are all framed as stress the structure absorbs, which is precisely Taleb's antifragile category (distinct from merely fragile or merely robust systems).","Nassim Nicholas Taleb, Antifragile: Things That Gain from Disorder (New York: Random House, 2012). Taleb distinguishes the fragile (breaks under stress), the robust (resists stress and stays the same), and the antifragile (improves because of stress). The integrated enterprise this chapter describes is explicitly built toward the antifragile category: the job loss, the diagnosis, the family crisis, and the opportunity are all treated as stress the structure is designed to absorb and, in the reorganization chapter's terms, sometimes grow stronger through, rather than merely survive.",FP-CH31-C002 | FP-CH31-C003,,,,,unreviewed
FP-S0130,FP-CH32,"Naomi Oreskes, Why Trust Science? (Princeton, NJ: Princeton University Press, 2019). Oreskes argues that scientific consensus earns trust not because individual scientists are infallible but because science is a collective, self-correcting enterprise verified through peer vetting across a community, which is a more reliable guide than any single study or political rhetoric. This grounds the chapter's specific instruction to defer to consensus ""in domains where deference is warranted"" while remaining willing to question it ""supported by the same disciplined methods that produced the consensus.""",Naomi Oreskes,Why Trust Science?,2019,,,book,"Chicago-style (City: Publisher, Year) parenthetical",secondary (synthesis),direct,cited inline in the chapter draft as a footnote,"validates the chapter's careful two-sided claim about consensus — that the reader should defer to it ""in domains where deference is warranted"" while remaining willing to question it ""supported by the same disciplined methods that produced the consensus."" Oreskes's argument for consensus-as-collective-verification, not consensus-as-authority, is exactly this balance.","Naomi Oreskes, Why Trust Science? (Princeton, NJ: Princeton University Press, 2019). Oreskes argues that scientific consensus earns trust not because individual scientists are infallible but because science is a collective, self-correcting enterprise verified through peer vetting across a community, which is a more reliable guide than any single study or political rhetoric. This grounds the chapter's specific instruction to defer to consensus ""in domains where deference is warranted"" while remaining willing to question it ""supported by the same disciplined methods that produced the consensus.""",FP-CH32-C002 | FP-CH32-C003,,,,,unreviewed
FP-S0131,FP-CH33,"B.F. Skinner and Charles Ferster's research on schedules of reinforcement established that variable-ratio schedules, where reward arrives after an unpredictable number of responses, produce the highest response rate and the strongest resistance to extinction of any reinforcement schedule tested. Skinner himself drew the direct comparison to gambling: a slot machine's unpredictable payout is the same mechanism engineered into a different device. The chapter's claim that intermittent reward is ""the same mechanism that produces gambling addiction"" is not a loose analogy but a description of the identical underlying schedule.",B.F,,,,,unclassified,"no rule matched; classify on review (matched in the annotation, not the citation)",unclassified,direct,cited inline in the chapter draft as a footnote,,"B.F. Skinner and Charles Ferster's research on schedules of reinforcement established that variable-ratio schedules, where reward arrives after an unpredictable number of responses, produce the highest response rate and the strongest resistance to extinction of any reinforcement schedule tested. Skinner himself drew the direct comparison to gambling: a slot machine's unpredictable payout is the same mechanism engineered into a different device. The chapter's claim that intermittent reward is ""the same mechanism that produces gambling addiction"" is not a loose analogy but a description of the identical underlying schedule.",FP-CH33-C002,,,,,unreviewed
FP-S0132,FP-CH33,"B.F. Skinner and Charles Ferster's research on schedules of reinforcement, foundational operant conditioning research (1950s), with Skinner's own explicit comparison to slot machines.",B.F. Skinner and Charles Ferster's research on schedules of reinforcement,"B.F. Skinner and Charles Ferster's research on schedules of reinforcement, foundational operant conditioning research (1950s), with Skinner's own explicit comparison to slot machines.",,,,institutional report or data,"institution keyword (matched in the annotation, not the citation)",primary research or data,corroborating,listed as a validating source in the Research Map; not cited inline,"validates the chapter's single most load-bearing mechanism claim — that ""intermittent reward"" is ""the same mechanism that produces gambling addiction,"" not a loose metaphor. This is precise: variable-ratio schedules produce the highest response rate and strongest resistance to extinction of any reinforcement schedule studied, which is the literal engineering behind both slot machines and social platform feeds.",,FP-CH33-C003,,FP-CH33-X06,,,unreviewed
FP-S0133,FP-CH34,"John Rawls, Political Liberalism (New York: Columbia University Press, 1993), and ""The Idea of Public Reason Revisited,"" University of Chicago Law Review 64, no. 3 (1997). Rawls's concept of public reason holds that in a pluralistic democracy, political arguments should be conducted in terms each citizen could reasonably accept regardless of their particular religious or comprehensive moral doctrine, using common sense, shared political values, and the noncontroversial results of science rather than premises only some citizens accept. The chapter's four premises (facts versus opinions, disagreement as normal, opponents as reasoning beings, one's own positions as revisable) are a practical, non-technical restatement of what Rawlsian public reason requires of a citizen.",John Rawls,Political Liberalism,1993,,,book,"Chicago-style (City: Publisher, Year) parenthetical",primary (the work being cited),direct,cited inline in the chapter draft as a footnote,"validates the chapter's entire ""What Public Reason Requires"" section as continuous with an established, serious tradition in political philosophy rather than an idiosyncratic house rule. The chapter's four premises (facts vs. opinions, disagreement as normal, opponents as reasoning beings, one's own positions as revisable) map closely onto what Rawlsian public reason asks of a citizen engaging political questions across deep disagreement.","John Rawls, Political Liberalism (New York: Columbia University Press, 1993), and ""The Idea of Public Reason Revisited,"" University of Chicago Law Review 64, no. 3 (1997). Rawls's concept of public reason holds that in a pluralistic democracy, political arguments should be conducted in terms each citizen could reasonably accept regardless of their particular religious or comprehensive moral doctrine, using common sense, shared political values, and the noncontroversial results of science rather than premises only some citizens accept. The chapter's four premises (facts versus opinions, disagreement as normal, opponents as reasoning beings, one's own positions as revisable) are a practical, non-technical restatement of what Rawlsian public reason requires of a citizen.",FP-CH34-C002 | FP-CH34-C003,,,,,unreviewed
FP-S0134,FP-CH35,"The Stony Brook University Center for News Literacy's curriculum trains critical thinking skills including distinguishing journalism from other information, news from opinion, assertion from verification, and evidence from inference, in order to help readers judge the reliability and credibility of what they encounter across media. The chapter's six questions are a personal, portable version of this same discipline, built to be applied in real time to any claim rather than only inside a classroom exercise.",The Stony Brook University Center for News Literacy's curriculum trains critical thinking skills including distinguishing journalism from other information,,,,,institutional report or data,institution keyword,primary research or data,direct,cited inline in the chapter draft as a footnote,"validates the chapter's six-question practice as consistent with an established, tested media-literacy pedagogy rather than an invented framework. The Rhetorical Points six questions (what is claimed, what evidence supports it, who benefits, what emotion is activated, what alternatives exist, what would change the reader's mind) extend the same underlying discipline into a format usable outside a classroom.","The Stony Brook University Center for News Literacy's curriculum trains critical thinking skills including distinguishing journalism from other information, news from opinion, assertion from verification, and evidence from inference, in order to help readers judge the reliability and credibility of what they encounter across media. The chapter's six questions are a personal, portable version of this same discipline, built to be applied in real time to any claim rather than only inside a classroom exercise.",FP-CH35-C002 | FP-CH35-C003,,FP-CH35-X01,,,unreviewed
FP-S0135,FP-CH36,"Eli Pariser, The Filter Bubble: How the New Personalized Web Is Changing What We Read and How We Think (New York: Penguin, 2011). Pariser documented that algorithmic personalization produces a unique informational universe for each user, one that increasingly withholds the information that would broaden the user's interests or challenge existing beliefs, in favor of content that confirms them. This is the mechanism behind the chapter's claim that ""citizens"" no longer share ""the same set of facts"" the way the previous generation's broadcast-era public did.",Eli Pariser,The Filter Bubble: How the New Personalized Web Is Changing What We Read and How We Think,2011,,,book,"Chicago-style (City: Publisher, Year) parenthetical",secondary (synthesis),direct,cited inline in the chapter draft as a footnote,"validates the chapter's claim that ""the previous generation... received roughly the same set of facts and disagreed about how to interpret them"" while ""the current environment has none of those features at scale."" Pariser's research is the foundational documentation of exactly this shift, from a shared informational environment to personalized, fragmented ones.","Eli Pariser, The Filter Bubble: How the New Personalized Web Is Changing What We Read and How We Think (New York: Penguin, 2011). Pariser documented that algorithmic personalization produces a unique informational universe for each user, one that increasingly withholds the information that would broaden the user's interests or challenge existing beliefs, in favor of content that confirms them. This is the mechanism behind the chapter's claim that ""citizens"" no longer share ""the same set of facts"" the way the previous generation's broadcast-era public did.",FP-CH36-C002 | FP-CH36-C003,,,,,unreviewed
FP-S0136,FP-CH37,"Robert Chesney and Danielle Citron coined the term ""liar's dividend"" to describe how the mere existence of convincing deepfakes lets bad-faith actors dismiss authentic evidence as fabricated, a dynamic already used in courtroom ""deepfake defenses"" against real audio and video evidence. See Bobby Chesney and Danielle Citron, ""Deep Fakes: A Looming Challenge for Privacy, Democracy, and National Security,"" California Law Review 107 (2019): 1753-1820. This is the specific mechanism behind the chapter's warning that the reader ""cannot rely on the volume of agreement"" or authenticity of content as evidence: synthetic media doesn't just create false content, it also erodes trust in genuine content by making denial newly plausible.","Robert Chesney and Danielle Citron coined the term ""liar's dividend"" to describe how the mere existence of convincing deepfakes lets bad-faith actors dismiss au",California Law Review,2019,,,journal article,"volume, page, or journal cue (matched in the annotation, not the citation)",primary research or data,direct,cited inline in the chapter draft as a footnote,"validates the chapter's specific, somewhat counterintuitive claim that the reader ""cannot rely on the volume of agreement around a claim as evidence"" — the liar's dividend concept explains the second-order damage of deepfakes (eroding trust in authentic media) that goes beyond the first-order damage (people believing fake content), which the chapter's ""What the Reader Cannot Do Anymore"" section is built around.","Robert Chesney and Danielle Citron coined the term ""liar's dividend"" to describe how the mere existence of convincing deepfakes lets bad-faith actors dismiss authentic evidence as fabricated, a dynamic already used in courtroom ""deepfake defenses"" against real audio and video evidence. See Bobby Chesney and Danielle Citron, ""Deep Fakes: A Looming Challenge for Privacy, Democracy, and National Security,"" California Law Review 107 (2019): 1753-1820. This is the specific mechanism behind the chapter's warning that the reader ""cannot rely on the volume of agreement"" or authenticity of content as evidence: synthetic media doesn't just create false content, it also erodes trust in genuine content by making denial newly plausible.",FP-CH37-C002 | FP-CH37-C003,,FP-CH37-X05,,,unreviewed
FP-S0137,FP-CH38,"Mark R. Leary et al., ""Cognitive and Interpersonal Features of Intellectual Humility,"" Personality and Social Psychology Bulletin 43, no. 6 (2017): 793-813. Leary's research team defines intellectual humility as recognizing that a particular belief may be fallible, with appropriate attentiveness to the limits of the evidence behind it and to one's own limits in gathering and evaluating information — and found that intellectually humble people were measurably better at distinguishing strong arguments from weak ones. This is the empirical basis for the chapter's definition and for its claim that humility is a practice that improves discernment rather than merely a virtue that constrains it.",Mark R. Leary et al,Personality and Social Psychology Bulletin,2017,,,journal article,"volume, page, or journal cue",primary (the work being cited),direct,cited inline in the chapter draft as a footnote,"validates both the chapter's definition of intellectual humility and its most important practical claim — that humility isn't merely a virtue but measurably improves the quality of the reasoner's judgment (better distinguishing strong from weak arguments), which supports the chapter's framing of humility as protecting rather than softening discernment.","Mark R. Leary et al., ""Cognitive and Interpersonal Features of Intellectual Humility,"" Personality and Social Psychology Bulletin 43, no. 6 (2017): 793-813. Leary's research team defines intellectual humility as recognizing that a particular belief may be fallible, with appropriate attentiveness to the limits of the evidence behind it and to one's own limits in gathering and evaluating information — and found that intellectually humble people were measurably better at distinguishing strong arguments from weak ones. This is the empirical basis for the chapter's definition and for its claim that humility is a practice that improves discernment rather than merely a virtue that constrains it.",FP-CH38-C002 | FP-CH38-C003,,,,,unreviewed
FP-S0138,FP-CH39,"Charles R. Figley, Compassion Fatigue: Coping with Secondary Traumatic Stress Disorder in Those Who Treat the Traumatized (New York: Brunner/Mazel, 1995). Figley documented compassion fatigue as a distinct, more serious condition than ordinary burnout, produced by sustained caregiving exposure to others' suffering, whether in professional caregivers or family members caring for a suffering loved one. The chapter's five self-erasure signatures describe this same trajectory at the level of everyday family and community contribution, not only clinical caregiving roles.",Charles R. Figley,Compassion Fatigue: Coping with Secondary Traumatic Stress Disorder in Those Who Treat the Traumatized,1995,,,book,"Chicago-style (City: Publisher, Year) parenthetical",secondary (synthesis),direct,cited inline in the chapter draft as a footnote,"validates the chapter's five self-erasure signatures as a recognized clinical trajectory rather than an impressionistic list. Figley's distinction between compassion fatigue and ordinary burnout (the former being more serious and harder to remedy) supports the chapter's claim that self-erasure in contribution is a real, specific failure mode, not just generic overwork.","Charles R. Figley, Compassion Fatigue: Coping with Secondary Traumatic Stress Disorder in Those Who Treat the Traumatized (New York: Brunner/Mazel, 1995). Figley documented compassion fatigue as a distinct, more serious condition than ordinary burnout, produced by sustained caregiving exposure to others' suffering, whether in professional caregivers or family members caring for a suffering loved one. The chapter's five self-erasure signatures describe this same trajectory at the level of everyday family and community contribution, not only clinical caregiving roles.",FP-CH39-C002 | FP-CH39-C003,,FP-CH39-X04,,,unreviewed
FP-S0139,FP-CH40,"Murray Bowen's multigenerational transmission process describes how differentiation of self, the capacity to hold one's own thoughts and emotions while staying connected to others, is passed down across generations through both conscious teaching and unconscious emotional programming. See the Bowen Center for the Study of the Family's documentation of the concept. The chapter's framing of the reader as ""steward"" rather than ""owner"" of family values and patterns reflects this same insight: the reader inherited a level of differentiation, is transmitting one, and has real but bounded influence over which patterns continue.",Murray Bowen's multigenerational transmission process describes how differentiation of self,,,,,unclassified,"no rule matched; classify on review (matched in the annotation, not the citation)",unclassified,direct,cited inline in the chapter draft as a footnote,"validates the chapter's central ""steward, not owner"" framing. Bowen's concept that differentiation of self is transmitted across generations through both explicit and unconscious channels supports the chapter's claim that the reader ""inherited"" values and patterns and is actively ""transmitting"" them, rather than simply choosing them fresh.","Murray Bowen's multigenerational transmission process describes how differentiation of self, the capacity to hold one's own thoughts and emotions while staying connected to others, is passed down across generations through both conscious teaching and unconscious emotional programming. See the Bowen Center for the Study of the Family's documentation of the concept. The chapter's framing of the reader as ""steward"" rather than ""owner"" of family values and patterns reflects this same insight: the reader inherited a level of differentiation, is transmitting one, and has real but bounded influence over which patterns continue.",FP-CH40-C002 | FP-CH40-C003,,FP-CH40-X01 | FP-CH40-X03 | FP-CH40-X04,,,unreviewed
FP-S0140,FP-CH41,"Robert D. Putnam, Bowling Alone: The Collapse and Revival of American Community (New York: Simon & Schuster, 2000). Drawing on roughly 500,000 interviews across a quarter-century, Putnam documented a sharp, sustained decline in American social capital since the 1960s and 1970s, measured through participation in formal organizations, informal social connectedness, and interpersonal trust. This is the empirical basis for the chapter's claim that ""the pluralism is also fragile"" and that most readers now belong to thin, sporadic communities rather than the thick, recurring ones Putnam's data shows earlier generations had.",Robert D. Putnam,Bowling Alone: The Collapse and Revival of American Community,2000,,,book,"Chicago-style (City: Publisher, Year) parenthetical",primary (the work being cited),direct,cited inline in the chapter draft as a footnote,"validates the chapter's claim that the community most readers now belong to is structurally different from the community ""the previous generation"" had — Putnam's quarter-century, roughly 500,000-interview dataset is the strongest available documentation of this shift, giving the chapter's ""thin communities vs. thick ones"" claim an empirical foundation rather than nostalgic assertion.","Robert D. Putnam, Bowling Alone: The Collapse and Revival of American Community (New York: Simon & Schuster, 2000). Drawing on roughly 500,000 interviews across a quarter-century, Putnam documented a sharp, sustained decline in American social capital since the 1960s and 1970s, measured through participation in formal organizations, informal social connectedness, and interpersonal trust. This is the empirical basis for the chapter's claim that ""the pluralism is also fragile"" and that most readers now belong to thin, sporadic communities rather than the thick, recurring ones Putnam's data shows earlier generations had.",FP-CH41-C002 | FP-CH41-C003,,FP-CH41-X01 | FP-CH41-X04,,,unreviewed
FP-S0141,FP-CH42,"Francis Fukuyama, Political Order and Political Decay: From the Industrial Revolution to the Globalization of Democracy (New York: Farrar, Straus and Giroux, 2014). Fukuyama identifies two specific mechanisms of institutional decay: institutional rigidity, where structures fail to evolve with changed conditions, and ""repatrimonialization,"" his term for the capture of ostensibly impersonal institutions by powerful elites for their own benefit. The chapter's list of characteristic institutional failures (capture, extraction, ossification, loss of legitimacy, deliberate weakening) tracks Fukuyama's framework closely, applied at the scale of the specific institutions you might actually contribute to rather than at the scale of nation-states.",Francis Fukuyama,Political Order and Political Decay: From the Industrial Revolution to the Globalization of Democracy,2014,,,book,"Chicago-style (City: Publisher, Year) parenthetical",primary (the work being cited),direct,cited inline in the chapter draft as a footnote,"validates the chapter's list of characteristic institutional failure modes (capture, extraction, ossification, loss of legitimacy, deliberate weakening) as a recognized pattern in political science and institutional theory, giving the chapter's diagnosis structural grounding rather than treating institutional failure as simply a list of bad outcomes.","Francis Fukuyama, Political Order and Political Decay: From the Industrial Revolution to the Globalization of Democracy (New York: Farrar, Straus and Giroux, 2014). Fukuyama identifies two specific mechanisms of institutional decay: institutional rigidity, where structures fail to evolve with changed conditions, and ""repatrimonialization,"" his term for the capture of ostensibly impersonal institutions by powerful elites for their own benefit. The chapter's list of characteristic institutional failures (capture, extraction, ossification, loss of legitimacy, deliberate weakening) tracks Fukuyama's framework closely, applied at the scale of the specific institutions you might actually contribute to rather than at the scale of nation-states.",FP-CH42-C002 | FP-CH42-C003,,FP-CH42-X02,,,unreviewed
FP-S0142,FP-CH43,"Robert K. Greenleaf, ""The Servant as Leader"" (1970), and Servant Leadership: A Journey into the Nature of Legitimate Power and Greatness (New York: Paulist Press, 1977). Greenleaf's framework holds that the servant-leader is servant first, motivated by the desire to serve before the desire to lead, and identifies stewardship, commitment to others' growth, and building community as core characteristics, distinct from leadership built on the accumulation of power. The chapter's account of what leadership specifically requires (absorbing conflict, distributing consequences, developing successors) describes the costs of exactly this servant-first posture, applied to the civic and institutional domains this book addresses.",Robert K. Greenleaf,Servant Leadership: A Journey into the Nature of Legitimate Power and Greatness,1970,,,book,"Chicago-style (City: Publisher, Year) parenthetical",primary (the work being cited),direct,cited inline in the chapter draft as a footnote,"validates the chapter's framing of what leadership specifically asks for, particularly the emphasis on stewardship, developing others, and building community as core to legitimate leadership rather than incidental to it. This supports the chapter's claim that leadership is a service-oriented role with real costs, not merely participation with more authority attached.","Robert K. Greenleaf, ""The Servant as Leader"" (1970), and Servant Leadership: A Journey into the Nature of Legitimate Power and Greatness (New York: Paulist Press, 1977). Greenleaf's framework holds that the servant-leader is servant first, motivated by the desire to serve before the desire to lead, and identifies stewardship, commitment to others' growth, and building community as core characteristics, distinct from leadership built on the accumulation of power. The chapter's account of what leadership specifically requires (absorbing conflict, distributing consequences, developing successors) describes the costs of exactly this servant-first posture, applied to the civic and institutional domains this book addresses.",FP-CH43-C002 | FP-CH43-C003,,FP-CH43-X02,,,unreviewed
FP-S0143,FP-CH44,"Erik Erikson identified generativity versus stagnation as the psychosocial task of middle adulthood: the drive to create or nurture what will outlast the self, through raising children, mentoring others, or contributing lasting work, against the alternative of stagnation and disconnection. Erikson associated this stage with the virtue of care, the capacity to nurture and contribute without expecting immediate personal return. The chapter's four legacy categories (relational, institutional, creative/intellectual, values) are a practical elaboration of what generative activity actually looks like across a lifetime, not only during Erikson's specific middle-adulthood window.",Erik Erikson identified generativity versus stagnation as the psychosocial task of middle adulthood: the drive to create or nurture what will outlast the self,,,,,unclassified,"no rule matched; classify on review (matched in the annotation, not the citation)",unclassified,direct,cited inline in the chapter draft as a footnote,"validates the chapter's central claim that legacy is ""active"" and ""practiced"" rather than a passive byproduct of a life well-lived. Erikson's stage theory, with its virtue of care (nurturing and contributing without expecting immediate return), grounds the chapter's four legacy categories (relational, institutional, creative/intellectual, values) as concrete expressions of generative activity.","Erik Erikson identified generativity versus stagnation as the psychosocial task of middle adulthood: the drive to create or nurture what will outlast the self, through raising children, mentoring others, or contributing lasting work, against the alternative of stagnation and disconnection. Erikson associated this stage with the virtue of care, the capacity to nurture and contribute without expecting immediate personal return. The chapter's four legacy categories (relational, institutional, creative/intellectual, values) are a practical elaboration of what generative activity actually looks like across a lifetime, not only during Erikson's specific middle-adulthood window.",FP-CH44-C002 | FP-CH44-C003,,FP-CH44-X02,,,unreviewed
FP-S0144,FP-CH45,"Aristotle's concept of eudaimonia, standardly translated as flourishing or living well, describes not a feeling of pleasure or contentment but an activity: the exercise of one's characteristic function well, guided by reason and virtues developed through habit and reflection over a lifetime. See Aristotle, Nicomachean Ethics, Books I and X. The chapter's definition of ""founded,"" a person standing on ground they have built and are actively maintaining rather than a fixed state of arrival, is continuous with this Aristotelian sense that flourishing is something a person does, across a life, not a condition a person simply has.",Aristotle's concept of eudaimonia,Nicomachean Ethics,,,,book or long-form work,"italic title only (matched in the annotation, not the citation)",primary (the work being cited),direct,cited inline in the chapter draft as a footnote,,"Aristotle's concept of eudaimonia, standardly translated as flourishing or living well, describes not a feeling of pleasure or contentment but an activity: the exercise of one's characteristic function well, guided by reason and virtues developed through habit and reflection over a lifetime. See Aristotle, Nicomachean Ethics, Books I and X. The chapter's definition of ""founded,"" a person standing on ground they have built and are actively maintaining rather than a fixed state of arrival, is continuous with this Aristotelian sense that flourishing is something a person does, across a life, not a condition a person simply has.",FP-CH45-C002,,,,,unreviewed
FP-S0145,FP-CH45,"*Aristotle, Nicomachean Ethics, Books I and X.*",Aristotle,"Aristotle,",,,,book or long-form work,italic title only,primary (the work being cited),corroborating,listed as a validating source in the Research Map; not cited inline,"validates the chapter's core definitional claim about what ""founded"" means — that it is ""not a posture"" but ""the texture of being,"" something practiced continuously rather than achieved once. Aristotle's eudaimonia is precisely this: an activity, not a feeling or a fixed state, which is the exact philosophical move the closing chapter makes with the word ""founded.""",,FP-CH45-C003,,,,,unreviewed
